stageid,traversedpath,accessmode,address1_composite,address1_addresstypecode,address1_county,address1_fax,address1_latitude,address1_longitude,address1_name,address1_postofficebox,address2_addresstypecode,address2_county,address2_fax,address2_latitude,address2_longitude,address2_name,address2_postofficebox,address2_telephone1,address2_telephone2,address2_telephone3,applicationid,applicationiduri,azureactivedirectoryobjectid,azuredeletedon,azurestate,address1_city,address1_country,defaultfilterspopulated,defaultodbfoldername,deletedstate,disabledreason,displayinserviceviews,personalemailaddress,isemailaddressapprovedbyo365admin,employeeid,entityimage,entityimageid,exchangerate,firstname,fullname,governmentid,homephone,importsequencenumber,incomingemaildeliverymethod,isintegrationuser,invitestatuscode,jobtitle,lastname,caltype,address1_telephone1,middlename,mobilealertemail,mobilephone,nickname,organizationid,address2_composite,address2_city,address2_country,address1_telephone2,address2_stateorprovince,address2_line1,address2_line2,address2_line3,address2_postalcode,outgoingemaildeliverymethod,address1_telephone3,passporthi,passportlo,photourl,preferredaddresscode,preferredemailcode,crf1d_preferredlanguage,preferredphonecode,internalemailaddress,emailrouteraccessapproval,processid,setupuser,salutation,sharepointemailaddress,skills,address1_stateorprovince,isdisabled,address1_line1,address1_line2,address1_line3,timezoneruleversionnumber,title,identityid,systemuserid,userlicensetype,islicensed,domainname,userpuid,issyncwithdirectory,utcconversiontimezonecode,versionnumber,windowsliveid,yammeremailaddress,yammeruserid,yomifirstname,yomifullname,yomilastname,yomimiddlename,address1_postalcode,businessunitid,calendarid,transactioncurrencyid,queueid,defaultmailbox,mobileofflineprofileid,positionid,territoryid,parentsystemuserid.azureactivedirectoryobjectid
,,Non-interactive,,Default Value,,,,,,,Default Value,,,,,,,,,,ef32e2a3-262a-44e5-a270-4dfb7b6d0bb2,,,,Exists,,,false,Dynamics365,Not deleted,,false,,false,,,,,#,# AIBuilderProd,,,,Microsoft Dynamics 365 for Outlook,false,Invitation Not Sent,,AIBuilderProd,Professional,,,,,,82bbde9a-ae14-4df1-854f-001bef30ee3f,,,,,,,,,,Microsoft Dynamics 365 for Outlook,,,,,Mailing Address,Default Value,,Main Phone,AIBuilderProd@onmicrosoft.com,Pending Approval,,false,,,,,false,,,,,,6,4ca2cacc-e5f7-eb11-94ee-0022481b485d,3,false,AIBuilderProd@onmicrosoft.com,,false,,4539603,AIBuilderProd@onmicrosoft.com,,,,# AIBuilderProd,,,,e4a22805-d5f7-eb11-94ee-0022481b485d,d7e05c85-cb17-4a98-8d22-a1059aabeddf,,51a2cacc-e5f7-eb11-94ee-0022481b485d,50a2cacc-e5f7-eb11-94ee-0022481b485d,,,,
,,Non-interactive,,Default Value,,,,,,,Default Value,,,,,,,,,,be5f0473-6b57-40f8-b0a9-b3054b41b99e,,,,Exists,,,false,Dynamics365,Not deleted,,false,,false,,,,,#,# AIBuilder_StructuredML_Prod_CDS,,,,Microsoft Dynamics 365 for Outlook,false,Invitation Not Sent,,AIBuilder_StructuredML_Prod_CDS,Professional,,,,,,82bbde9a-ae14-4df1-854f-001bef30ee3f,,,,,,,,,,Microsoft Dynamics 365 for Outlook,,,,,Mailing Address,Default Value,,Main Phone,AIBuilder_StructuredML_Prod_CDS@onmicrosoft.com,Pending Approval,,false,,,,,false,,,,,,7,56a2cacc-e5f7-eb11-94ee-0022481b485d,3,false,AIBuilder_StructuredML_Prod_CDS@onmicrosoft.com,,false,,4539599,AIBuilder_StructuredML_Prod_CDS@onmicrosoft.com,,,,# AIBuilder_StructuredML_Prod_CDS,,,,e4a22805-d5f7-eb11-94ee-0022481b485d,4c640fb0-8a0c-464b-9206-edbe927db573,,5ba2cacc-e5f7-eb11-94ee-0022481b485d,5aa2cacc-e5f7-eb11-94ee-0022481b485d,,,,
,,Non-interactive,,Default Value,,,,,,,Default Value,,,,,,,,,,aeb01831-b358-4750-92ce-722e4f3ea7e8,,,,Exists,,,false,Dynamics365,Not deleted,,false,,false,,,,,#,# BizQA,,,,Microsoft Dynamics 365 for Outlook,false,Invitation Not Sent,,BizQA,Professional,,,,,,82bbde9a-ae14-4df1-854f-001bef30ee3f,,,,,,,,,,Microsoft Dynamics 365 for Outlook,,,,,Mailing Address,Default Value,,Main Phone,BizQA@onmicrosoft.com,Pending Approval,,false,,,,,false,,,,,,31,579af018-f2f7-eb11-94ee-0022481b485d,3,false,BizQA@onmicrosoft.com,,false,,4398478,BizQA@onmicrosoft.com,,,,# BizQA,,,,e4a22805-d5f7-eb11-94ee-0022481b485d,e49033c6-11e9-4443-a4f7-71652ba13443,,5c9af018-f2f7-eb11-94ee-0022481b485d,5b9af018-f2f7-eb11-94ee-0022481b485d,,,,
,,Read-Write,,Default Value,,,,,,,Default Value,,,,,,,,,,,,a14b7b60-a51f-4c1e-8310-b7f1f77f219c,,Exists,,,false,Dynamics365,Not deleted,,false,,false,,,,,Leon,Leon Bidgway,,,,Server-Side Synchronization or Email Router,false,Invitation Not Sent,,Bidgway,Enterprise,,,,,,82bbde9a-ae14-4df1-854f-001bef30ee3f,,,,,,,,,,Server-Side Synchronization or Email Router,,,,,Mailing Address,Default Value,,Main Phone,Leon.Bidgway2@test.gov.wales,Pending Approval,,false,,,,,false,,,,,,43,1dbaa765-9d01-ec11-94ef-0022481b4f81,54,false,BidgwayL.A01@test.gov.wales,10030000A835C4B0,true,,4338624,BidgwayL.A01@test.gov.wales,,,,Leon Bidgway,,,,e4a22805-d5f7-eb11-94ee-0022481b485d,673ed19b-94c3-4b2c-ad6a-76987fb12e04,,24baa765-9d01-ec11-94ef-0022481b4f81,23baa765-9d01-ec11-94ef-0022481b4f81,,,,
,,Non-interactive,,Default Value,,,,,,,Default Value,,,,,,,,,,dad3c6de-ed58-42ef-989f-9c0303aaeedc,,,,Exists,,,false,Dynamics365,Not deleted,,false,,false,,,,,#,# PowerAutomate-ProcessMining,,,,Microsoft Dynamics 365 for Outlook,false,Invitation Not Sent,,PowerAutomate-ProcessMining,Professional,,,,,,82bbde9a-ae14-4df1-854f-001bef30ee3f,,,,,,,,,,Microsoft Dynamics 365 for Outlook,,,,,Mailing Address,Default Value,,Main Phone,PowerAutomate-ProcessMining@onmicrosoft.com,Pending Approval,,false,,,,,false,,,,,,32,426ca188-f2f7-eb11-94ee-0022481b485d,3,false,PowerAutomate-ProcessMining@onmicrosoft.com,,false,,4308999,PowerAutomate-ProcessMining@onmicrosoft.com,,,,# PowerAutomate-ProcessMining,,,,e4a22805-d5f7-eb11-94ee-0022481b485d,713f184a-f03b-4bbb-8e82-7a399cbe1feb,,476ca188-f2f7-eb11-94ee-0022481b485d,466ca188-f2f7-eb11-94ee-0022481b485d,,,,
,,Non-interactive,,Default Value,,,,,,,Default Value,,,,,,,,,,53ab501f-3793-448d-8c4e-cae80d89a8f3,,,,Exists,,,false,Dynamics365,Not deleted,,false,,false,,,,,#,# PowerAutomate-DesktopFlowRuntime,,,,Microsoft Dynamics 365 for Outlook,false,Invitation Not Sent,,PowerAutomate-DesktopFlowRuntime,Professional,,,,,,82bbde9a-ae14-4df1-854f-001bef30ee3f,,,,,,,,,,Microsoft Dynamics 365 for Outlook,,,,,Mailing Address,Default Value,English,Main Phone,PowerAutomate-DesktopFlowRuntime@onmicrosoft.com,Pending Approval,,false,,,,,false,,,,,,98,d56bc389-6cac-ec11-9841-0022481ac53b,3,false,PowerAutomate-DesktopFlowRuntime@onmicrosoft.com,,false,,4306672,PowerAutomate-DesktopFlowRuntime@onmicrosoft.com,,,,# PowerAutomate-DesktopFlowRuntime,,,,e4a22805-d5f7-eb11-94ee-0022481b485d,6677f3ff-faeb-4e41-8aca-89121a9b989e,,e46bc389-6cac-ec11-9841-0022481ac53b,de6bc389-6cac-ec11-9841-0022481ac53b,,,,
,,Non-interactive,,Default Value,,,,,,,Default Value,,,,,,,,,,51699864-8078-4c9e-a688-09a1db1b2e09,,,,Exists,,,false,Dynamics365,Not deleted,,false,,false,,,,,#,# PowerAutomate-MachineProvisioning,,,,Microsoft Dynamics 365 for Outlook,false,Invitation Not Sent,,PowerAutomate-MachineProvisioning,Professional,,,,,,82bbde9a-ae14-4df1-854f-001bef30ee3f,,,,,,,,,,Microsoft Dynamics 365 for Outlook,,,,,Mailing Address,Default Value,English,Main Phone,PowerAutomate-MachineProvisioning@onmicrosoft.com,Pending Approval,,false,,,,,false,,,,,,116,544a99b7-6acd-ec11-a7b6-000d3a86c0f7,3,false,PowerAutomate-MachineProvisioning@onmicrosoft.com,,false,,4306661,PowerAutomate-MachineProvisioning@onmicrosoft.com,,,,# PowerAutomate-MachineProvisioning,,,,e4a22805-d5f7-eb11-94ee-0022481b485d,e3cad417-19b2-4a7a-b047-c76af87822f5,,754a99b7-6acd-ec11-a7b6-000d3a86c0f7,644a99b7-6acd-ec11-a7b6-000d3a86c0f7,,,,
,,Non-interactive,,Default Value,,,,,,,Default Value,,,,,,,,,,5dd8e2c0-c583-4711-ba8f-d4fdb7ded207,,,,Exists,,,false,Dynamics365,Not deleted,,false,,false,,,,,#,# PowerAutomate-MachineManagementRelay,,,,Microsoft Dynamics 365 for Outlook,false,Invitation Not Sent,,PowerAutomate-MachineManagementRelay,Professional,,,,,,82bbde9a-ae14-4df1-854f-001bef30ee3f,,,,,,,,,,Microsoft Dynamics 365 for Outlook,,,,,Mailing Address,Default Value,,Main Phone,PowerAutomate-MachineManagementRelay@onmicrosoft.com,Pending Approval,,false,,,,,false,,,,,,5,1ed8e12e-e4f7-eb11-94ee-0022481b485d,3,false,PowerAutomate-MachineManagementRelay@onmicrosoft.com,,false,,4306637,PowerAutomate-MachineManagementRelay@onmicrosoft.com,,,,# PowerAutomate-MachineManagementRelay,,,,e4a22805-d5f7-eb11-94ee-0022481b485d,40d26fcd-84cb-4971-b0d7-e4d9bcc7adb7,,23d8e12e-e4f7-eb11-94ee-0022481b485d,22d8e12e-e4f7-eb11-94ee-0022481b485d,,,,
,,Non-interactive,,Default Value,,,,,,,Default Value,,,,,,,,,,539cea1d-ee00-437f-8189-421e05581f9e,,,,Exists,,,false,Dynamics365,Not deleted,,false,,false,,,,,#,# GlobalActiveMetricsMonitoringAlerting,,,,Microsoft Dynamics 365 for Outlook,false,Invitation Not Sent,,GlobalActiveMetricsMonitoringAlerting,Professional,,,,,,82bbde9a-ae14-4df1-854f-001bef30ee3f,,,,,,,,,,Microsoft Dynamics 365 for Outlook,,,,,Mailing Address,Default Value,English,Main Phone,GlobalActiveMetricsMonitoringAlerting@onmicrosoft.com,Pending Approval,,false,,,,,false,,,,,,99,34b1f470-02ae-ec11-9840-000d3a0cfdb8,3,false,GlobalActiveMetricsMonitoringAlerting@onmicrosoft.com,,false,,4119210,GlobalActiveMetricsMonitoringAlerting@onmicrosoft.com,,,,# GlobalActiveMetricsMonitoringAlerting,,,,e4a22805-d5f7-eb11-94ee-0022481b485d,88e81905-77d1-44f7-830b-2e578ff58ebd,,8cb1f470-02ae-ec11-9840-000d3a0cfdb8,61b1f470-02ae-ec11-9840-000d3a0cfdb8,,,,
,,Non-interactive,,Default Value,,,,,,,Default Value,,,,,,,,,,ab0fd681-e577-45e6-a68f-3c4d948a5ae2,,,,Exists,,,false,Dynamics365,Not deleted,,false,,false,,,,,#,# DataSyncService-KOR,,,,Microsoft Dynamics 365 for Outlook,false,Invitation Not Sent,,DataSyncService-KOR,Professional,,,,,,82bbde9a-ae14-4df1-854f-001bef30ee3f,,,,,,,,,,Microsoft Dynamics 365 for Outlook,,,,,Mailing Address,Default Value,English,Main Phone,DataSyncService-KOR@onmicrosoft.com,Pending Approval,,false,,,,,false,,,,,,89,0cc0a5d9-b12e-ec11-b6e6-000d3a87119c,3,false,DataSyncService-KOR@onmicrosoft.com,,false,,4119205,DataSyncService-KOR@onmicrosoft.com,,,,# DataSyncService-KOR,,,,e4a22805-d5f7-eb11-94ee-0022481b485d,991f0506-d534-4b9d-852b-e610001ff3cf,,20c0a5d9-b12e-ec11-b6e6-000d3a87119c,16c0a5d9-b12e-ec11-b6e6-000d3a87119c,,,,
,,Non-interactive,,Default Value,,,,,,,Default Value,,,,,,,,,,4bac8391-0d93-4131-8103-6a816726a4f1,,,,Exists,,,false,Dynamics365,Not deleted,,false,,false,,,,,#,# DataSyncService-NOR,,,,Microsoft Dynamics 365 for Outlook,false,Invitation Not Sent,,DataSyncService-NOR,Professional,,,,,,82bbde9a-ae14-4df1-854f-001bef30ee3f,,,,,,,,,,Microsoft Dynamics 365 for Outlook,,,,,Mailing Address,Default Value,English,Main Phone,DataSyncService-NOR@onmicrosoft.com,Pending Approval,,false,,,,,false,,,,,,88,e8bfa5d9-b12e-ec11-b6e6-000d3a87119c,3,false,DataSyncService-NOR@onmicrosoft.com,,false,,4119200,DataSyncService-NOR@onmicrosoft.com,,,,# DataSyncService-NOR,,,,e4a22805-d5f7-eb11-94ee-0022481b485d,ebd1310d-5d5a-42af-835e-06c8de6d8727,,f6bfa5d9-b12e-ec11-b6e6-000d3a87119c,f3bfa5d9-b12e-ec11-b6e6-000d3a87119c,,,,
,,Non-interactive,,Default Value,,,,,,,Default Value,,,,,,,,,,06dd99d8-4bb3-4be2-bd41-ea7d90bbb66f,,,,Exists,,,false,Dynamics365,Not deleted,,false,,false,,,,,#,# DataSyncService-CHE,,,,Microsoft Dynamics 365 for Outlook,false,Invitation Not Sent,,DataSyncService-CHE,Professional,,,,,,82bbde9a-ae14-4df1-854f-001bef30ee3f,,,,,,,,,,Microsoft Dynamics 365 for Outlook,,,,,Mailing Address,Default Value,English,Main Phone,DataSyncService-CHE@onmicrosoft.com,Pending Approval,,false,,,,,false,,,,,,87,b8bfa5d9-b12e-ec11-b6e6-000d3a87119c,3,false,DataSyncService-CHE@onmicrosoft.com,,false,,4119195,DataSyncService-CHE@onmicrosoft.com,,,,# DataSyncService-CHE,,,,e4a22805-d5f7-eb11-94ee-0022481b485d,217df9a3-1dda-45e1-b278-702efe9b042b,,d3bfa5d9-b12e-ec11-b6e6-000d3a87119c,c8bfa5d9-b12e-ec11-b6e6-000d3a87119c,,,,
,,Non-interactive,,Default Value,,,,,,,Default Value,,,,,,,,,,e6e54007-8ccf-4333-8702-339919243c9c,,,,Exists,,,false,Dynamics365,Not deleted,,false,,false,,,,,#,# DataSyncService-IND-UAE-ZAF,,,,Microsoft Dynamics 365 for Outlook,false,Invitation Not Sent,,DataSyncService-IND-UAE-ZAF,Professional,,,,,,82bbde9a-ae14-4df1-854f-001bef30ee3f,,,,,,,,,,Microsoft Dynamics 365 for Outlook,,,,,Mailing Address,Default Value,English,Main Phone,DataSyncService-IND-UAE-ZAF@onmicrosoft.com,Pending Approval,,false,,,,,false,,,,,,86,9abfa5d9-b12e-ec11-b6e6-000d3a87119c,3,false,DataSyncService-IND-UAE-ZAF@onmicrosoft.com,,false,,4119190,DataSyncService-IND-UAE-ZAF@onmicrosoft.com,,,,# DataSyncService-IND-UAE-ZAF,,,,e4a22805-d5f7-eb11-94ee-0022481b485d,aef83edc-2cf5-4a23-bd30-27782b8449af,,a7bfa5d9-b12e-ec11-b6e6-000d3a87119c,a1bfa5d9-b12e-ec11-b6e6-000d3a87119c,,,,
,,Non-interactive,,Default Value,,,,,,,Default Value,,,,,,,,,,998ee914-eed7-42c2-b235-99056a1e8cd9,,,,Exists,,,false,Dynamics365,Not deleted,,false,,false,,,,,#,# DataSyncService-CAN,,,,Microsoft Dynamics 365 for Outlook,false,Invitation Not Sent,,DataSyncService-CAN,Professional,,,,,,82bbde9a-ae14-4df1-854f-001bef30ee3f,,,,,,,,,,Microsoft Dynamics 365 for Outlook,,,,,Mailing Address,Default Value,English,Main Phone,DataSyncService-CAN@onmicrosoft.com,Pending Approval,,false,,,,,false,,,,,,85,7bbfa5d9-b12e-ec11-b6e6-000d3a87119c,3,false,DataSyncService-CAN@onmicrosoft.com,,false,,4119185,DataSyncService-CAN@onmicrosoft.com,,,,# DataSyncService-CAN,,,,e4a22805-d5f7-eb11-94ee-0022481b485d,6626e2b1-7879-4da8-8334-65ea3515fce2,,86bfa5d9-b12e-ec11-b6e6-000d3a87119c,82bfa5d9-b12e-ec11-b6e6-000d3a87119c,,,,
,,Non-interactive,,Default Value,,,,,,,Default Value,,,,,,,,,,0923d34c-9090-4013-a1e6-bdc0b40297ea,,,,Exists,,,false,Dynamics365,Not deleted,,false,,false,,,,,#,# DataSyncService-OCE,,,,Microsoft Dynamics 365 for Outlook,false,Invitation Not Sent,,DataSyncService-OCE,Professional,,,,,,82bbde9a-ae14-4df1-854f-001bef30ee3f,,,,,,,,,,Microsoft Dynamics 365 for Outlook,,,,,Mailing Address,Default Value,English,Main Phone,DataSyncService-OCE@onmicrosoft.com,Pending Approval,,false,,,,,false,,,,,,84,52bfa5d9-b12e-ec11-b6e6-000d3a87119c,3,false,DataSyncService-OCE@onmicrosoft.com,,false,,4119180,DataSyncService-OCE@onmicrosoft.com,,,,# DataSyncService-OCE,,,,e4a22805-d5f7-eb11-94ee-0022481b485d,95fc8189-4d47-45e1-91ac-2fb134da0ff3,,63bfa5d9-b12e-ec11-b6e6-000d3a87119c,5dbfa5d9-b12e-ec11-b6e6-000d3a87119c,,,,
,,Non-interactive,,Default Value,,,,,,,Default Value,,,,,,,,,,bcf29efb-c7be-4be9-8d6a-bf584b04ae11,,,,Exists,,,false,Dynamics365,Not deleted,,false,,false,,,,,#,# DataSyncService-JPN,,,,Microsoft Dynamics 365 for Outlook,false,Invitation Not Sent,,DataSyncService-JPN,Professional,,,,,,82bbde9a-ae14-4df1-854f-001bef30ee3f,,,,,,,,,,Microsoft Dynamics 365 for Outlook,,,,,Mailing Address,Default Value,English,Main Phone,DataSyncService-JPN@onmicrosoft.com,Pending Approval,,false,,,,,false,,,,,,83,37bfa5d9-b12e-ec11-b6e6-000d3a87119c,3,false,DataSyncService-JPN@onmicrosoft.com,,false,,4119175,DataSyncService-JPN@onmicrosoft.com,,,,# DataSyncService-JPN,,,,e4a22805-d5f7-eb11-94ee-0022481b485d,631e37fe-0e75-4692-a17d-16f5345aab4b,,45bfa5d9-b12e-ec11-b6e6-000d3a87119c,40bfa5d9-b12e-ec11-b6e6-000d3a87119c,,,,
,,Non-interactive,,Default Value,,,,,,,Default Value,,,,,,,,,,71702cdd-7db9-4393-9112-66d67bbaad81,,,,Exists,,,false,Dynamics365,Not deleted,,false,,false,,,,,#,# DataSyncService-SAM,,,,Microsoft Dynamics 365 for Outlook,false,Invitation Not Sent,,DataSyncService-SAM,Professional,,,,,,82bbde9a-ae14-4df1-854f-001bef30ee3f,,,,,,,,,,Microsoft Dynamics 365 for Outlook,,,,,Mailing Address,Default Value,English,Main Phone,DataSyncService-SAM@onmicrosoft.com,Pending Approval,,false,,,,,false,,,,,,82,1cbfa5d9-b12e-ec11-b6e6-000d3a87119c,3,false,DataSyncService-SAM@onmicrosoft.com,,false,,4119170,DataSyncService-SAM@onmicrosoft.com,,,,# DataSyncService-SAM,,,,e4a22805-d5f7-eb11-94ee-0022481b485d,1b57f628-2746-4cf8-9301-f32f4b0e0fea,,26bfa5d9-b12e-ec11-b6e6-000d3a87119c,22bfa5d9-b12e-ec11-b6e6-000d3a87119c,,,,
,,Non-interactive,,Default Value,,,,,,,Default Value,,,,,,,,,,babc3507-b8d0-4675-82bf-48503fe799cc,,,,Exists,,,false,Dynamics365,Not deleted,,false,,false,,,,,#,# DataSyncService-APJ,,,,Microsoft Dynamics 365 for Outlook,false,Invitation Not Sent,,DataSyncService-APJ,Professional,,,,,,82bbde9a-ae14-4df1-854f-001bef30ee3f,,,,,,,,,,Microsoft Dynamics 365 for Outlook,,,,,Mailing Address,Default Value,English,Main Phone,DataSyncService-APJ@onmicrosoft.com,Pending Approval,,false,,,,,false,,,,,,81,febea5d9-b12e-ec11-b6e6-000d3a87119c,3,false,DataSyncService-APJ@onmicrosoft.com,,false,,4119165,DataSyncService-APJ@onmicrosoft.com,,,,# DataSyncService-APJ,,,,e4a22805-d5f7-eb11-94ee-0022481b485d,bdcc6c3a-56cf-4f4b-9e3c-4c3f8f8b3b8a,,09bfa5d9-b12e-ec11-b6e6-000d3a87119c,04bfa5d9-b12e-ec11-b6e6-000d3a87119c,,,,
,,Non-interactive,,Default Value,,,,,,,Default Value,,,,,,,,,,b509b65b-fced-4fca-ab6b-d4802a571f7e,,,,Exists,,,false,Dynamics365,Not deleted,,false,,false,,,,,#,# DataSyncService-EMEA-FRA-GBR-GER,,,,Microsoft Dynamics 365 for Outlook,false,Invitation Not Sent,,DataSyncService-EMEA-FRA-GBR-GER,Professional,,,,,,82bbde9a-ae14-4df1-854f-001bef30ee3f,,,,,,,,,,Microsoft Dynamics 365 for Outlook,,,,,Mailing Address,Default Value,English,Main Phone,DataSyncService-EMEA-FRA-GBR-GER@onmicrosoft.com,Pending Approval,,false,,,,,false,,,,,,80,e0bea5d9-b12e-ec11-b6e6-000d3a87119c,3,false,DataSyncService-EMEA-FRA-GBR-GER@onmicrosoft.com,,false,,4119160,DataSyncService-EMEA-FRA-GBR-GER@onmicrosoft.com,,,,# DataSyncService-EMEA-FRA-GBR-GER,,,,e4a22805-d5f7-eb11-94ee-0022481b485d,15378753-3241-4da7-b8df-d983630a4bdc,,eebea5d9-b12e-ec11-b6e6-000d3a87119c,ebbea5d9-b12e-ec11-b6e6-000d3a87119c,,,,
,,Non-interactive,,Default Value,,,,,,,Default Value,,,,,,,,,,d4121b85-e1a0-4606-91c0-9f3ad0513296,,,,Exists,,,false,Dynamics365,Not deleted,,false,,false,,,,,#,# DataSyncService-NAM,,,,Microsoft Dynamics 365 for Outlook,false,Invitation Not Sent,,DataSyncService-NAM,Professional,,,,,,82bbde9a-ae14-4df1-854f-001bef30ee3f,,,,,,,,,,Microsoft Dynamics 365 for Outlook,,,,,Mailing Address,Default Value,English,Main Phone,DataSyncService-NAM@onmicrosoft.com,Pending Approval,,false,,,,,false,,,,,,79,c0bea5d9-b12e-ec11-b6e6-000d3a87119c,3,false,DataSyncService-NAM@onmicrosoft.com,,false,,4119155,DataSyncService-NAM@onmicrosoft.com,,,,# DataSyncService-NAM,,,,e4a22805-d5f7-eb11-94ee-0022481b485d,1c76ba96-3aaa-470d-8a04-e65f9a09b0e2,,cdbea5d9-b12e-ec11-b6e6-000d3a87119c,cabea5d9-b12e-ec11-b6e6-000d3a87119c,,,,
,,Non-interactive,,Default Value,,,,,,,Default Value,,,,,,,,,,428e1d8d-5724-44ff-a6ea-2e03021ba87d,,,,Exists,,,false,Dynamics365,Not deleted,,false,,false,,,,,#,# DataSyncFramework-KOR,,,,Microsoft Dynamics 365 for Outlook,false,Invitation Not Sent,,DataSyncFramework-KOR,Professional,,,,,,82bbde9a-ae14-4df1-854f-001bef30ee3f,,,,,,,,,,Microsoft Dynamics 365 for Outlook,,,,,Mailing Address,Default Value,English,Main Phone,DataSyncFramework-KOR@onmicrosoft.com,Pending Approval,,false,,,,,false,,,,,,78,aabea5d9-b12e-ec11-b6e6-000d3a87119c,3,false,DataSyncFramework-KOR@onmicrosoft.com,,false,,4119150,DataSyncFramework-KOR@onmicrosoft.com,,,,# DataSyncFramework-KOR,,,,e4a22805-d5f7-eb11-94ee-0022481b485d,6faedf8a-06dc-4189-bb98-0ef83895e855,,b4bea5d9-b12e-ec11-b6e6-000d3a87119c,b2bea5d9-b12e-ec11-b6e6-000d3a87119c,,,,
,,Non-interactive,,Default Value,,,,,,,Default Value,,,,,,,,,,f2851b16-ed8b-4d67-a521-c0031a53623a,,,,Exists,,,false,Dynamics365,Not deleted,,false,,false,,,,,#,# DataSyncFramework-NOR,,,,Microsoft Dynamics 365 for Outlook,false,Invitation Not Sent,,DataSyncFramework-NOR,Professional,,,,,,82bbde9a-ae14-4df1-854f-001bef30ee3f,,,,,,,,,,Microsoft Dynamics 365 for Outlook,,,,,Mailing Address,Default Value,English,Main Phone,DataSyncFramework-NOR@onmicrosoft.com,Pending Approval,,false,,,,,false,,,,,,77,8ebea5d9-b12e-ec11-b6e6-000d3a87119c,3,false,DataSyncFramework-NOR@onmicrosoft.com,,false,,4119145,DataSyncFramework-NOR@onmicrosoft.com,,,,# DataSyncFramework-NOR,,,,e4a22805-d5f7-eb11-94ee-0022481b485d,beefe7d0-2132-4aeb-ba84-f80eb6651929,,98bea5d9-b12e-ec11-b6e6-000d3a87119c,96bea5d9-b12e-ec11-b6e6-000d3a87119c,,,,
,,Non-interactive,,Default Value,,,,,,,Default Value,,,,,,,,,,16a2f0d9-0bea-4cbd-b847-d16cd6e75f5b,,,,Exists,,,false,Dynamics365,Not deleted,,false,,false,,,,,#,# DataSyncFramework-CHE,,,,Microsoft Dynamics 365 for Outlook,false,Invitation Not Sent,,DataSyncFramework-CHE,Professional,,,,,,82bbde9a-ae14-4df1-854f-001bef30ee3f,,,,,,,,,,Microsoft Dynamics 365 for Outlook,,,,,Mailing Address,Default Value,English,Main Phone,DataSyncFramework-CHE@onmicrosoft.com,Pending Approval,,false,,,,,false,,,,,,76,72bea5d9-b12e-ec11-b6e6-000d3a87119c,3,false,DataSyncFramework-CHE@onmicrosoft.com,,false,,4119140,DataSyncFramework-CHE@onmicrosoft.com,,,,# DataSyncFramework-CHE,,,,e4a22805-d5f7-eb11-94ee-0022481b485d,39c8d84e-20dc-4779-8749-80a41b7bf042,,7abea5d9-b12e-ec11-b6e6-000d3a87119c,78bea5d9-b12e-ec11-b6e6-000d3a87119c,,,,
,,Non-interactive,,Default Value,,,,,,,Default Value,,,,,,,,,,c3357a20-2a2b-4453-9c36-bde9504fedcb,,,,Exists,,,false,Dynamics365,Not deleted,,false,,false,,,,,#,# DataSyncFramework-IND-UAE-ZAF,,,,Microsoft Dynamics 365 for Outlook,false,Invitation Not Sent,,DataSyncFramework-IND-UAE-ZAF,Professional,,,,,,82bbde9a-ae14-4df1-854f-001bef30ee3f,,,,,,,,,,Microsoft Dynamics 365 for Outlook,,,,,Mailing Address,Default Value,English,Main Phone,DataSyncFramework-IND-UAE-ZAF@onmicrosoft.com,Pending Approval,,false,,,,,false,,,,,,75,54bea5d9-b12e-ec11-b6e6-000d3a87119c,3,false,DataSyncFramework-IND-UAE-ZAF@onmicrosoft.com,,false,,4119135,DataSyncFramework-IND-UAE-ZAF@onmicrosoft.com,,,,# DataSyncFramework-IND-UAE-ZAF,,,,e4a22805-d5f7-eb11-94ee-0022481b485d,ea443097-46ce-4631-bae1-ca06b51c0871,,63bea5d9-b12e-ec11-b6e6-000d3a87119c,5cbea5d9-b12e-ec11-b6e6-000d3a87119c,,,,
,,Non-interactive,,Default Value,,,,,,,Default Value,,,,,,,,,,78f6a875-fef6-49ed-a504-b38bcfb510b4,,,,Exists,,,false,Dynamics365,Not deleted,,false,,false,,,,,#,# DataSyncFramework-CAN,,,,Microsoft Dynamics 365 for Outlook,false,Invitation Not Sent,,DataSyncFramework-CAN,Professional,,,,,,82bbde9a-ae14-4df1-854f-001bef30ee3f,,,,,,,,,,Microsoft Dynamics 365 for Outlook,,,,,Mailing Address,Default Value,English,Main Phone,DataSyncFramework-CAN@onmicrosoft.com,Pending Approval,,false,,,,,false,,,,,,74,3ebea5d9-b12e-ec11-b6e6-000d3a87119c,3,false,DataSyncFramework-CAN@onmicrosoft.com,,false,,4119130,DataSyncFramework-CAN@onmicrosoft.com,,,,# DataSyncFramework-CAN,,,,e4a22805-d5f7-eb11-94ee-0022481b485d,be2bf9f9-2ac7-4a1f-a25a-3892b3c4e56f,,4abea5d9-b12e-ec11-b6e6-000d3a87119c,47bea5d9-b12e-ec11-b6e6-000d3a87119c,,,,
,,Non-interactive,,Default Value,,,,,,,Default Value,,,,,,,,,,7c7fb27f-9d49-4b02-995d-3337bbe02c97,,,,Exists,,,false,Dynamics365,Not deleted,,false,,false,,,,,#,# DataSyncFramework-OCE,,,,Microsoft Dynamics 365 for Outlook,false,Invitation Not Sent,,DataSyncFramework-OCE,Professional,,,,,,82bbde9a-ae14-4df1-854f-001bef30ee3f,,,,,,,,,,Microsoft Dynamics 365 for Outlook,,,,,Mailing Address,Default Value,English,Main Phone,DataSyncFramework-OCE@onmicrosoft.com,Pending Approval,,false,,,,,false,,,,,,73,25bea5d9-b12e-ec11-b6e6-000d3a87119c,3,false,DataSyncFramework-OCE@onmicrosoft.com,,false,,4119125,DataSyncFramework-OCE@onmicrosoft.com,,,,# DataSyncFramework-OCE,,,,e4a22805-d5f7-eb11-94ee-0022481b485d,3c215fcf-c0ec-4665-988f-919d2bba2c9c,,2cbea5d9-b12e-ec11-b6e6-000d3a87119c,2bbea5d9-b12e-ec11-b6e6-000d3a87119c,,,,
,,Non-interactive,,Default Value,,,,,,,Default Value,,,,,,,,,,3adc5a17-683e-427b-be42-c53854d16cea,,,,Exists,,,false,Dynamics365,Not deleted,,false,,false,,,,,#,# DataSyncFramework-JPN,,,,Microsoft Dynamics 365 for Outlook,false,Invitation Not Sent,,DataSyncFramework-JPN,Professional,,,,,,82bbde9a-ae14-4df1-854f-001bef30ee3f,,,,,,,,,,Microsoft Dynamics 365 for Outlook,,,,,Mailing Address,Default Value,English,Main Phone,DataSyncFramework-JPN@onmicrosoft.com,Pending Approval,,false,,,,,false,,,,,,72,09bea5d9-b12e-ec11-b6e6-000d3a87119c,3,false,DataSyncFramework-JPN@onmicrosoft.com,,false,,4119120,DataSyncFramework-JPN@onmicrosoft.com,,,,# DataSyncFramework-JPN,,,,e4a22805-d5f7-eb11-94ee-0022481b485d,b35530de-87ab-451c-9e72-f78818ceba7f,,14bea5d9-b12e-ec11-b6e6-000d3a87119c,10bea5d9-b12e-ec11-b6e6-000d3a87119c,,,,
,,Non-interactive,,Default Value,,,,,,,Default Value,,,,,,,,,,65b3a33d-a83d-4867-9eee-8de1ed5f4afe,,,,Exists,,,false,Dynamics365,Not deleted,,false,,false,,,,,#,# DataSyncFramework-SAM,,,,Microsoft Dynamics 365 for Outlook,false,Invitation Not Sent,,DataSyncFramework-SAM,Professional,,,,,,82bbde9a-ae14-4df1-854f-001bef30ee3f,,,,,,,,,,Microsoft Dynamics 365 for Outlook,,,,,Mailing Address,Default Value,English,Main Phone,DataSyncFramework-SAM@onmicrosoft.com,Pending Approval,,false,,,,,false,,,,,,71,eebda5d9-b12e-ec11-b6e6-000d3a87119c,3,false,DataSyncFramework-SAM@onmicrosoft.com,,false,,4119115,DataSyncFramework-SAM@onmicrosoft.com,,,,# DataSyncFramework-SAM,,,,e4a22805-d5f7-eb11-94ee-0022481b485d,59f89d21-41c4-4599-a0f6-399532117004,,fabda5d9-b12e-ec11-b6e6-000d3a87119c,f3bda5d9-b12e-ec11-b6e6-000d3a87119c,,,,
,,Non-interactive,,Default Value,,,,,,,Default Value,,,,,,,,,,a4cc9e72-f218-4f77-b329-4b7f68ecc625,,,,Exists,,,false,Dynamics365,Not deleted,,false,,false,,,,,#,# DataSyncFramework-APJ,,,,Microsoft Dynamics 365 for Outlook,false,Invitation Not Sent,,DataSyncFramework-APJ,Professional,,,,,,82bbde9a-ae14-4df1-854f-001bef30ee3f,,,,,,,,,,Microsoft Dynamics 365 for Outlook,,,,,Mailing Address,Default Value,English,Main Phone,DataSyncFramework-APJ@onmicrosoft.com,Pending Approval,,false,,,,,false,,,,,,70,d3bda5d9-b12e-ec11-b6e6-000d3a87119c,3,false,DataSyncFramework-APJ@onmicrosoft.com,,false,,4119110,DataSyncFramework-APJ@onmicrosoft.com,,,,# DataSyncFramework-APJ,,,,e4a22805-d5f7-eb11-94ee-0022481b485d,818e8819-8bb5-4ef4-9b8d-7f75dad76e9f,,e0bda5d9-b12e-ec11-b6e6-000d3a87119c,ddbda5d9-b12e-ec11-b6e6-000d3a87119c,,,,
,,Non-interactive,,Default Value,,,,,,,Default Value,,,,,,,,,,9357c0fc-7ead-4bc5-9657-a3136481d220,,,,Exists,,,false,Dynamics365,Not deleted,,false,,false,,,,,#,# DataSyncFramework-EMEA-FRA-GBR-GER,,,,Microsoft Dynamics 365 for Outlook,false,Invitation Not Sent,,DataSyncFramework-EMEA-FRA-GBR-GER,Professional,,,,,,82bbde9a-ae14-4df1-854f-001bef30ee3f,,,,,,,,,,Microsoft Dynamics 365 for Outlook,,,,,Mailing Address,Default Value,English,Main Phone,DataSyncFramework-EMEA-FRA-GBR-GER@onmicrosoft.com,Pending Approval,,false,,,,,false,,,,,,69,6416abd3-b12e-ec11-b6e6-000d3a87119c,3,false,DataSyncFramework-EMEA-FRA-GBR-GER@onmicrosoft.com,,false,,4119105,DataSyncFramework-EMEA-FRA-GBR-GER@onmicrosoft.com,,,,# DataSyncFramework-EMEA-FRA-GBR-GER,,,,e4a22805-d5f7-eb11-94ee-0022481b485d,1cb5f68e-8820-4467-9782-531fb7bd0e55,,c3bda5d9-b12e-ec11-b6e6-000d3a87119c,c1bda5d9-b12e-ec11-b6e6-000d3a87119c,,,,
,,Non-interactive,,Default Value,,,,,,,Default Value,,,,,,,,,,7a575ec8-8d12-42eb-9edc-b93f3aa92c48,,,,Exists,,,false,Dynamics365,Not deleted,,false,,false,,,,,#,# DataSyncFramework-NAM,,,,Microsoft Dynamics 365 for Outlook,false,Invitation Not Sent,,DataSyncFramework-NAM,Professional,,,,,,82bbde9a-ae14-4df1-854f-001bef30ee3f,,,,,,,,,,Microsoft Dynamics 365 for Outlook,,,,,Mailing Address,Default Value,English,Main Phone,DataSyncFramework-NAM@onmicrosoft.com,Pending Approval,,false,,,,,false,,,,,,68,fe15abd3-b12e-ec11-b6e6-000d3a87119c,3,false,DataSyncFramework-NAM@onmicrosoft.com,,false,,4119100,DataSyncFramework-NAM@onmicrosoft.com,,,,# DataSyncFramework-NAM,,,,e4a22805-d5f7-eb11-94ee-0022481b485d,665db211-52cf-499e-811c-e5f609d28ddb,,2f16abd3-b12e-ec11-b6e6-000d3a87119c,1716abd3-b12e-ec11-b6e6-000d3a87119c,,,,
,,Non-interactive,,Default Value,,,,,,,Default Value,,,,,,,,,,c5eab488-a722-4b91-98d7-b3f3f2fca099,,,,Exists,,,false,Dynamics365,Not deleted,,false,,false,,,,,#,# Deflection,,,,Microsoft Dynamics 365 for Outlook,false,Invitation Not Sent,,Deflection,Professional,,,,,,82bbde9a-ae14-4df1-854f-001bef30ee3f,,,,,,,,,,Microsoft Dynamics 365 for Outlook,,,,,Mailing Address,Default Value,English,Main Phone,Deflection@onmicrosoft.com,Pending Approval,,false,,,,,false,,,,,,67,05e77fba-b023-ec11-b6e6-00224800d923,3,false,Deflection@onmicrosoft.com,,false,,4119095,Deflection@onmicrosoft.com,,,,# Deflection,,,,e4a22805-d5f7-eb11-94ee-0022481b485d,005d0d19-647d-44e5-a028-a2689f73a27d,,521884c0-b023-ec11-b6e6-00224800d923,501884c0-b023-ec11-b6e6-00224800d923,,,,
,,Non-interactive,,Default Value,,,,,,,Default Value,,,,,,,,,,fbfc635b-88c9-40c7-8f58-a64cc69c8c8f,,,,Exists,,,false,Dynamics365,Not deleted,,false,,false,,,,,#,# DataServices,,,,Microsoft Dynamics 365 for Outlook,false,Invitation Not Sent,,DataServices,Professional,,,,,,82bbde9a-ae14-4df1-854f-001bef30ee3f,,,,,,,,,,Microsoft Dynamics 365 for Outlook,,,,,Mailing Address,Default Value,,Main Phone,DataServices@onmicrosoft.com,Pending Approval,,false,,,,,false,,,,,,30,0cd93ef0-f0f7-eb11-94ee-0022481b485d,3,false,DataServices@onmicrosoft.com,,false,,4119090,DataServices@onmicrosoft.com,,,,# DataServices,,,,e4a22805-d5f7-eb11-94ee-0022481b485d,df4b902d-54a7-4b79-b4e8-7f6beb12b521,,11d93ef0-f0f7-eb11-94ee-0022481b485d,10d93ef0-f0f7-eb11-94ee-0022481b485d,,,,
,,Non-interactive,,Default Value,,,,,,,Default Value,,,,,,,,,,1884bdbf-452a-4a11-9c76-afdbdb1b3768,,,,Exists,,,false,Dynamics365,Not deleted,,false,,false,,,,,#,# RelevanceSearch,,,,Microsoft Dynamics 365 for Outlook,false,Invitation Not Sent,,RelevanceSearch,Professional,,,,,,82bbde9a-ae14-4df1-854f-001bef30ee3f,,,,,,,,,,Microsoft Dynamics 365 for Outlook,,,,,Mailing Address,Default Value,,Main Phone,RelevanceSearch@onmicrosoft.com,Pending Approval,,false,,,,,false,,,,,,29,02d93ef0-f0f7-eb11-94ee-0022481b485d,3,false,RelevanceSearch@onmicrosoft.com,,false,,4119085,RelevanceSearch@onmicrosoft.com,,,,# RelevanceSearch,,,,e4a22805-d5f7-eb11-94ee-0022481b485d,2f1251c7-9494-4dd1-a8a0-d8e433b57424,,07d93ef0-f0f7-eb11-94ee-0022481b485d,06d93ef0-f0f7-eb11-94ee-0022481b485d,,,,
,,Non-interactive,,Default Value,,,,,,,Default Value,,,,,,,,,,730d33da-0894-409f-a907-c577151719c5,,,,Exists,,,false,Dynamics365,Not deleted,,false,,false,,,,,#,# Flow-RP,,,,Microsoft Dynamics 365 for Outlook,false,Invitation Not Sent,,Flow-RP,Professional,,,,,,82bbde9a-ae14-4df1-854f-001bef30ee3f,,,,,,,,,,Microsoft Dynamics 365 for Outlook,,,,,Mailing Address,Default Value,,Main Phone,Flow-RP@onmicrosoft.com,Pending Approval,,false,,,,,false,,,,,,28,f8d83ef0-f0f7-eb11-94ee-0022481b485d,3,false,Flow-RP@onmicrosoft.com,,false,,4119080,Flow-RP@onmicrosoft.com,,,,# Flow-RP,,,,e4a22805-d5f7-eb11-94ee-0022481b485d,220d380b-0443-4f9f-b781-d0992e0af669,,fdd83ef0-f0f7-eb11-94ee-0022481b485d,fcd83ef0-f0f7-eb11-94ee-0022481b485d,,,,
,,Non-interactive,,Default Value,,,,,,,Default Value,,,,,,,,,,d9ce8cfa-8bd8-4ff1-b39b-5e5dd5742935,,,,Exists,,,false,Dynamics365,Not deleted,,false,,false,,,,,#,# Omnichannel,,,,Microsoft Dynamics 365 for Outlook,false,Invitation Not Sent,,Omnichannel,Professional,,,,,,82bbde9a-ae14-4df1-854f-001bef30ee3f,,,,,,,,,,Microsoft Dynamics 365 for Outlook,,,,,Mailing Address,Default Value,,Main Phone,Omnichannel@onmicrosoft.com,Pending Approval,,false,,,,,false,,,,,,27,eed83ef0-f0f7-eb11-94ee-0022481b485d,3,false,Omnichannel@onmicrosoft.com,,false,,4119075,Omnichannel@onmicrosoft.com,,,,# Omnichannel,,,,e4a22805-d5f7-eb11-94ee-0022481b485d,054dfb67-db7e-4eb8-9394-0f0ce0fd1aaa,,f3d83ef0-f0f7-eb11-94ee-0022481b485d,f2d83ef0-f0f7-eb11-94ee-0022481b485d,,,,
,,Non-interactive,,Default Value,,,,,,,Default Value,,,,,,,,,,978b42f5-e03a-4695-b8df-454959d032c8,,,,Exists,,,false,Dynamics365,Not deleted,,false,,false,,,,,#,# BAP,,,,Microsoft Dynamics 365 for Outlook,false,Invitation Not Sent,,BAP,Professional,,,,,,82bbde9a-ae14-4df1-854f-001bef30ee3f,,,,,,,,,,Microsoft Dynamics 365 for Outlook,,,,,Mailing Address,Default Value,,Main Phone,BAP@onmicrosoft.com,Pending Approval,,false,,,,,false,,,,,,26,e4d83ef0-f0f7-eb11-94ee-0022481b485d,3,false,BAP@onmicrosoft.com,,false,,4119070,BAP@onmicrosoft.com,,,,# BAP,,,,e4a22805-d5f7-eb11-94ee-0022481b485d,625b35e9-7708-4fea-ab28-2e7de624158e,,e9d83ef0-f0f7-eb11-94ee-0022481b485d,e8d83ef0-f0f7-eb11-94ee-0022481b485d,,,,
,,Non-interactive,,Default Value,,,,,,,Default Value,,,,,,,,,,5293b54e-dc85-45d3-a067-2102f619174f,,,,Exists,,,false,Dynamics365,Not deleted,,false,,false,,,,,#,# DAMSIsland,,,,Microsoft Dynamics 365 for Outlook,false,Invitation Not Sent,,DAMSIsland,Professional,,,,,,82bbde9a-ae14-4df1-854f-001bef30ee3f,,,,,,,,,,Microsoft Dynamics 365 for Outlook,,,,,Mailing Address,Default Value,,Main Phone,DAMSIsland@onmicrosoft.com,Pending Approval,,false,,,,,false,,,,,,64,5b1a7052-b00d-ec11-b6e5-000d3a0cc15d,3,false,DAMSIsland@onmicrosoft.com,,false,,4119065,DAMSIsland@onmicrosoft.com,,,,# DAMSIsland,,,,e4a22805-d5f7-eb11-94ee-0022481b485d,cb25bd5e-66b6-4aa6-982b-799d8199b299,,6a1a7052-b00d-ec11-b6e5-000d3a0cc15d,671a7052-b00d-ec11-b6e5-000d3a0cc15d,,,,
,,Non-interactive,,Default Value,,,,,,,Default Value,,,,,,,,,,84e37c07-7362-4d9f-b4b1-09be02be0195,,,,Exists,,,false,Dynamics365,Not deleted,,false,,false,,,,,#,# DAMS,,,,Microsoft Dynamics 365 for Outlook,false,Invitation Not Sent,,DAMS,Professional,,,,,,82bbde9a-ae14-4df1-854f-001bef30ee3f,,,,,,,,,,Microsoft Dynamics 365 for Outlook,,,,,Mailing Address,Default Value,,Main Phone,DAMS@onmicrosoft.com,Pending Approval,,false,,,,,false,,,,,,25,dad83ef0-f0f7-eb11-94ee-0022481b485d,3,false,DAMS@onmicrosoft.com,,false,,4119060,DAMS@onmicrosoft.com,,,,# DAMS,,,,e4a22805-d5f7-eb11-94ee-0022481b485d,9d44c726-f79d-44d7-be45-ead12d951fc1,,dfd83ef0-f0f7-eb11-94ee-0022481b485d,ded83ef0-f0f7-eb11-94ee-0022481b485d,,,,
,,Non-interactive,,Default Value,,,,,,,Default Value,,,,,,,,,,6eb29b24-9d89-4f26-bf2f-9a84ed2499b8,,,,Exists,,,false,Dynamics365,Not deleted,,false,,false,,,,,#,# CDSGlobalDiscovery,,,,Microsoft Dynamics 365 for Outlook,false,Invitation Not Sent,,CDSGlobalDiscovery,Professional,,,,,,82bbde9a-ae14-4df1-854f-001bef30ee3f,,,,,,,,,,Microsoft Dynamics 365 for Outlook,,,,,Mailing Address,Default Value,,Main Phone,CDSGlobalDiscovery@onmicrosoft.com,Pending Approval,,false,,,,,false,,,,,,24,d0d83ef0-f0f7-eb11-94ee-0022481b485d,3,false,CDSGlobalDiscovery@onmicrosoft.com,,false,,4119055,CDSGlobalDiscovery@onmicrosoft.com,,,,# CDSGlobalDiscovery,,,,e4a22805-d5f7-eb11-94ee-0022481b485d,0426cb10-719f-4a82-80ab-8b50a6748e22,,d5d83ef0-f0f7-eb11-94ee-0022481b485d,d4d83ef0-f0f7-eb11-94ee-0022481b485d,,,,
,,Non-interactive,,Default Value,,,,,,,Default Value,,,,,,,,,,c92229fa-e4e7-47fc-81a8-01386459c021,,,,Exists,,,false,Dynamics365,Not deleted,,false,,false,,,,,#,# CDSUserManagement,,,,Microsoft Dynamics 365 for Outlook,false,Invitation Not Sent,,CDSUserManagement,Professional,,,,,,82bbde9a-ae14-4df1-854f-001bef30ee3f,,,,,,,,,,Microsoft Dynamics 365 for Outlook,,,,,Mailing Address,Default Value,,Main Phone,CDSUserManagement@onmicrosoft.com,Pending Approval,,false,,,,,false,,,,,,23,c6d83ef0-f0f7-eb11-94ee-0022481b485d,3,false,CDSUserManagement@onmicrosoft.com,,false,,4119050,CDSUserManagement@onmicrosoft.com,,,,# CDSUserManagement,,,,e4a22805-d5f7-eb11-94ee-0022481b485d,7ae6a355-cee0-47d8-aaac-538fdce9990e,,cbd83ef0-f0f7-eb11-94ee-0022481b485d,cad83ef0-f0f7-eb11-94ee-0022481b485d,,,,
,,Non-interactive,,Default Value,,,,,,,Default Value,,,,,,,,,,4ff9e282-7ac7-42f8-b48b-a99a415897b7,,,,Exists,,,false,Dynamics365,Not deleted,,false,,false,,,,,#,# CDSReportService,,,,Microsoft Dynamics 365 for Outlook,false,Invitation Not Sent,,CDSReportService,Professional,,,,,,82bbde9a-ae14-4df1-854f-001bef30ee3f,,,,,,,,,,Microsoft Dynamics 365 for Outlook,,,,,Mailing Address,Default Value,,Main Phone,CDSReportService@onmicrosoft.com,Pending Approval,,false,,,,,false,,,,,,22,bcd83ef0-f0f7-eb11-94ee-0022481b485d,3,false,CDSReportService@onmicrosoft.com,,false,,4119045,CDSReportService@onmicrosoft.com,,,,# CDSReportService,,,,e4a22805-d5f7-eb11-94ee-0022481b485d,811580b4-459e-4f65-b977-c9accc02a149,,c1d83ef0-f0f7-eb11-94ee-0022481b485d,c0d83ef0-f0f7-eb11-94ee-0022481b485d,,,,
,,Non-interactive,,Default Value,,,,,,,Default Value,,,,,,,,,,00000003-0000-0ff1-ce00-000000000000,,,,Exists,,,false,Dynamics365,Not deleted,,false,,false,,,,,#,# SharePointOnline,,,,Microsoft Dynamics 365 for Outlook,false,Invitation Not Sent,,SharePointOnline,Professional,,,,,,82bbde9a-ae14-4df1-854f-001bef30ee3f,,,,,,,,,,Microsoft Dynamics 365 for Outlook,,,,,Mailing Address,Default Value,,Main Phone,SharePointOnline@onmicrosoft.com,Pending Approval,,false,,,,,false,,,,,,21,b2d83ef0-f0f7-eb11-94ee-0022481b485d,3,false,SharePointOnline@onmicrosoft.com,,false,,4119039,SharePointOnline@onmicrosoft.com,,,,# SharePointOnline,,,,e4a22805-d5f7-eb11-94ee-0022481b485d,4708ea5d-7ead-44ec-b746-2ad77830b863,,b7d83ef0-f0f7-eb11-94ee-0022481b485d,b6d83ef0-f0f7-eb11-94ee-0022481b485d,,,,
,,Non-interactive,,Default Value,,,,,,,Default Value,,,,,,,,,,8840ddc6-aa78-428a-b02c-b64c19f43e86,,,,Exists,,,false,Dynamics365,Not deleted,,false,,false,,,,,#,# CCADataAnalyticsML,,,,Microsoft Dynamics 365 for Outlook,false,Invitation Not Sent,,CCADataAnalyticsML,Professional,,,,,,82bbde9a-ae14-4df1-854f-001bef30ee3f,,,,,,,,,,Microsoft Dynamics 365 for Outlook,,,,,Mailing Address,Default Value,,Main Phone,CCADataAnalyticsML@onmicrosoft.com,Pending Approval,,false,,,,,false,,,,,,20,a8d83ef0-f0f7-eb11-94ee-0022481b485d,3,false,CCADataAnalyticsML@onmicrosoft.com,,false,,4119034,CCADataAnalyticsML@onmicrosoft.com,,,,# CCADataAnalyticsML,,,,e4a22805-d5f7-eb11-94ee-0022481b485d,e30ae17a-bc92-4688-9a3d-a15d1dcc37fd,,add83ef0-f0f7-eb11-94ee-0022481b485d,acd83ef0-f0f7-eb11-94ee-0022481b485d,,,,
,,Non-interactive,,Default Value,,,,,,,Default Value,,,,,,,,,,07ce06e6-4ae9-4466-bca4-2984fa04d057,,,,Exists,,,false,Dynamics365,Not deleted,,false,,false,,,,,#,# CDSFileStorage,,,,Microsoft Dynamics 365 for Outlook,false,Invitation Not Sent,,CDSFileStorage,Professional,,,,,,82bbde9a-ae14-4df1-854f-001bef30ee3f,,,,,,,,,,Microsoft Dynamics 365 for Outlook,,,,,Mailing Address,Default Value,,Main Phone,CDSFileStorage@onmicrosoft.com,Pending Approval,,false,,,,,false,,,,,,19,c13444ea-f0f7-eb11-94ee-0022481b485d,3,false,CDSFileStorage@onmicrosoft.com,,false,,4119029,CDSFileStorage@onmicrosoft.com,,,,# CDSFileStorage,,,,e4a22805-d5f7-eb11-94ee-0022481b485d,ef5f5d24-f211-4a3b-aff6-ba471795d4c9,,a3d83ef0-f0f7-eb11-94ee-0022481b485d,c53444ea-f0f7-eb11-94ee-0022481b485d,,,,
,,Non-interactive,,Default Value,,,,,,,Default Value,,,,,,,,,,19343905-f69a-4694-b591-4e03ba8dd43b,,,,Exists,,,false,Dynamics365,Not deleted,,false,,false,,,,,#,# Flow-CDSNativeConnectorNorway,,,,Microsoft Dynamics 365 for Outlook,false,Invitation Not Sent,,Flow-CDSNativeConnectorNorway,Professional,,,,,,82bbde9a-ae14-4df1-854f-001bef30ee3f,,,,,,,,,,Microsoft Dynamics 365 for Outlook,,,,,Mailing Address,Default Value,English,Main Phone,Flow-CDSNativeConnectorNorway@onmicrosoft.com,Pending Approval,,false,,,,,false,,,,,,115,d5bdfa35-9cb3-ec11-9841-002248005e44,3,false,Flow-CDSNativeConnectorNorway@onmicrosoft.com,,false,,4119024,Flow-CDSNativeConnectorNorway@onmicrosoft.com,,,,# Flow-CDSNativeConnectorNorway,,,,e4a22805-d5f7-eb11-94ee-0022481b485d,b5bc99c6-82fd-4aa4-ab04-df2a7a58b929,,ddbdfa35-9cb3-ec11-9841-002248005e44,dbbdfa35-9cb3-ec11-9841-002248005e44,,,,
,,Non-interactive,,Default Value,,,,,,,Default Value,,,,,,,,,,766c30f5-2c1f-423c-b651-6c63567a0466,,,,Exists,,,false,Dynamics365,Not deleted,,false,,false,,,,,#,# Flow-CDSNativeConnectorKorea,,,,Microsoft Dynamics 365 for Outlook,false,Invitation Not Sent,,Flow-CDSNativeConnectorKorea,Professional,,,,,,82bbde9a-ae14-4df1-854f-001bef30ee3f,,,,,,,,,,Microsoft Dynamics 365 for Outlook,,,,,Mailing Address,Default Value,English,Main Phone,Flow-CDSNativeConnectorKorea@onmicrosoft.com,Pending Approval,,false,,,,,false,,,,,,114,c1bdfa35-9cb3-ec11-9841-002248005e44,3,false,Flow-CDSNativeConnectorKorea@onmicrosoft.com,,false,,4119019,Flow-CDSNativeConnectorKorea@onmicrosoft.com,,,,# Flow-CDSNativeConnectorKorea,,,,e4a22805-d5f7-eb11-94ee-0022481b485d,c6ecc1d9-a8ac-4e44-b829-4700c859807a,,c9bdfa35-9cb3-ec11-9841-002248005e44,c8bdfa35-9cb3-ec11-9841-002248005e44,,,,
,,Non-interactive,,Default Value,,,,,,,Default Value,,,,,,,,,,cbb61646-e3d4-4310-9a93-a4a6ce81ac01,,,,Exists,,,false,Dynamics365,Not deleted,,false,,false,,,,,#,# Flow-CDSNativeConnectorSwitzerland,,,,Microsoft Dynamics 365 for Outlook,false,Invitation Not Sent,,Flow-CDSNativeConnectorSwitzerland,Professional,,,,,,82bbde9a-ae14-4df1-854f-001bef30ee3f,,,,,,,,,,Microsoft Dynamics 365 for Outlook,,,,,Mailing Address,Default Value,English,Main Phone,Flow-CDSNativeConnectorSwitzerland@onmicrosoft.com,Pending Approval,,false,,,,,false,,,,,,113,b2bdfa35-9cb3-ec11-9841-002248005e44,3,false,Flow-CDSNativeConnectorSwitzerland@onmicrosoft.com,,false,,4119014,Flow-CDSNativeConnectorSwitzerland@onmicrosoft.com,,,,# Flow-CDSNativeConnectorSwitzerland,,,,e4a22805-d5f7-eb11-94ee-0022481b485d,e80da786-97d6-41f2-bd71-7bbfb816c654,,b9bdfa35-9cb3-ec11-9841-002248005e44,b6bdfa35-9cb3-ec11-9841-002248005e44,,,,
,,Non-interactive,,Default Value,,,,,,,Default Value,,,,,,,,,,c6a9976b-9beb-43b8-9aea-52a55ba8e39b,,,,Exists,,,false,Dynamics365,Not deleted,,false,,false,,,,,#,# Flow-CDSNativeConnectorGermany,,,,Microsoft Dynamics 365 for Outlook,false,Invitation Not Sent,,Flow-CDSNativeConnectorGermany,Professional,,,,,,82bbde9a-ae14-4df1-854f-001bef30ee3f,,,,,,,,,,Microsoft Dynamics 365 for Outlook,,,,,Mailing Address,Default Value,English,Main Phone,Flow-CDSNativeConnectorGermany@onmicrosoft.com,Pending Approval,,false,,,,,false,,,,,,112,a3bdfa35-9cb3-ec11-9841-002248005e44,3,false,Flow-CDSNativeConnectorGermany@onmicrosoft.com,,false,,4119009,Flow-CDSNativeConnectorGermany@onmicrosoft.com,,,,# Flow-CDSNativeConnectorGermany,,,,e4a22805-d5f7-eb11-94ee-0022481b485d,ff0007b9-6750-49aa-b490-d1601bdd47fa,,adbdfa35-9cb3-ec11-9841-002248005e44,abbdfa35-9cb3-ec11-9841-002248005e44,,,,
,,Non-interactive,,Default Value,,,,,,,Default Value,,,,,,,,,,87aa1d02-457f-4980-a89e-b7534dc5a5bb,,,,Exists,,,false,Dynamics365,Not deleted,,false,,false,,,,,#,# Flow-CDSNativeConnectorUAE,,,,Microsoft Dynamics 365 for Outlook,false,Invitation Not Sent,,Flow-CDSNativeConnectorUAE,Professional,,,,,,82bbde9a-ae14-4df1-854f-001bef30ee3f,,,,,,,,,,Microsoft Dynamics 365 for Outlook,,,,,Mailing Address,Default Value,English,Main Phone,Flow-CDSNativeConnectorUAE@onmicrosoft.com,Pending Approval,,false,,,,,false,,,,,,111,90bdfa35-9cb3-ec11-9841-002248005e44,3,false,Flow-CDSNativeConnectorUAE@onmicrosoft.com,,false,,4119004,Flow-CDSNativeConnectorUAE@onmicrosoft.com,,,,# Flow-CDSNativeConnectorUAE,,,,e4a22805-d5f7-eb11-94ee-0022481b485d,50ee54a1-ed7b-4ff5-8808-98768b2c8083,,99bdfa35-9cb3-ec11-9841-002248005e44,96bdfa35-9cb3-ec11-9841-002248005e44,,,,
,,Non-interactive,,Default Value,,,,,,,Default Value,,,,,,,,,,3cfbbaf9-d5b2-4ddb-b212-2c888fc84b11,,,,Exists,,,false,Dynamics365,Not deleted,,false,,false,,,,,#,# Flow-CDSNativeConnectorFrance,,,,Microsoft Dynamics 365 for Outlook,false,Invitation Not Sent,,Flow-CDSNativeConnectorFrance,Professional,,,,,,82bbde9a-ae14-4df1-854f-001bef30ee3f,,,,,,,,,,Microsoft Dynamics 365 for Outlook,,,,,Mailing Address,Default Value,English,Main Phone,Flow-CDSNativeConnectorFrance@onmicrosoft.com,Pending Approval,,false,,,,,false,,,,,,110,7cbdfa35-9cb3-ec11-9841-002248005e44,3,false,Flow-CDSNativeConnectorFrance@onmicrosoft.com,,false,,4118999,Flow-CDSNativeConnectorFrance@onmicrosoft.com,,,,# Flow-CDSNativeConnectorFrance,,,,e4a22805-d5f7-eb11-94ee-0022481b485d,b0ef5691-b376-4fe3-87dd-e79ecfdbc73f,,85bdfa35-9cb3-ec11-9841-002248005e44,80bdfa35-9cb3-ec11-9841-002248005e44,,,,
,,Non-interactive,,Default Value,,,,,,,Default Value,,,,,,,,,,d9c3cbe8-48a4-4ce4-b9ba-09dcf5f6aa1c,,,,Exists,,,false,Dynamics365,Not deleted,,false,,false,,,,,#,# Flow-CDSNativeConnectorBrazil,,,,Microsoft Dynamics 365 for Outlook,false,Invitation Not Sent,,Flow-CDSNativeConnectorBrazil,Professional,,,,,,82bbde9a-ae14-4df1-854f-001bef30ee3f,,,,,,,,,,Microsoft Dynamics 365 for Outlook,,,,,Mailing Address,Default Value,English,Main Phone,Flow-CDSNativeConnectorBrazil@onmicrosoft.com,Pending Approval,,false,,,,,false,,,,,,109,6abdfa35-9cb3-ec11-9841-002248005e44,3,false,Flow-CDSNativeConnectorBrazil@onmicrosoft.com,,false,,4118994,Flow-CDSNativeConnectorBrazil@onmicrosoft.com,,,,# Flow-CDSNativeConnectorBrazil,,,,e4a22805-d5f7-eb11-94ee-0022481b485d,9c969df1-a90d-4501-a7eb-82f172f4cf34,,73bdfa35-9cb3-ec11-9841-002248005e44,6fbdfa35-9cb3-ec11-9841-002248005e44,,,,
,,Non-interactive,,Default Value,,,,,,,Default Value,,,,,,,,,,06957b3e-4fcc-4ac0-ad7a-3b6e5a8e36e9,,,,Exists,,,false,Dynamics365,Not deleted,,false,,false,,,,,#,# Flow-CDSNativeConnectorUK,,,,Microsoft Dynamics 365 for Outlook,false,Invitation Not Sent,,Flow-CDSNativeConnectorUK,Professional,,,,,,82bbde9a-ae14-4df1-854f-001bef30ee3f,,,,,,,,,,Microsoft Dynamics 365 for Outlook,,,,,Mailing Address,Default Value,English,Main Phone,Flow-CDSNativeConnectorUK@onmicrosoft.com,Pending Approval,,false,,,,,false,,,,,,108,58bdfa35-9cb3-ec11-9841-002248005e44,3,false,Flow-CDSNativeConnectorUK@onmicrosoft.com,,false,,4118989,Flow-CDSNativeConnectorUK@onmicrosoft.com,,,,# Flow-CDSNativeConnectorUK,,,,e4a22805-d5f7-eb11-94ee-0022481b485d,c85ed345-4c2e-4baa-8735-b81b7ed4b94f,,60bdfa35-9cb3-ec11-9841-002248005e44,5dbdfa35-9cb3-ec11-9841-002248005e44,,,,
,,Non-interactive,,Default Value,,,,,,,Default Value,,,,,,,,,,2a1f2ae8-b674-4b1d-97ee-50d25bc03d84,,,,Exists,,,false,Dynamics365,Not deleted,,false,,false,,,,,#,# Flow-CDSNativeConnectorCanada,,,,Microsoft Dynamics 365 for Outlook,false,Invitation Not Sent,,Flow-CDSNativeConnectorCanada,Professional,,,,,,82bbde9a-ae14-4df1-854f-001bef30ee3f,,,,,,,,,,Microsoft Dynamics 365 for Outlook,,,,,Mailing Address,Default Value,English,Main Phone,Flow-CDSNativeConnectorCanada@onmicrosoft.com,Pending Approval,,false,,,,,false,,,,,,107,46bdfa35-9cb3-ec11-9841-002248005e44,3,false,Flow-CDSNativeConnectorCanada@onmicrosoft.com,,false,,4118984,Flow-CDSNativeConnectorCanada@onmicrosoft.com,,,,# Flow-CDSNativeConnectorCanada,,,,e4a22805-d5f7-eb11-94ee-0022481b485d,17847900-d883-4508-83bc-4a473600b52a,,4fbdfa35-9cb3-ec11-9841-002248005e44,4cbdfa35-9cb3-ec11-9841-002248005e44,,,,
,,Non-interactive,,Default Value,,,,,,,Default Value,,,,,,,,,,6903d455-735f-4680-a37d-b99e4ec0effa,,,,Exists,,,false,Dynamics365,Not deleted,,false,,false,,,,,#,# Flow-CDSNativeConnectorJapan,,,,Microsoft Dynamics 365 for Outlook,false,Invitation Not Sent,,Flow-CDSNativeConnectorJapan,Professional,,,,,,82bbde9a-ae14-4df1-854f-001bef30ee3f,,,,,,,,,,Microsoft Dynamics 365 for Outlook,,,,,Mailing Address,Default Value,English,Main Phone,Flow-CDSNativeConnectorJapan@onmicrosoft.com,Pending Approval,,false,,,,,false,,,,,,106,33bdfa35-9cb3-ec11-9841-002248005e44,3,false,Flow-CDSNativeConnectorJapan@onmicrosoft.com,,false,,4118979,Flow-CDSNativeConnectorJapan@onmicrosoft.com,,,,# Flow-CDSNativeConnectorJapan,,,,e4a22805-d5f7-eb11-94ee-0022481b485d,b2d4ac69-59ec-4917-8bf5-234b075f7b50,,3cbdfa35-9cb3-ec11-9841-002248005e44,3abdfa35-9cb3-ec11-9841-002248005e44,,,,
,,Non-interactive,,Default Value,,,,,,,Default Value,,,,,,,,,,65086433-a120-4658-93ff-2a3709b490e0,,,,Exists,,,false,Dynamics365,Not deleted,,false,,false,,,,,#,# Flow-CDSNativeConnectorIndia,,,,Microsoft Dynamics 365 for Outlook,false,Invitation Not Sent,,Flow-CDSNativeConnectorIndia,Professional,,,,,,82bbde9a-ae14-4df1-854f-001bef30ee3f,,,,,,,,,,Microsoft Dynamics 365 for Outlook,,,,,Mailing Address,Default Value,English,Main Phone,Flow-CDSNativeConnectorIndia@onmicrosoft.com,Pending Approval,,false,,,,,false,,,,,,105,24bdfa35-9cb3-ec11-9841-002248005e44,3,false,Flow-CDSNativeConnectorIndia@onmicrosoft.com,,false,,4118974,Flow-CDSNativeConnectorIndia@onmicrosoft.com,,,,# Flow-CDSNativeConnectorIndia,,,,e4a22805-d5f7-eb11-94ee-0022481b485d,fa6b47b9-254d-42b0-8612-8c019ae88eab,,2cbdfa35-9cb3-ec11-9841-002248005e44,28bdfa35-9cb3-ec11-9841-002248005e44,,,,
,,Non-interactive,,Default Value,,,,,,,Default Value,,,,,,,,,,bb9b626b-82f3-4c8b-8402-6bf7cdd162e0,,,,Exists,,,false,Dynamics365,Not deleted,,false,,false,,,,,#,# Flow-CDSNativeConnectorAustralia,,,,Microsoft Dynamics 365 for Outlook,false,Invitation Not Sent,,Flow-CDSNativeConnectorAustralia,Professional,,,,,,82bbde9a-ae14-4df1-854f-001bef30ee3f,,,,,,,,,,Microsoft Dynamics 365 for Outlook,,,,,Mailing Address,Default Value,English,Main Phone,Flow-CDSNativeConnectorAustralia@onmicrosoft.com,Pending Approval,,false,,,,,false,,,,,,104,11bdfa35-9cb3-ec11-9841-002248005e44,3,false,Flow-CDSNativeConnectorAustralia@onmicrosoft.com,,false,,4118969,Flow-CDSNativeConnectorAustralia@onmicrosoft.com,,,,# Flow-CDSNativeConnectorAustralia,,,,e4a22805-d5f7-eb11-94ee-0022481b485d,d880ece8-6e2f-4be2-92e7-2e92eacc585e,,19bdfa35-9cb3-ec11-9841-002248005e44,18bdfa35-9cb3-ec11-9841-002248005e44,,,,
,,Non-interactive,,Default Value,,,,,,,Default Value,,,,,,,,,,7f243e3b-906a-4a32-b946-10670ab1f75a,,,,Exists,,,false,Dynamics365,Not deleted,,false,,false,,,,,#,# Flow-CDSNativeConnectorAsia,,,,Microsoft Dynamics 365 for Outlook,false,Invitation Not Sent,,Flow-CDSNativeConnectorAsia,Professional,,,,,,82bbde9a-ae14-4df1-854f-001bef30ee3f,,,,,,,,,,Microsoft Dynamics 365 for Outlook,,,,,Mailing Address,Default Value,English,Main Phone,Flow-CDSNativeConnectorAsia@onmicrosoft.com,Pending Approval,,false,,,,,false,,,,,,103,02bdfa35-9cb3-ec11-9841-002248005e44,3,false,Flow-CDSNativeConnectorAsia@onmicrosoft.com,,false,,4118964,Flow-CDSNativeConnectorAsia@onmicrosoft.com,,,,# Flow-CDSNativeConnectorAsia,,,,e4a22805-d5f7-eb11-94ee-0022481b485d,45566142-6f89-4337-824a-8e0f9e82e4ae,,08bdfa35-9cb3-ec11-9841-002248005e44,06bdfa35-9cb3-ec11-9841-002248005e44,,,,
,,Non-interactive,,Default Value,,,,,,,Default Value,,,,,,,,,,9d816c2d-5388-4e18-85cc-754a6e051604,,,,Exists,,,false,Dynamics365,Not deleted,,false,,false,,,,,#,# Flow-CDSNativeConnectorEurope,,,,Microsoft Dynamics 365 for Outlook,false,Invitation Not Sent,,Flow-CDSNativeConnectorEurope,Professional,,,,,,82bbde9a-ae14-4df1-854f-001bef30ee3f,,,,,,,,,,Microsoft Dynamics 365 for Outlook,,,,,Mailing Address,Default Value,English,Main Phone,Flow-CDSNativeConnectorEurope@onmicrosoft.com,Pending Approval,,false,,,,,false,,,,,,102,f1bcfa35-9cb3-ec11-9841-002248005e44,3,false,Flow-CDSNativeConnectorEurope@onmicrosoft.com,,false,,4118959,Flow-CDSNativeConnectorEurope@onmicrosoft.com,,,,# Flow-CDSNativeConnectorEurope,,,,e4a22805-d5f7-eb11-94ee-0022481b485d,93782c13-c65c-40a3-8ac5-184339d11d24,,f9bcfa35-9cb3-ec11-9841-002248005e44,f6bcfa35-9cb3-ec11-9841-002248005e44,,,,
,,Non-interactive,,Default Value,,,,,,,Default Value,,,,,,,,,,66adb445-d114-4905-9f2c-ddb926a0a7c8,,,,Exists,,,false,Dynamics365,Not deleted,,false,,false,,,,,#,# Flow-CDSNativeConnectorUS,,,,Microsoft Dynamics 365 for Outlook,false,Invitation Not Sent,,Flow-CDSNativeConnectorUS,Professional,,,,,,82bbde9a-ae14-4df1-854f-001bef30ee3f,,,,,,,,,,Microsoft Dynamics 365 for Outlook,,,,,Mailing Address,Default Value,English,Main Phone,Flow-CDSNativeConnectorUS@onmicrosoft.com,Pending Approval,,false,,,,,false,,,,,,101,c9bcfa35-9cb3-ec11-9841-002248005e44,3,false,Flow-CDSNativeConnectorUS@onmicrosoft.com,,false,,4118954,Flow-CDSNativeConnectorUS@onmicrosoft.com,,,,# Flow-CDSNativeConnectorUS,,,,e4a22805-d5f7-eb11-94ee-0022481b485d,c99c5386-ccef-4711-8013-7b84b7d1a78c,,e4bcfa35-9cb3-ec11-9841-002248005e44,ddbcfa35-9cb3-ec11-9841-002248005e44,,,,
,,Non-interactive,,Default Value,,,,,,,Default Value,,,,,,,,,,6e163c41-83b6-40e2-a66f-ae3001494d6a,,,,Exists,,,false,Dynamics365,Not deleted,,false,,false,,,,,#,# Flow-CDSNativeConnectorPreview,,,,Microsoft Dynamics 365 for Outlook,false,Invitation Not Sent,,Flow-CDSNativeConnectorPreview,Professional,,,,,,82bbde9a-ae14-4df1-854f-001bef30ee3f,,,,,,,,,,Microsoft Dynamics 365 for Outlook,,,,,Mailing Address,Default Value,English,Main Phone,Flow-CDSNativeConnectorPreview@onmicrosoft.com,Pending Approval,,false,,,,,false,,,,,,100,18760230-9cb3-ec11-9841-002248005e44,3,false,Flow-CDSNativeConnectorPreview@onmicrosoft.com,,false,,4118949,Flow-CDSNativeConnectorPreview@onmicrosoft.com,,,,# Flow-CDSNativeConnectorPreview,,,,e4a22805-d5f7-eb11-94ee-0022481b485d,f165d06e-3838-4144-8bed-77820bc58663,,39760230-9cb3-ec11-9841-002248005e44,2e760230-9cb3-ec11-9841-002248005e44,,,,
,,Non-interactive,,Default Value,,,,,,,Default Value,,,,,,,,,,3e7d837d-b5c3-42b7-96c0-39a1c5b36595,,,,Exists,,,false,Dynamics365,Not deleted,,false,,false,,,,,#,# Flow-CDSNativeConnector,,,,Microsoft Dynamics 365 for Outlook,false,Invitation Not Sent,,Flow-CDSNativeConnector,Professional,,,,,,82bbde9a-ae14-4df1-854f-001bef30ee3f,,,,,,,,,,Microsoft Dynamics 365 for Outlook,,,,,Mailing Address,Default Value,,Main Phone,Flow-CDSNativeConnector@onmicrosoft.com,Pending Approval,,false,,,,,false,,,,,,66,6eb16c5b-281f-ec11-b6e6-000d3a872156,3,false,Flow-CDSNativeConnector@onmicrosoft.com,,false,,4118944,Flow-CDSNativeConnector@onmicrosoft.com,,,,# Flow-CDSNativeConnector,,,,e4a22805-d5f7-eb11-94ee-0022481b485d,378fac33-9b45-4f5e-8e3a-0381f76dbbb4,,80b16c5b-281f-ec11-b6e6-000d3a872156,7ab16c5b-281f-ec11-b6e6-000d3a872156,,,,
,,Non-interactive,,Default Value,,,,,,,Default Value,,,,,,,,,,e548fb5c-c385-41a6-a31d-6dbc2f0ca8a3,,,,Exists,,,false,Dynamics365,Not deleted,,false,,false,,,,,#,# JobsServiceProd,,,,Microsoft Dynamics 365 for Outlook,false,Invitation Not Sent,,JobsServiceProd,Professional,,,,,,82bbde9a-ae14-4df1-854f-001bef30ee3f,,,,,,,,,,Microsoft Dynamics 365 for Outlook,,,,,Mailing Address,Default Value,,Main Phone,JobsServiceProd@onmicrosoft.com,Pending Approval,,false,,,,,false,,,,,,18,b73444ea-f0f7-eb11-94ee-0022481b485d,3,false,JobsServiceProd@onmicrosoft.com,,false,,4118939,JobsServiceProd@onmicrosoft.com,,,,# JobsServiceProd,,,,e4a22805-d5f7-eb11-94ee-0022481b485d,54bdbde7-2a33-47d6-8177-7665ef5d2e7f,,bc3444ea-f0f7-eb11-94ee-0022481b485d,bb3444ea-f0f7-eb11-94ee-0022481b485d,,,,
,,Non-interactive,,Default Value,,,,,,,Default Value,,,,,,,,,,d6037e40-282c-493d-8f63-f255e36c6ef4,,,,Exists,,,false,Dynamics365,Not deleted,,false,,false,,,,,#,# Dynamics365SCV,,,,Microsoft Dynamics 365 for Outlook,false,Invitation Not Sent,,Dynamics365SCV,Professional,,,,,,82bbde9a-ae14-4df1-854f-001bef30ee3f,,,,,,,,,,Microsoft Dynamics 365 for Outlook,,,,,Mailing Address,Default Value,,Main Phone,Dynamics365SCV@onmicrosoft.com,Pending Approval,,false,,,,,false,,,,,,17,ad3444ea-f0f7-eb11-94ee-0022481b485d,3,false,Dynamics365SCV@onmicrosoft.com,,false,,4118934,Dynamics365SCV@onmicrosoft.com,,,,# Dynamics365SCV,,,,e4a22805-d5f7-eb11-94ee-0022481b485d,8718ba0d-dab6-41f2-a553-ad13a3b7eed5,,b23444ea-f0f7-eb11-94ee-0022481b485d,b13444ea-f0f7-eb11-94ee-0022481b485d,,,,
,,Non-interactive,,Default Value,,,,,,,Default Value,,,,,,,,,,ffa7d2fe-fc04-4599-9f6d-7ca06dd0c4fd,,,,Exists,,,false,Dynamics365,Not deleted,,false,,false,,,,,#,# ProductInsights,,,,Microsoft Dynamics 365 for Outlook,false,Invitation Not Sent,,ProductInsights,Professional,,,,,,82bbde9a-ae14-4df1-854f-001bef30ee3f,,,,,,,,,,Microsoft Dynamics 365 for Outlook,,,,,Mailing Address,Default Value,,Main Phone,ProductInsights@onmicrosoft.com,Pending Approval,,false,,,,,false,,,,,,16,a33444ea-f0f7-eb11-94ee-0022481b485d,3,false,ProductInsights@onmicrosoft.com,,false,,4118929,ProductInsights@onmicrosoft.com,,,,# ProductInsights,,,,e4a22805-d5f7-eb11-94ee-0022481b485d,d3c33265-d88f-4c96-b0fd-a6c94d909552,,a83444ea-f0f7-eb11-94ee-0022481b485d,a73444ea-f0f7-eb11-94ee-0022481b485d,,,,
,,Non-interactive,,Default Value,,,,,,,Default Value,,,,,,,,,,3bd99f43-a70c-49da-9378-6e15c2dee59d,,,,Exists,,,false,Dynamics365,Not deleted,,false,,false,,,,,#,# AriaMdlExporter,,,,Microsoft Dynamics 365 for Outlook,false,Invitation Not Sent,,AriaMdlExporter,Professional,,,,,,82bbde9a-ae14-4df1-854f-001bef30ee3f,,,,,,,,,,Microsoft Dynamics 365 for Outlook,,,,,Mailing Address,Default Value,,Main Phone,AriaMdlExporter@onmicrosoft.com,Pending Approval,,false,,,,,false,,,,,,15,993444ea-f0f7-eb11-94ee-0022481b485d,3,false,AriaMdlExporter@onmicrosoft.com,,false,,4118924,AriaMdlExporter@onmicrosoft.com,,,,# AriaMdlExporter,,,,e4a22805-d5f7-eb11-94ee-0022481b485d,ad4f3803-db4c-4030-b6c6-b9830a1397ea,,9e3444ea-f0f7-eb11-94ee-0022481b485d,9d3444ea-f0f7-eb11-94ee-0022481b485d,,,,
,,Non-interactive,,Default Value,,,,,,,Default Value,,,,,,,,,,546068c3-99b1-4890-8e93-c8aeadcfe56a,,,,Exists,,,false,Dynamics365,Not deleted,,false,,false,,,,,#,# DataLakeStorage,,,,Microsoft Dynamics 365 for Outlook,false,Invitation Not Sent,,DataLakeStorage,Professional,,,,,,82bbde9a-ae14-4df1-854f-001bef30ee3f,,,,,,,,,,Microsoft Dynamics 365 for Outlook,,,,,Mailing Address,Default Value,,Main Phone,DataLakeStorage@onmicrosoft.com,Pending Approval,,false,,,,,false,,,,,,14,8f3444ea-f0f7-eb11-94ee-0022481b485d,3,false,DataLakeStorage@onmicrosoft.com,,false,,4118919,DataLakeStorage@onmicrosoft.com,,,,# DataLakeStorage,,,,e4a22805-d5f7-eb11-94ee-0022481b485d,48ab6a59-ca0e-4826-8851-4662465939e0,,943444ea-f0f7-eb11-94ee-0022481b485d,933444ea-f0f7-eb11-94ee-0022481b485d,,,,
,,Non-interactive,,Default Value,,,,,,,Default Value,,,,,,,,,,b20d0d3a-dc90-485b-ad11-6031e769e221,,,,Exists,,,false,Dynamics365,Not deleted,,false,,false,,,,,#,# EnterpriseSales,,,,Microsoft Dynamics 365 for Outlook,false,Invitation Not Sent,,EnterpriseSales,Professional,,,,,,82bbde9a-ae14-4df1-854f-001bef30ee3f,,,,,,,,,,Microsoft Dynamics 365 for Outlook,,,,,Mailing Address,Default Value,,Main Phone,EnterpriseSales@onmicrosoft.com,Pending Approval,,false,,,,,false,,,,,,13,853444ea-f0f7-eb11-94ee-0022481b485d,3,false,EnterpriseSales@onmicrosoft.com,,false,,4118914,EnterpriseSales@onmicrosoft.com,,,,# EnterpriseSales,,,,e4a22805-d5f7-eb11-94ee-0022481b485d,8e82644d-6d47-425f-8abc-b387cf898b8f,,8a3444ea-f0f7-eb11-94ee-0022481b485d,893444ea-f0f7-eb11-94ee-0022481b485d,,,,
,,Non-interactive,,Default Value,,,,,,,Default Value,,,,,,,,,,99335b6b-7d9d-4216-8dee-883b26e0ccf7,,,,Exists,,,false,Dynamics365,Not deleted,,false,,false,,,,,#,# PpdfCDSClient,,,,Microsoft Dynamics 365 for Outlook,false,Invitation Not Sent,,PpdfCDSClient,Professional,,,,,,82bbde9a-ae14-4df1-854f-001bef30ee3f,,,,,,,,,,Microsoft Dynamics 365 for Outlook,,,,,Mailing Address,Default Value,,Main Phone,PpdfCDSClient@onmicrosoft.com,Pending Approval,,false,,,,,false,,,,,,4,21a37e97-e0f7-eb11-94ee-0022481b485d,3,false,ppdfcdsclient@microsoft.com,,false,,4118909,ppdfcdsclient@microsoft.com,,,,# PpdfCDSClient,,,,e4a22805-d5f7-eb11-94ee-0022481b485d,256906e4-5ab7-4d3b-8f1e-ad44e5b54739,,26a37e97-e0f7-eb11-94ee-0022481b485d,25a37e97-e0f7-eb11-94ee-0022481b485d,,,,
,,Non-interactive,,Default Value,,,,,,,Default Value,,,,,,,,,,f3b07414-6bf4-46e6-b63f-56941f3f4128,,,,Exists,,,false,Dynamics365,Not deleted,,false,,false,,,,,#,# PowerQueryOnline,,,,Microsoft Dynamics 365 for Outlook,false,Invitation Not Sent,,PowerQueryOnline,Professional,,,,,,82bbde9a-ae14-4df1-854f-001bef30ee3f,,,,,,,,,,Microsoft Dynamics 365 for Outlook,,,,,Mailing Address,Default Value,,Main Phone,PowerQueryOnline@onmicrosoft.com,Pending Approval,,false,,,,,false,,,,,,12,7b3444ea-f0f7-eb11-94ee-0022481b485d,3,false,PowerQueryOnline@onmicrosoft.com,,false,,4118904,PowerQueryOnline@onmicrosoft.com,,,,# PowerQueryOnline,,,,e4a22805-d5f7-eb11-94ee-0022481b485d,c5ed049f-0836-4eb3-b639-285a993eac0e,,803444ea-f0f7-eb11-94ee-0022481b485d,7f3444ea-f0f7-eb11-94ee-0022481b485d,,,,
,,Non-interactive,,Default Value,,,,,,,Default Value,,,,,,,,,,7f15f9d9-cad0-44f1-bbba-d36650e07765,,,,Exists,,,false,Dynamics365,Not deleted,,false,,false,,,,,#,# Dynamics365Athena2,,,,Microsoft Dynamics 365 for Outlook,false,Invitation Not Sent,,Dynamics365Athena2,Professional,,,,,,82bbde9a-ae14-4df1-854f-001bef30ee3f,,,,,,,,,,Microsoft Dynamics 365 for Outlook,,,,,Mailing Address,Default Value,,Main Phone,Dynamics365Athena2@onmicrosoft.com,Pending Approval,,false,,,,,false,,,,,,11,713444ea-f0f7-eb11-94ee-0022481b485d,3,false,Dynamics365Athena2@onmicrosoft.com,,false,,4118899,Dynamics365Athena2@onmicrosoft.com,,,,# Dynamics365Athena2,,,,e4a22805-d5f7-eb11-94ee-0022481b485d,2f541b80-82e3-4600-90fd-1b8f26a7dafa,,763444ea-f0f7-eb11-94ee-0022481b485d,753444ea-f0f7-eb11-94ee-0022481b485d,,,,
,,Non-interactive,,Default Value,,,,,,,Default Value,,,,,,,,,,b861dbcc-a7ef-4219-a005-0e4de4ea7dcf,,,,Exists,,,false,Dynamics365,Not deleted,,false,,false,,,,,#,# Dynamics365Athena,,,,Microsoft Dynamics 365 for Outlook,false,Invitation Not Sent,,Dynamics365Athena,Professional,,,,,,82bbde9a-ae14-4df1-854f-001bef30ee3f,,,,,,,,,,Microsoft Dynamics 365 for Outlook,,,,,Mailing Address,Default Value,,Main Phone,Dynamics365Athena@onmicrosoft.com,Pending Approval,,false,,,,,false,,,,,,10,673444ea-f0f7-eb11-94ee-0022481b485d,3,false,Dynamics365Athena@onmicrosoft.com,,false,,4118894,Dynamics365Athena@onmicrosoft.com,,,,# Dynamics365Athena,,,,e4a22805-d5f7-eb11-94ee-0022481b485d,fb6062a0-f821-4ce8-a049-f7ae63dec53b,,6c3444ea-f0f7-eb11-94ee-0022481b485d,6b3444ea-f0f7-eb11-94ee-0022481b485d,,,,
,,Non-interactive,,Default Value,,,,,,,Default Value,,,,,,,,,,2b61b865-d0bd-4c60-9efa-6fa934eefaac,,,,Exists,,,false,Dynamics365,Not deleted,,false,,false,,,,,#,# TPSProxyService,,,,Microsoft Dynamics 365 for Outlook,false,Invitation Not Sent,,TPSProxyService,Professional,,,,,,82bbde9a-ae14-4df1-854f-001bef30ee3f,,,,,,,,,,Microsoft Dynamics 365 for Outlook,,,,,Mailing Address,Default Value,,Main Phone,TPSProxyService@onmicrosoft.com,Pending Approval,,false,,,,,false,,,,,,65,2bb16c5b-281f-ec11-b6e6-000d3a872156,3,false,TPSProxyService@onmicrosoft.com,,false,,4118889,TPSProxyService@onmicrosoft.com,,,,# TPSProxyService,,,,e4a22805-d5f7-eb11-94ee-0022481b485d,541f4e03-918e-4c42-97f7-e1d2804f55bc,,3db16c5b-281f-ec11-b6e6-000d3a872156,36b16c5b-281f-ec11-b6e6-000d3a872156,,,,
,,Non-interactive,,Default Value,,,,,,,Default Value,,,,,,,,,,08ad9b35-1979-40a6-a6f2-289cf7289374,,,,Exists,,,false,Dynamics365,Not deleted,,false,,false,,,,,#,# D365OfficeDataSvc,,,,Microsoft Dynamics 365 for Outlook,false,Invitation Not Sent,,D365OfficeDataSvc,Professional,,,,,,82bbde9a-ae14-4df1-854f-001bef30ee3f,,,,,,,,,,Microsoft Dynamics 365 for Outlook,,,,,Mailing Address,Default Value,,Main Phone,D365OfficeDataSvc@onmicrosoft.com,Pending Approval,,false,,,,,false,,,,,,9,5d3444ea-f0f7-eb11-94ee-0022481b485d,3,false,D365OfficeDataSvc@onmicrosoft.com,,false,,4118884,D365OfficeDataSvc@onmicrosoft.com,,,,# D365OfficeDataSvc,,,,e4a22805-d5f7-eb11-94ee-0022481b485d,fd3d795c-7624-48a5-ae67-cb2db6e51489,,623444ea-f0f7-eb11-94ee-0022481b485d,613444ea-f0f7-eb11-94ee-0022481b485d,,,,
,,Non-interactive,,Default Value,,,,,,,Default Value,,,,,,,,,,96ff4394-9197-43aa-b393-6a41652e21f8,,,,Exists,,,false,Dynamics365,Not deleted,,false,,false,,,,,#,# PowerVirtualAgentsProd,,,,Microsoft Dynamics 365 for Outlook,false,Invitation Not Sent,,PowerVirtualAgentsProd,Professional,,,,,,82bbde9a-ae14-4df1-854f-001bef30ee3f,,,,,,,,,,Microsoft Dynamics 365 for Outlook,,,,,Mailing Address,Default Value,,Main Phone,PowerVirtualAgentsProd@onmicrosoft.com,Pending Approval,,false,,,,,false,,,,,,8,3c1026c5-e6f7-eb11-94ee-0022481b485d,3,false,PowerVirtualAgentsProd@onmicrosoft.com,,false,,4025761,PowerVirtualAgentsProd@onmicrosoft.com,,,,# PowerVirtualAgentsProd,,,,e4a22805-d5f7-eb11-94ee-0022481b485d,89ec52be-e3ed-44f3-a018-7d29107ec977,,411026c5-e6f7-eb11-94ee-0022481b485d,401026c5-e6f7-eb11-94ee-0022481b485d,,,,
,,Read-Write,,Default Value,,,,,,,Default Value,,,,,,,,,,,,b3ac8ba7-8e0c-4a2f-a093-4dffab4bc77f,,Exists,,,false,Dynamics365,Not deleted,,false,,false,,,,,Paul,Paul Garlick,,,,Server-Side Synchronization or Email Router,false,Invitation Accepted,,Garlick,Enterprise,,,,,,82bbde9a-ae14-4df1-854f-001bef30ee3f,,,,,,,,,,Server-Side Synchronization or Email Router,,,,,Mailing Address,Default Value,English,Main Phone,Paul.Garlick@test.gov.wales,Pending Approval,,false,,,,,false,,,,,,59,2eed8894-9d01-ec11-94ef-0022481b4cd3,67,true,Paul.Garlick@test.gov.wales,10033FFFA93CCA45,true,,3933175,Paul.Garlick@test.gov.wales,,,,Paul Garlick,,,,e4a22805-d5f7-eb11-94ee-0022481b485d,8e79ff87-0ecb-4727-b178-c9e75d651f00,,33ed8894-9d01-ec11-94ef-0022481b4cd3,31ed8894-9d01-ec11-94ef-0022481b4cd3,,,,
,,Read-Write,,,,,,,,,,,,,,,,,,,,,17160c5f-c4e0-4974-bf8c-54fc846f4b97,,Exists,,,false,CRM,Not deleted,,,,false,,,,,Chris,Chris Burton,,,,Server-Side Synchronization or Email Router,false,Invitation Accepted,,Burton,Enterprise,,,,,,82bbde9a-ae14-4df1-854f-001bef30ee3f,,,,,,,,,,Server-Side Synchronization or Email Router,,,,,,,,,chris.burton.A01@test.gov.wales,Approved,,false,,,,,false,,,,,,3,d6a92805-d5f7-eb11-94ee-0022481b485d,20,true,chris.burton.A01@test.gov.wales,1003200112EBD754,true,,3833258,chris.burton.A01@test.gov.wales,,,,Chris Burton,,,,e4a22805-d5f7-eb11-94ee-0022481b485d,53f56095-22a2-46c5-b5b5-c4ee1823c5f8,,daa92805-d5f7-eb11-94ee-0022481b485d,d9a92805-d5f7-eb11-94ee-0022481b485d,,,,
,,Read-Write,,Default Value,,,,,,,Default Value,,,,,,,,,,,,12c06424-d493-4767-a929-ee055608825c,,Exists,,,false,Dynamics365,Not deleted,,false,,false,,,,,Andrew,Andrew James,,,,Server-Side Synchronization or Email Router,false,Invitation Accepted,,James,Enterprise,,,,,,82bbde9a-ae14-4df1-854f-001bef30ee3f,,,,,,,,,,Server-Side Synchronization or Email Router,,,,,Mailing Address,Default Value,English,Main Phone,JamesA009@test.gov.wales,Pending Approval,,false,,,,,false,,,,,,55,917f2c8e-9d01-ec11-94ef-0022481b4cd3,19,true,JamesA009@test.gov.wales,10037FFEA922D7E3,true,,3707086,JamesA009@test.gov.wales,,,,Andrew James,,,,e4a22805-d5f7-eb11-94ee-0022481b485d,52a3bb80-5958-4b36-a5ca-681ae3bf3b20,,957f2c8e-9d01-ec11-94ef-0022481b4cd3,947f2c8e-9d01-ec11-94ef-0022481b4cd3,,,,
,,Non-interactive,,Default Value,,,,,,,Default Value,,,,,,,,,,c850c703-7efa-4e60-a04b-e13d4985434b,,,,Exists,,,false,Dynamics365,Not deleted,,false,,false,,,,,#,# PowerAutomate-MachineProvisioning-PPE,,,,Microsoft Dynamics 365 for Outlook,false,Invitation Not Sent,,PowerAutomate-MachineProvisioning-PPE,Professional,,,,,,82bbde9a-ae14-4df1-854f-001bef30ee3f,,,,,,,,,,Microsoft Dynamics 365 for Outlook,,,,,Mailing Address,Default Value,English,Main Phone,PowerAutomate-MachineProvisioning-PPE@onmicrosoft.com,Pending Approval,,false,,,,,false,,,,,,93,59490ea2-f77a-ec11-8d21-000d3a0ce8ad,3,false,PowerAutomate-MachineProvisioning-PPE@onmicrosoft.com,,false,,3602543,PowerAutomate-MachineProvisioning-PPE@onmicrosoft.com,,,,# PowerAutomate-MachineProvisioning-PPE,,,,e4a22805-d5f7-eb11-94ee-0022481b485d,12947567-b8f0-4fe0-926f-1d224fa6218d,,5e490ea2-f77a-ec11-8d21-000d3a0ce8ad,5d490ea2-f77a-ec11-8d21-000d3a0ce8ad,,,,
,,Read-Write,,Default Value,,,,,,,Default Value,,,,,,,,,,,,f4e4668f-0e2d-461a-9025-24318cf55b85,,Exists,,,false,Dynamics365,Not deleted,,false,,false,,,,,Rudramuni,Rudramuni Rangappa,,,,Server-Side Synchronization or Email Router,false,Invitation Accepted,,Rangappa,Enterprise,,,,,,82bbde9a-ae14-4df1-854f-001bef30ee3f,,,,,,,,,,Server-Side Synchronization or Email Router,,,,,Mailing Address,Default Value,English,Main Phone,Rudramuni.Rangappa001@test.gov.wales,Pending Approval,,false,,,,,false,,,,,,97,c378b585-7ca4-ec11-983f-0022481b9ad7,20,true,Rudramuni.Rangappa001@test.gov.wales,10032001DEA97A38,true,,3601212,Rudramuni.Rangappa001@test.gov.wales,,,,Rudramuni Rangappa,,,,e4a22805-d5f7-eb11-94ee-0022481b485d,6936a087-46c5-47ef-948a-4a68d3fef7c9,,fd78b585-7ca4-ec11-983f-0022481b9ad7,e978b585-7ca4-ec11-983f-0022481b9ad7,,,,
,,Non-interactive,,Default Value,,,,,,,Default Value,,,,,,,,,,39e6ea5b-4aa4-4df2-808b-b6b5fb8ada6f,39e6ea5b-4aa4-4df2-808b-b6b5fb8ada6f,c1b21d62-90ed-4ab5-9197-9f3378081a8d,,Exists,,,false,Dynamics365,Not deleted,,false,,false,,,,,Provision,Provision Dynamics Provision,,,,Microsoft Dynamics 365 for Outlook,false,Invitation Not Sent,,Dynamics Provision,Professional,,,,,,82bbde9a-ae14-4df1-854f-001bef30ee3f,,,,,,,,,,Microsoft Dynamics 365 for Outlook,,,,,Mailing Address,Default Value,English,Main Phone,provisionapp@fabrikam.com,Pending Approval,,false,,,,,false,,,,,,96,103865f0-1476-480c-8aac-b21d38bf224a,3,false,DynamicsProvision_39e6ea5b-4aa4-4df2-808b-b6b5fb8ada6f@82bbde9a-ae14-4df1-854f-001bef30ee3f.com,,false,,3585115,DynamicsProvision_39e6ea5b-4aa4-4df2-808b-b6b5fb8ada6f@82bbde9a-ae14-4df1-854f-001bef30ee3f.com,,,,Provision Dynamics Provision,,,,e4a22805-d5f7-eb11-94ee-0022481b485d,67b22e1b-90f7-4844-88f5-40d10ba7fa65,,f45a6cc4-7fa3-ec11-983f-0022481b9ad7,ed5a6cc4-7fa3-ec11-983f-0022481b9ad7,,,,
,,Non-interactive,,Default Value,,,,,,,Default Value,,,,,,,,,,703e2651-d3fc-48f5-942c-74274233dba8,,,,Exists,,,false,Dynamics365,Not deleted,,false,,false,,,,,#,# PowerAIIntegration,,,,Microsoft Dynamics 365 for Outlook,false,Invitation Not Sent,,PowerAIIntegration,Professional,,,,,,82bbde9a-ae14-4df1-854f-001bef30ee3f,,,,,,,,,,Microsoft Dynamics 365 for Outlook,,,,,Mailing Address,Default Value,English,Main Phone,PowerAIIntegration@onmicrosoft.com,Pending Approval,,false,,,,,true,,,,,,94,8d24829f-bc7b-ec11-8d21-000d3a0cb0f3,3,false,PowerAIIntegration@onmicrosoft.com,,false,,3476387,PowerAIIntegration@onmicrosoft.com,,,,# PowerAIIntegration,,,,e4a22805-d5f7-eb11-94ee-0022481b485d,f3647369-8852-4346-998c-116f472258e5,,9d24829f-bc7b-ec11-8d21-000d3a0cb0f3,9724829f-bc7b-ec11-8d21-000d3a0cb0f3,,,,
,,Read-Write,,Default Value,,,,,,,Default Value,,,,,,,,,,,,1c26d106-ade1-4e2a-b960-1fb2c2ff82ca,,Exists,,,false,Dynamics365,Not deleted,,false,,false,,,,,Rob,Rob Ward,,,,Server-Side Synchronization or Email Router,false,Invitation Not Sent,,Ward,Enterprise,,,,,,82bbde9a-ae14-4df1-854f-001bef30ee3f,,,,,,,,,,Server-Side Synchronization or Email Router,,,,,Mailing Address,Default Value,English,Main Phone,WardR.A02@llcdt.onmicrosoft.com,Pending Approval,,false,,,,,false,,,,,,95,b62aae69-009e-ec11-b400-0022481b09ec,67,false,WardR.A02@llcdt.onmicrosoft.com,100320007EC5CB97,true,,3408901,WardR.A02@llcdt.onmicrosoft.com,,,,Rob Ward,,,,e4a22805-d5f7-eb11-94ee-0022481b485d,90fe1150-84f7-46d6-a85a-878bc8843372,,d72aae69-009e-ec11-b400-0022481b09ec,cf2aae69-009e-ec11-b400-0022481b09ec,,,,
,,Non-interactive,,Default Value,,,,,,,Default Value,,,,,,,,,,b753825f-1e6c-497b-a90b-a143dd7e856c,b753825f-1e6c-497b-a90b-a143dd7e856c,7fb4fd16-bbe1-466e-a094-1714aaf5ec78,,Exists,,,false,Dynamics365,Not deleted,,false,,false,,,,1,#,# WGMyBookingsFunctionsDev,,,,Microsoft Dynamics 365 for Outlook,false,Invitation Not Sent,,WGMyBookingsFunctionsDev,Professional,,,,,,82bbde9a-ae14-4df1-854f-001bef30ee3f,,,,,,,,,,Microsoft Dynamics 365 for Outlook,,,,,Mailing Address,Default Value,English,Main Phone,WGMyBookingsFunctio_b753825f-1e6c-497b-a90b-a143dd7e856c@82bbde9a-ae14-4df1-854f-001bef30ee3f.com,Empty,,false,,,,,false,,,,,,92,de784232-3779-ec11-8d21-000d3a87431b,3,false,WGMyBookingsFunctio_b753825f-1e6c-497b-a90b-a143dd7e856c@82bbde9a-ae14-4df1-854f-001bef30ee3f.com,,false,,2875976,WGMyBookingsFunctio_b753825f-1e6c-497b-a90b-a143dd7e856c@82bbde9a-ae14-4df1-854f-001bef30ee3f.com,,,,# WGMyBookingsFunctionsDev,,,,e4a22805-d5f7-eb11-94ee-0022481b485d,5e8bdc26-e487-4f5a-b86f-197d02ee6b3d,1ce27f25-f4f7-eb11-94ee-0022481b485d,f0784232-3779-ec11-8d21-000d3a87431b,ee784232-3779-ec11-8d21-000d3a87431b,,,,
,,Non-interactive,,Default Value,,,,,,,Default Value,,,,,,,,,,8eb073e8-061f-44e6-b45a-d43645a00959,8eb073e8-061f-44e6-b45a-d43645a00959,5a396e18-f7b3-45cf-9ec2-c0c3ef912113,,Exists,,,false,Dynamics365,Not deleted,,false,,false,,,,1,#,# PowerAppsSP,,,,Microsoft Dynamics 365 for Outlook,false,Invitation Not Sent,,PowerAppsSP,Professional,,,,,,82bbde9a-ae14-4df1-854f-001bef30ee3f,,,,,,,,,,Microsoft Dynamics 365 for Outlook,,,,,Mailing Address,Default Value,English,Main Phone,PowerAppsSP_8eb073e8-061f-44e6-b45a-d43645a00959@82bbde9a-ae14-4df1-854f-001bef30ee3f.com,Empty,,false,,,,,false,,,,,,91,a0c287de-fa6e-ec11-8943-000d3a86e24e,3,false,PowerAppsSP_8eb073e8-061f-44e6-b45a-d43645a00959@82bbde9a-ae14-4df1-854f-001bef30ee3f.com,,false,,2693621,PowerAppsSP_8eb073e8-061f-44e6-b45a-d43645a00959@82bbde9a-ae14-4df1-854f-001bef30ee3f.com,,,,# PowerAppsSP,,,,e4a22805-d5f7-eb11-94ee-0022481b485d,b8b5c883-c0c4-4ea1-a3c4-737ee33cbc20,1ce27f25-f4f7-eb11-94ee-0022481b485d,a7c287de-fa6e-ec11-8943-000d3a86e24e,a6c287de-fa6e-ec11-8943-000d3a86e24e,,,,
,,Read-Write,,Default Value,,,,,,,Default Value,,,,,,,,,,,,4f6bc2ca-8b97-407a-a705-b8a006552554,,Exists,,,false,Dynamics365,Not deleted,,false,,false,,,,,Steven,Steven Paget,,,,Server-Side Synchronization or Email Router,false,Invitation Not Sent,,Paget,Enterprise,,,,,,82bbde9a-ae14-4df1-854f-001bef30ee3f,,,,,,,,,,Server-Side Synchronization or Email Router,,,,,Mailing Address,Default Value,,Main Phone,pagets@test.gov.wales,Pending Approval,,false,,,,,false,,,,,,60,3ded8894-9d01-ec11-94ef-0022481b4cd3,67,true,pagets@test.gov.wales,1003200159669BA9,true,,2692894,pagets@test.gov.wales,,,,Steven Paget,,,,e4a22805-d5f7-eb11-94ee-0022481b485d,44bcc2cf-386b-4fe8-ba77-9736d24b7d27,,41ed8894-9d01-ec11-94ef-0022481b4cd3,40ed8894-9d01-ec11-94ef-0022481b4cd3,,,,
,,Administrative,,Default Value,,,,,,,Default Value,,,,,,,,,,,,4b6da572-431b-4716-a6d4-eb84e1f2486e,,Exists,,,false,Dynamics365,Not deleted,,false,,false,,,,,Rob,Rob Tucker,,,,Server-Side Synchronization or Email Router,false,Invitation Not Sent,,Tucker,Administrative,,,,,,82bbde9a-ae14-4df1-854f-001bef30ee3f,,,,,,,,,,Server-Side Synchronization or Email Router,,,,,Mailing Address,Default Value,English,Main Phone,TuckerR.A01@test.gov.wales,Pending Approval,,true,,,,,false,,,,,,90,056ba864-bc47-ec11-8c62-000d3a0cc7c2,-1,false,TuckerR.A01@test.gov.wales,10030000A86A63E0,true,,2192522,TuckerR.A01@test.gov.wales,,,,Rob Tucker,,,,e4a22805-d5f7-eb11-94ee-0022481b485d,55a260b7-58d8-4d4b-be68-c505cc08f31f,,096ba864-bc47-ec11-8c62-000d3a0cc7c2,086ba864-bc47-ec11-8c62-000d3a0cc7c2,,,,
,,Read-Write,,Default Value,,,,,,,Default Value,,,,,,,,,,,,cb4a991a-2ade-4c29-a265-da92759964ee,,Exists,,,false,Dynamics365,Not deleted,,false,,false,,,,,Rob,Rob Ward,,,,Server-Side Synchronization or Email Router,false,Invitation Not Sent,,Ward,Enterprise,,,,,,82bbde9a-ae14-4df1-854f-001bef30ee3f,,,,,,,,,,Server-Side Synchronization or Email Router,,,,,Mailing Address,Default Value,,Main Phone,WardR.A01@test.gov.wales,Pending Approval,,false,,,,,false,,,,,,40,f4b9a765-9d01-ec11-94ef-0022481b4f81,67,false,WardR.A01@test.gov.wales,100320007ED49897,true,,2116921,WardR.A01@test.gov.wales,,,,Rob Ward,,,,e4a22805-d5f7-eb11-94ee-0022481b485d,f76855ca-f342-40ab-9625-c3a20409c493,,fab9a765-9d01-ec11-94ef-0022481b4f81,f9b9a765-9d01-ec11-94ef-0022481b4f81,,,,
,,Read-Write,,Default Value,,,,,,,Default Value,,,,,,,,,,,,31e20495-a602-419e-a4da-9f2c0eb55857,,Exists,,,false,Dynamics365,Not deleted,,false,,false,,,,,Chris,Chris Burton,,,,Server-Side Synchronization or Email Router,false,Invitation Accepted,,Burton,Enterprise,,,,,,82bbde9a-ae14-4df1-854f-001bef30ee3f,,,,,,,,,,Server-Side Synchronization or Email Router,,,,,Mailing Address,Default Value,,Main Phone,chris.burton@test.gov.wales,Pending Approval,,false,,,,,false,,,,,,36,f64abfc0-9c01-ec11-94ef-0022481b4cd3,20,true,chris.burton@test.gov.wales,1003200112EC3A3B,true,,2036676,chris.burton@test.gov.wales,,,,Chris Burton,,,,e4a22805-d5f7-eb11-94ee-0022481b485d,a2a5489d-256a-48b8-a1f5-128ae79de038,,fa4abfc0-9c01-ec11-94ef-0022481b4cd3,f94abfc0-9c01-ec11-94ef-0022481b4cd3,,,,
,,Non-interactive,,Default Value,,,,,,,Default Value,,,,,,,,,,52e50390-b576-4ae0-95ed-e5ea598b6d2a,,,,Exists,,,false,Dynamics365,Not deleted,,false,,false,,,,,#,# ChronusProdFirstParty,,,,Microsoft Dynamics 365 for Outlook,false,Invitation Not Sent,,ChronusProdFirstParty,Professional,,,,,,82bbde9a-ae14-4df1-854f-001bef30ee3f,,,,,,,,,,Microsoft Dynamics 365 for Outlook,,,,,Mailing Address,Default Value,,Main Phone,ChronusProdFirstParty@onmicrosoft.com,Pending Approval,,false,,,,,true,,,,,,63,0ad83a74-b002-ec11-b6e5-000d3a86d2d3,3,false,ChronusProdFirstParty@onmicrosoft.com,,false,,1550736,ChronusProdFirstParty@onmicrosoft.com,,,,# ChronusProdFirstParty,,,,e4a22805-d5f7-eb11-94ee-0022481b485d,f21a4fd8-8607-40f2-a07f-29607f49c1d6,,1cd83a74-b002-ec11-b6e5-000d3a86d2d3,12d83a74-b002-ec11-b6e5-000d3a86d2d3,,,,
,,Non-interactive,,Default Value,,,,,,,Default Value,,,,,,,,,,c9299480-c13a-49db-a7ae-cdfe54fe0313,https://gov.api.advisor.powerapps.us,da6b26ca-4abf-4f4c-a35c-0fe69cbbeaf6,,Exists,,,false,Dynamics365,Not deleted,,false,,false,,,,,Power Apps,Power Apps Checker Application,,,,Server-Side Synchronization or Email Router,false,Invitation Not Sent,,Checker Application,Professional,,,,,,82bbde9a-ae14-4df1-854f-001bef30ee3f,,,,,,,,,,Server-Side Synchronization or Email Router,,,,,Mailing Address,Default Value,,Main Phone,pacheckerapp@microsoft.com,Pending Approval,,false,,,,,false,,,,,,33,99c590af-f2f7-eb11-94ee-0022481b485d,3,false,pacheckerapp@microsoft.com,,false,,1213301,pacheckerapp@microsoft.com,,,,Power Apps Checker Application,,,,e4a22805-d5f7-eb11-94ee-0022481b485d,491677c4-935d-454f-beed-debebf02003a,,9ec590af-f2f7-eb11-94ee-0022481b485d,9dc590af-f2f7-eb11-94ee-0022481b485d,,,,
,,Read-Write,,Default Value,,,,,,,Default Value,,,,,,,,,,,,dd58c0e2-2021-4199-bf1e-7136ea3b6791,,Exists,,,false,Dynamics365,Not deleted,,false,,false,,,,,Philip,Philip Anderton,,,,Server-Side Synchronization or Email Router,false,Invitation Not Sent,,Anderton,Enterprise,,,,,,82bbde9a-ae14-4df1-854f-001bef30ee3f,,,,,,,,,,Server-Side Synchronization or Email Router,,,,,Mailing Address,Default Value,,Main Phone,philip.anderton@test.gov.wales,Pending Approval,,false,,,,,false,,,,,,62,55ed8894-9d01-ec11-94ef-0022481b4cd3,19,true,philip.anderton@test.gov.wales,100320010F5ADF6A,true,,885716,philip.anderton@test.gov.wales,,,,Philip Anderton,,,,e4a22805-d5f7-eb11-94ee-0022481b485d,a133814f-70ae-45df-999b-fc8a1b81041f,,5aed8894-9d01-ec11-94ef-0022481b4cd3,59ed8894-9d01-ec11-94ef-0022481b4cd3,,,,
,,Read-Write,,Default Value,,,,,,,Default Value,,,,,,,,,,,,25fbf37c-8cdb-4f02-8191-42d2d8e608af,,Exists,,,false,Dynamics365,Not deleted,,false,,false,,,,,Paul,Paul Bullock,,,,Server-Side Synchronization or Email Router,false,Invitation Not Sent,,Bullock,Enterprise,,,,,,82bbde9a-ae14-4df1-854f-001bef30ee3f,,,,,,,,,,Server-Side Synchronization or Email Router,,,,,Mailing Address,Default Value,,Main Phone,PBullock@llcdt.onmicrosoft.com,Pending Approval,,false,,,,,false,,,,,,61,4aed8894-9d01-ec11-94ef-0022481b4cd3,20,true,PBullock@test.gov.wales,1003BFFDA7FD26F8,true,,885686,PBullock@test.gov.wales,,,,Paul Bullock,,,,e4a22805-d5f7-eb11-94ee-0022481b485d,a5678f25-f49f-4e2c-9432-15b1f4956284,,4eed8894-9d01-ec11-94ef-0022481b4cd3,4ded8894-9d01-ec11-94ef-0022481b4cd3,,,,
,,Read-Write,,Default Value,,,,,,,Default Value,,,,,,,,,,,,91a6d053-b23d-472d-9ca1-c668c0898f43,,Exists,,,false,Dynamics365,Not deleted,,false,,false,,,,,Matthew,Matthew Suter,,,,Server-Side Synchronization or Email Router,false,Invitation Not Sent,,Suter,Enterprise,,,,,,82bbde9a-ae14-4df1-854f-001bef30ee3f,,,,,,,,,,Server-Side Synchronization or Email Router,,,,,Mailing Address,Default Value,,Main Phone,Matthew.Suter@test.gov.wales,Pending Approval,,false,,,,,false,,,,,,58,b67f2c8e-9d01-ec11-94ef-0022481b4cd3,20,true,Matthew.Suter@test.gov.wales,10030000A95C04E9,true,,885597,Matthew.Suter@test.gov.wales,,,,Matthew Suter,,,,e4a22805-d5f7-eb11-94ee-0022481b485d,11a888cc-deeb-4c86-8337-4d5ecb4927e0,,ba7f2c8e-9d01-ec11-94ef-0022481b4cd3,b97f2c8e-9d01-ec11-94ef-0022481b4cd3,,,,
,,Read-Write,,Default Value,,,,,,,Default Value,,,,,,,,,,,,299b952b-cfb5-4e8e-aebe-5168736fc2d4,,Exists,,,false,Dynamics365,Not deleted,,false,,false,,,,,David,David Pritchard,,,,Server-Side Synchronization or Email Router,false,Invitation Not Sent,,Pritchard,Enterprise,,,,,,82bbde9a-ae14-4df1-854f-001bef30ee3f,,,,,,,,,,Server-Side Synchronization or Email Router,,,,,Mailing Address,Default Value,,Main Phone,PritchardD006@llcdt.onmicrosoft.com,Pending Approval,,false,,,,,false,,,,,,57,a77f2c8e-9d01-ec11-94ef-0022481b4cd3,20,true,David.Pritchard.ext@test.gov.wales,10032000465C076D,true,,885568,David.Pritchard.ext@test.gov.wales,,,,David Pritchard,,,,e4a22805-d5f7-eb11-94ee-0022481b485d,09733d95-5559-4357-bdf2-72e6345f2e75,,ad7f2c8e-9d01-ec11-94ef-0022481b4cd3,ac7f2c8e-9d01-ec11-94ef-0022481b4cd3,,,,
,,Read-Write,,Default Value,,,,,,,Default Value,,,,,,,,,,,,88df298c-95ed-4588-8166-ffa6254d9b33,,Exists,,,false,Dynamics365,Not deleted,,false,,false,,,,,Anthony,Anthony Crowdie-Morgan,,,,Server-Side Synchronization or Email Router,false,Invitation Not Sent,,Crowdie-Morgan,Enterprise,,,,,,82bbde9a-ae14-4df1-854f-001bef30ee3f,,,,,,,,,,Server-Side Synchronization or Email Router,,,,,Mailing Address,Default Value,,Main Phone,Crowdie-Morgan@test.gov.wales,Pending Approval,,false,,,,,false,,,,,,56,9e7f2c8e-9d01-ec11-94ef-0022481b4cd3,20,true,Crowdie-Morgan@test.gov.wales,100320012F212B0D,true,,885539,Crowdie-Morgan@test.gov.wales,,,,Anthony Crowdie-Morgan,,,,e4a22805-d5f7-eb11-94ee-0022481b485d,b72dac64-b8c9-4caf-bf3f-16778b604c8e,,a27f2c8e-9d01-ec11-94ef-0022481b4cd3,a17f2c8e-9d01-ec11-94ef-0022481b4cd3,,,,
,,Read-Write,,Default Value,,,,,,,Default Value,,,,,,,,,,,,0ec65d58-380b-4ee0-a11c-75839511759f,,Exists,,,false,Dynamics365,Not deleted,,false,,false,,,,,Gary,Gary Kingsbury,,,,Server-Side Synchronization or Email Router,false,Invitation Not Sent,,Kingsbury,Enterprise,,,,,,82bbde9a-ae14-4df1-854f-001bef30ee3f,,,,,,,,,,Server-Side Synchronization or Email Router,,,,,Mailing Address,Default Value,,Main Phone,Gary.Kingsbury@test.gov.wales,Pending Approval,,false,,,,,false,,,,,,54,857f2c8e-9d01-ec11-94ef-0022481b4cd3,20,true,Gary.Kingsbury@test.gov.wales,10037FFEA7FEA918,true,,885479,Gary.Kingsbury@test.gov.wales,,,,Gary Kingsbury,,,,e4a22805-d5f7-eb11-94ee-0022481b485d,b12bef1b-60c7-4d85-97dc-4495609dbfd6,,897f2c8e-9d01-ec11-94ef-0022481b4cd3,887f2c8e-9d01-ec11-94ef-0022481b4cd3,,,,
,,Read-Write,,Default Value,,,,,,,Default Value,,,,,,,,,,,,04c80f22-b2cb-456e-96f7-aaf5a96e8b13,,Exists,,,false,Dynamics365,Not deleted,,false,,false,,,,,David,David Griffiths,,,,Server-Side Synchronization or Email Router,false,Invitation Not Sent,,Griffiths,Enterprise,,,,,,82bbde9a-ae14-4df1-854f-001bef30ee3f,,,,,,,,,,Server-Side Synchronization or Email Router,,,,,Mailing Address,Default Value,,Main Phone,Griffithsd002.ext.A02@test.gov.wales,Pending Approval,,false,,,,,false,,,,,,53,777f2c8e-9d01-ec11-94ef-0022481b4cd3,20,true,Griffithsd002.ext.A02@test.gov.wales,100320004E5D52B4,true,,885450,Griffithsd002.ext.A02@test.gov.wales,,,,David Griffiths,,,,e4a22805-d5f7-eb11-94ee-0022481b485d,9a6f60d7-cbb7-4036-a450-3b55fa5f4d7c,,7c7f2c8e-9d01-ec11-94ef-0022481b4cd3,7a7f2c8e-9d01-ec11-94ef-0022481b4cd3,,,,
,,Read-Write,,Default Value,,,,,,,Default Value,,,,,,,,,,,,f226a416-9535-4a5b-a2d6-2126ba11a728,,Exists,,,false,Dynamics365,Not deleted,,false,,false,,,,,Sharon,Sharon Roberts,,,,Server-Side Synchronization or Email Router,false,Invitation Not Sent,,Roberts,Enterprise,,,,,,82bbde9a-ae14-4df1-854f-001bef30ee3f,,,,,,,,,,Server-Side Synchronization or Email Router,,,,,Mailing Address,Default Value,,Main Phone,RobertsS@test.gov.wales,Pending Approval,,false,,,,,false,,,,,,52,98fcdd6b-9d01-ec11-94ef-0022481b4f81,20,true,RobertsS@test.gov.wales,10037FFEA7FE9FBD,true,,885287,RobertsS@test.gov.wales,,,,Sharon Roberts,,,,e4a22805-d5f7-eb11-94ee-0022481b485d,6901965e-5133-4bd0-9cd8-e5863e6698da,,9cfcdd6b-9d01-ec11-94ef-0022481b4f81,9bfcdd6b-9d01-ec11-94ef-0022481b4f81,,,,
,,Administrative,,Default Value,,,,,,,Default Value,,,,,,,,,,,,b2f6b79b-326b-4a14-81c5-2747834e63ae,,Exists,,,false,Dynamics365,Not deleted,,false,,false,,,,,#,# wgcloudenterpriseservices,,,,Server-Side Synchronization or Email Router,false,Invitation Not Sent,,wgcloudenterpriseservices,Administrative,,,,,,82bbde9a-ae14-4df1-854f-001bef30ee3f,,,,,,,,,,Server-Side Synchronization or Email Router,,,,,Mailing Address,Default Value,,Main Phone,wgcloudenterpriseservices@wales.gsi.gov.uk,Pending Approval,,true,,,,,false,,,,,,51,8fbaa765-9d01-ec11-94ef-0022481b4f81,-1,false,wgcloudenterpriseservices_wales.gsi.gov.uk#EXT#@llcdt.onmicrosoft.com,10030000A8CE6B91,true,,885221,wgcloudenterpriseservices_wales.gsi.gov.uk#EXT#@llcdt.onmicrosoft.com,,,,# wgcloudenterpriseservices,,,,e4a22805-d5f7-eb11-94ee-0022481b485d,5ed2e86f-1b26-4b48-980d-b5dafd26aca5,,97baa765-9d01-ec11-94ef-0022481b4f81,96baa765-9d01-ec11-94ef-0022481b4f81,,,,
,,Administrative,,Default Value,,,,,,,Default Value,,,,,,,,,,,,dca19747-ec59-4485-82b2-37be0dfe06b4,,Exists,,,false,Dynamics365,Not deleted,,false,,false,,,,,Gwyn,Gwyn Gaylard,,,,Server-Side Synchronization or Email Router,false,Invitation Not Sent,,Gaylard,Administrative,,,,,,82bbde9a-ae14-4df1-854f-001bef30ee3f,,,,,,,,,,Server-Side Synchronization or Email Router,,,,,Mailing Address,Default Value,,Main Phone,Gwyn.Gaylard@test.gov.wales,Pending Approval,,true,,,,,false,,,,,,50,7cbaa765-9d01-ec11-94ef-0022481b4f81,-1,false,GaylardG.A01@test.gov.wales,10030000A86A657C,true,,885179,GaylardG.A01@test.gov.wales,,,,Gwyn Gaylard,,,,e4a22805-d5f7-eb11-94ee-0022481b485d,690463bf-9e8d-44e6-ba9a-a6bb6af17556,,86baa765-9d01-ec11-94ef-0022481b4f81,84baa765-9d01-ec11-94ef-0022481b4f81,,,,
,,Read-Write,,Default Value,,,,,,,Default Value,,,,,,,,,,,,67362220-93da-4c88-8c9e-fff336a203a4,,Exists,,,false,Dynamics365,Not deleted,,false,,false,,,,,Richard,Richard Barry,,,,Server-Side Synchronization or Email Router,false,Invitation Not Sent,,Barry,Enterprise,,,,,,82bbde9a-ae14-4df1-854f-001bef30ee3f,,,,,,,,,,Server-Side Synchronization or Email Router,,,,,Mailing Address,Default Value,,Main Phone,barryr.a01@test.gov.wales,Pending Approval,,false,,,,,false,,,,,,49,79baa765-9d01-ec11-94ef-0022481b4f81,20,true,barryr.a01@test.gov.wales,10033FFFA84F21B7,true,,885152,barryr.a01@test.gov.wales,,,,Richard Barry,,,,e4a22805-d5f7-eb11-94ee-0022481b485d,df18d8bc-05ca-4ff8-a0b5-3d977a6c704b,,80baa765-9d01-ec11-94ef-0022481b4f81,7fbaa765-9d01-ec11-94ef-0022481b4f81,,,,
,,Administrative,,Default Value,,,,,,,Default Value,,,,,,,,,,,,f6859b5f-814e-4912-9ce3-3ea0b1fade08,,Exists,,,false,Dynamics365,Not deleted,,false,,false,,,,,Gavin,Gavin James,,,,Server-Side Synchronization or Email Router,false,Invitation Not Sent,,James,Administrative,,,,,,82bbde9a-ae14-4df1-854f-001bef30ee3f,,,,,,,,,,Server-Side Synchronization or Email Router,,,,,Mailing Address,Default Value,,Main Phone,adm_JamesG@llcdt.onmicrosoft.com,Pending Approval,,true,,,,,false,,,,,,48,61baa765-9d01-ec11-94ef-0022481b4f81,-1,false,JamesG.A01@test.gov.wales,1003BFFDA7FD23FA,true,,885054,JamesG.A01@test.gov.wales,,,,Gavin James,,,,e4a22805-d5f7-eb11-94ee-0022481b485d,c5626c06-08cc-4be3-8d67-035f56c9b23b,,68baa765-9d01-ec11-94ef-0022481b4f81,66baa765-9d01-ec11-94ef-0022481b4f81,,,,
,,Administrative,,Default Value,,,,,,,Default Value,,,,,,,,,,,,3c925303-ab35-496a-8424-3d332b0fe80c,,Exists,,,false,Dynamics365,Not deleted,,false,,false,,,,,#,# wgcloudenterpriseservices,,,,Server-Side Synchronization or Email Router,false,Invitation Not Sent,,wgcloudenterpriseservices,Administrative,,,,,,82bbde9a-ae14-4df1-854f-001bef30ee3f,,,,,,,,,,Server-Side Synchronization or Email Router,,,,,Mailing Address,Default Value,,Main Phone,wgcloudenterpriseservices@barabrith.cloud,Pending Approval,,true,,,,,false,,,,,,47,3bbaa765-9d01-ec11-94ef-0022481b4f81,-1,false,wgcloudenterpriseservices_barabrith.cloud#EXT#@llcdt.onmicrosoft.com,10030000A8D5405A,true,,885004,wgcloudenterpriseservices_barabrith.cloud#EXT#@llcdt.onmicrosoft.com,,,,# wgcloudenterpriseservices,,,,e4a22805-d5f7-eb11-94ee-0022481b485d,39b2cde1-a37e-4489-88dd-e1cc3033c6f7,,54baa765-9d01-ec11-94ef-0022481b4f81,4bbaa765-9d01-ec11-94ef-0022481b4f81,,,,
,,Administrative,,Default Value,,,,,,,Default Value,,,,,,,,,,,,25a7ee3d-e8dd-4b35-ae1d-a080bb2c1f7a,,Exists,,,false,Dynamics365,Not deleted,,false,,false,,,,,MAllott.Admin,MAllott.Admin #,,,,Server-Side Synchronization or Email Router,false,Invitation Not Sent,,#,Administrative,,,,,,82bbde9a-ae14-4df1-854f-001bef30ee3f,,,,,,,,,,Server-Side Synchronization or Email Router,,,,,Mailing Address,Default Value,,Main Phone,AllottM.A01@test.gov.wales,Pending Approval,,true,,,,,false,,,,,,46,37baa765-9d01-ec11-94ef-0022481b4f81,-1,false,AllottM.A01@test.gov.wales,10030000A86A657A,true,,885003,AllottM.A01@test.gov.wales,,,,MAllott.Admin #,,,,e4a22805-d5f7-eb11-94ee-0022481b485d,02f07152-2ba8-4983-9de2-aba4ad7e27d9,,4ebaa765-9d01-ec11-94ef-0022481b4f81,4abaa765-9d01-ec11-94ef-0022481b4f81,,,,
,,Administrative,,Default Value,,,,,,,Default Value,,,,,,,,,,,,6e89a929-cdc3-4941-9fdf-75ac05e9aa76,,Exists,,,false,Dynamics365,Not deleted,,false,,false,,,,,#,# wgcloudsapservices,,,,Server-Side Synchronization or Email Router,false,Invitation Not Sent,,wgcloudsapservices,Administrative,,,,,,82bbde9a-ae14-4df1-854f-001bef30ee3f,,,,,,,,,,Server-Side Synchronization or Email Router,,,,,Mailing Address,Default Value,,Main Phone,wgcloudsapservices@barabrith.cloud,Pending Approval,,true,,,,,false,,,,,,44,2bbaa765-9d01-ec11-94ef-0022481b4f81,-1,false,wgcloudsapservices_barabrith.cloud#EXT#@llcdt.onmicrosoft.com,10030000AA08F421,true,,885001,wgcloudsapservices_barabrith.cloud#EXT#@llcdt.onmicrosoft.com,,,,# wgcloudsapservices,,,,e4a22805-d5f7-eb11-94ee-0022481b485d,d5c86531-4015-494c-9c62-3bb1bc0b10c2,,4fbaa765-9d01-ec11-94ef-0022481b4f81,4cbaa765-9d01-ec11-94ef-0022481b4f81,,,,
,,Administrative,,Default Value,,,,,,,Default Value,,,,,,,,,,,,aad861c9-1ad7-453c-8824-bf7cda89bf78,,Exists,,,false,Dynamics365,Not deleted,,false,,false,,,,,Austin,Austin Bellaris,,,,Server-Side Synchronization or Email Router,false,Invitation Not Sent,,Bellaris,Administrative,,,,,,82bbde9a-ae14-4df1-854f-001bef30ee3f,,,,,,,,,,Server-Side Synchronization or Email Router,,,,,Mailing Address,Default Value,,Main Phone,bellarisa.admin@test.gov.wales,Pending Approval,,true,,,,,false,,,,,,45,32baa765-9d01-ec11-94ef-0022481b4f81,-1,false,BellarisA.ext.a01@test.gov.wales,10030000A835C874,true,,884987,BellarisA.ext.a01@test.gov.wales,,,,Austin Bellaris,,,,e4a22805-d5f7-eb11-94ee-0022481b485d,d467be9f-6b69-499f-b50b-b2393371854d,,50baa765-9d01-ec11-94ef-0022481b4f81,4dbaa765-9d01-ec11-94ef-0022481b4f81,,,,
,,Administrative,,Default Value,,,,,,,Default Value,,,,,,,,,,,,de3aa3a2-2906-45c3-8148-403d2dfa0686,,Exists,,,false,Dynamics365,Not deleted,,false,,false,,,,,#,"# Scott (Admin), Ben",,,,Server-Side Synchronization or Email Router,false,Invitation Not Sent,,"Scott (Admin), Ben",Administrative,,,,,,82bbde9a-ae14-4df1-854f-001bef30ee3f,,,,,,,,,,Server-Side Synchronization or Email Router,,,,,Mailing Address,Default Value,,Main Phone,scottb.admin@gov.wales,Pending Approval,,true,,,,,false,,,,,,42,17baa765-9d01-ec11-94ef-0022481b4f81,-1,false,scottb.admin_gov.wales#EXT#@llcdt.onmicrosoft.com,10030000AAC7CA59,true,,884743,scottb.admin_gov.wales#EXT#@llcdt.onmicrosoft.com,,,,"# Scott (Admin), Ben",,,,e4a22805-d5f7-eb11-94ee-0022481b485d,f91c59f8-9900-45d5-aa91-4d32f40985ac,,1ebaa765-9d01-ec11-94ef-0022481b4f81,1bbaa765-9d01-ec11-94ef-0022481b4f81,,,,
,,Read-Write,,Default Value,,,,,,,Default Value,,,,,,,,,,,,c934dc12-f0e7-49af-8c05-c95a9905dc57,,Exists,,,false,Dynamics365,Not deleted,,false,,false,,,,,Philip,Philip Anderton,,,,Server-Side Synchronization or Email Router,false,Invitation Not Sent,,Anderton,Enterprise,,,,,,82bbde9a-ae14-4df1-854f-001bef30ee3f,,,,,,,,,,Server-Side Synchronization or Email Router,,,,,Mailing Address,Default Value,,Main Phone,AndertonP.A01@test.gov.wales,Pending Approval,,false,,,,,false,,,,,,41,08baa765-9d01-ec11-94ef-0022481b4f81,20,true,AndertonP.A01@test.gov.wales,100320003D4D7646,true,,884653,AndertonP.A01@test.gov.wales,,,,Philip Anderton,,,,e4a22805-d5f7-eb11-94ee-0022481b485d,752a4fa5-9076-4e81-a9f9-cfdea60799d0,,0cbaa765-9d01-ec11-94ef-0022481b4f81,0bbaa765-9d01-ec11-94ef-0022481b4f81,,,,
,,Administrative,,Default Value,,,,,,,Default Value,,,,,,,,,,,,9def3c77-ecc9-40b2-9223-3d0881c36732,,Exists,,,false,Dynamics365,Not deleted,,false,,false,,,,,#,# WGBGICEAct,,,,Server-Side Synchronization or Email Router,false,Invitation Not Sent,,WGBGICEAct,Administrative,,,,,,82bbde9a-ae14-4df1-854f-001bef30ee3f,,,,,,,,,,Server-Side Synchronization or Email Router,,,,,Mailing Address,Default Value,,Main Phone,WGBGICEAct@llcdt.onmicrosoft.com,Pending Approval,,true,,,,,false,,,,,,39,deb9a765-9d01-ec11-94ef-0022481b4f81,-1,false,WGBGICEAct@llcdt.onmicrosoft.com,100320016AC818AB,true,,884572,WGBGICEAct@llcdt.onmicrosoft.com,,,,# WGBGICEAct,,,,e4a22805-d5f7-eb11-94ee-0022481b485d,2c32582e-3b3d-497c-ac21-a4218a7b1121,,ebb9a765-9d01-ec11-94ef-0022481b4f81,e6b9a765-9d01-ec11-94ef-0022481b4f81,,,,
,,Administrative,,Default Value,,,,,,,Default Value,,,,,,,,,,,,bb68b50e-81e0-494f-ab37-29a80e9f331b,,Exists,,,false,Dynamics365,Not deleted,,false,,false,,,,,#,# admin,,,,Server-Side Synchronization or Email Router,false,Invitation Not Sent,,admin,Administrative,,,,,,82bbde9a-ae14-4df1-854f-001bef30ee3f,,,,,,,,,,Server-Side Synchronization or Email Router,,,,,Mailing Address,Default Value,,Main Phone,admin@llcdt.onmicrosoft.com,Pending Approval,,true,,,,,false,,,,,,38,dcb9a765-9d01-ec11-94ef-0022481b4f81,-1,false,admin@llcdt.onmicrosoft.com,1003BFFDA7B5E0BB,true,,884558,admin@llcdt.onmicrosoft.com,,,,# admin,,,,e4a22805-d5f7-eb11-94ee-0022481b485d,31e40f96-791b-4e2c-aa79-393c7d2c56f1,,e7b9a765-9d01-ec11-94ef-0022481b4f81,e2b9a765-9d01-ec11-94ef-0022481b4f81,,,,
,,Read-Write,,Default Value,,,,,,,Default Value,,,,,,,,,,,,44a854cf-8e4b-4a73-9165-2782227133b4,,Exists,,,false,Dynamics365,Not deleted,,false,,false,,,,,Andrew,Andrew James,,,,Server-Side Synchronization or Email Router,false,Invitation Not Sent,,James,Enterprise,,,,,,82bbde9a-ae14-4df1-854f-001bef30ee3f,,,,,,,,,,Server-Side Synchronization or Email Router,,,,,Mailing Address,Default Value,,Main Phone,ajames.admin@xm.int1,Pending Approval,,false,,,,,false,,,,,,37,d5b9a765-9d01-ec11-94ef-0022481b4f81,20,true,JamesA009.A02@test.gov.wales,10037FFEA833D895,true,,884548,JamesA009.A02@test.gov.wales,,,,Andrew James,,,,e4a22805-d5f7-eb11-94ee-0022481b485d,d8f1514b-419a-485a-986f-5347efc92e2c,,dfb9a765-9d01-ec11-94ef-0022481b4f81,dab9a765-9d01-ec11-94ef-0022481b4f81,,,,
,,Read-Write,,,,,,,,,,,,,,,,,,,,,,,Exists,,,false,CRM,Not deleted,,,,false,,,,,,INTEGRATION,,,,Microsoft Dynamics 365 for Outlook,false,Invitation Not Sent,,INTEGRATION,Professional,,,,,,82bbde9a-ae14-4df1-854f-001bef30ee3f,,,,,,,,,,Microsoft Dynamics 365 for Outlook,,,,,,,,,,Empty,,false,,,,,true,,,,,,2,caa16d59-db73-4cd3-bcef-ad6f710a5057,3,false,,,false,,815798,,,,,,,,,e4a22805-d5f7-eb11-94ee-0022481b485d,,,,,,,,
,,Read-Write,,,,,,,,,,,,,,,,,,,,,,,Exists,,,false,CRM,Not deleted,,,,false,,,,,,SYSTEM,,,,Microsoft Dynamics 365 for Outlook,false,Invitation Not Sent,,SYSTEM,Professional,,,,,,82bbde9a-ae14-4df1-854f-001bef30ee3f,,,,,,,,,,Microsoft Dynamics 365 for Outlook,,,,,,,,,,Empty,,false,,,,,true,,,,,,1,e03ec0a9-a6ee-44c9-93d3-15eb4e87088c,3,false,,,false,,815797,,,,,,,,,e4a22805-d5f7-eb11-94ee-0022481b485d,,,,,,,,
,,Delegated Admin,,,,,,,,,,,,,,,,,,,,,,,Exists,,,false,Dynamics365,Not deleted,,,,false,,,,,Delegated Admin,Delegated Admin,,,,Server-Side Synchronization or Email Router,false,Invitation Not Sent,,,Professional,,,,,,82bbde9a-ae14-4df1-854f-001bef30ee3f,,,,,,,,,,Server-Side Synchronization or Email Router,,,,,,,,,crmoln2@microsoft.com,Empty,,false,,,,,false,,,,,,35,0f8c6137-f4f7-eb11-94ee-0022481b485d,3,false,crmoln2@microsoft.com,,false,,815796,crmoln2@microsoft.com,,,,Delegated Admin,,,,e4a22805-d5f7-eb11-94ee-0022481b485d,b1704fa9-e3fa-4cae-a48b-acfde9d4858f,,138c6137-f4f7-eb11-94ee-0022481b485d,128c6137-f4f7-eb11-94ee-0022481b485d,,,,
,,Support User,,,,,,,,,,,,,,,,,,,,,,,Exists,,,false,Dynamics365,Not deleted,,,,false,,,,,Support,Support User,,,,Server-Side Synchronization or Email Router,false,Invitation Not Sent,,User,Professional,,,,,,82bbde9a-ae14-4df1-854f-001bef30ee3f,,,,,,,,,,Server-Side Synchronization or Email Router,,,,,,,,,crmoln@microsoft.com,Empty,,false,,,,,false,,,,,,34,068c6137-f4f7-eb11-94ee-0022481b485d,3,false,crmoln@microsoft.com,,false,,815795,crmoln@microsoft.com,,,,Support User,,,,e4a22805-d5f7-eb11-94ee-0022481b485d,9aa8350b-fb82-4171-bd5e-19413beb7420,,0a8c6137-f4f7-eb11-94ee-0022481b485d,098c6137-f4f7-eb11-94ee-0022481b485d,,,,
