wg_carparkingspaceid,wg_disabledspace,wg_electriccarcharging,wg_external,importsequencenumber,wg_inuse,wg_internal,wg_spaceid,statuscode,statecode,timezoneruleversionnumber,utcconversiontimezonecode,versionnumber,wg_facility,owningbusinessunit,wg_spacesize
d184f1a4-5ff4-eb11-94ee-0022484053b4,true,true,true,4,true,true,28,1,0,0,0,886421,200c38f2-8bf3-eb11-94ef-0022484058b8,e4a22805-d5f7-eb11-94ee-0022481b485d,ccb02cde-a5c7-eb11-bacc-000d3ad5ff90
d384f1a4-5ff4-eb11-94ee-0022484053b4,true,true,true,4,true,true,30,1,0,0,0,886420,200c38f2-8bf3-eb11-94ef-0022484058b8,e4a22805-d5f7-eb11-94ee-0022481b485d,ccb02cde-a5c7-eb11-bacc-000d3ad5ff90
d584f1a4-5ff4-eb11-94ee-0022484053b4,false,false,true,4,true,false,168,1,0,0,0,886419,200c38f2-8bf3-eb11-94ef-0022484058b8,e4a22805-d5f7-eb11-94ee-0022481b485d,ccb02cde-a5c7-eb11-bacc-000d3ad5ff90
d784f1a4-5ff4-eb11-94ee-0022484053b4,false,false,true,4,true,false,169,1,0,0,0,886418,200c38f2-8bf3-eb11-94ef-0022484058b8,e4a22805-d5f7-eb11-94ee-0022481b485d,ccb02cde-a5c7-eb11-bacc-000d3ad5ff90
d984f1a4-5ff4-eb11-94ee-0022484053b4,false,false,true,4,true,false,170,1,0,0,0,886417,200c38f2-8bf3-eb11-94ef-0022484058b8,e4a22805-d5f7-eb11-94ee-0022481b485d,ccb02cde-a5c7-eb11-bacc-000d3ad5ff90
db84f1a4-5ff4-eb11-94ee-0022484053b4,false,false,true,4,true,false,171,1,0,0,0,886416,200c38f2-8bf3-eb11-94ef-0022484058b8,e4a22805-d5f7-eb11-94ee-0022481b485d,ccb02cde-a5c7-eb11-bacc-000d3ad5ff90
dd84f1a4-5ff4-eb11-94ee-0022484053b4,false,false,true,4,true,false,172,1,0,0,0,886415,200c38f2-8bf3-eb11-94ef-0022484058b8,e4a22805-d5f7-eb11-94ee-0022481b485d,ccb02cde-a5c7-eb11-bacc-000d3ad5ff90
df84f1a4-5ff4-eb11-94ee-0022484053b4,false,false,true,4,true,false,173,1,0,0,0,886414,200c38f2-8bf3-eb11-94ef-0022484058b8,e4a22805-d5f7-eb11-94ee-0022481b485d,ccb02cde-a5c7-eb11-bacc-000d3ad5ff90
e184f1a4-5ff4-eb11-94ee-0022484053b4,false,false,true,4,true,false,174,1,0,0,0,886413,200c38f2-8bf3-eb11-94ef-0022484058b8,e4a22805-d5f7-eb11-94ee-0022481b485d,ccb02cde-a5c7-eb11-bacc-000d3ad5ff90
e384f1a4-5ff4-eb11-94ee-0022484053b4,false,false,true,4,true,false,175,1,0,0,0,886412,200c38f2-8bf3-eb11-94ef-0022484058b8,e4a22805-d5f7-eb11-94ee-0022481b485d,ccb02cde-a5c7-eb11-bacc-000d3ad5ff90
e584f1a4-5ff4-eb11-94ee-0022484053b4,false,false,true,4,true,false,176,1,0,0,0,886411,200c38f2-8bf3-eb11-94ef-0022484058b8,e4a22805-d5f7-eb11-94ee-0022481b485d,ccb02cde-a5c7-eb11-bacc-000d3ad5ff90
e784f1a4-5ff4-eb11-94ee-0022484053b4,false,false,true,4,true,false,177,1,0,0,0,886410,200c38f2-8bf3-eb11-94ef-0022484058b8,e4a22805-d5f7-eb11-94ee-0022481b485d,ccb02cde-a5c7-eb11-bacc-000d3ad5ff90
e984f1a4-5ff4-eb11-94ee-0022484053b4,false,false,true,4,true,false,L001,1,0,0,0,886409,2e00d262-3bf4-eb11-94ef-00224840528a,e4a22805-d5f7-eb11-94ee-0022481b485d,ccb02cde-a5c7-eb11-bacc-000d3ad5ff90
ed84f1a4-5ff4-eb11-94ee-0022484053b4,true,false,true,4,true,false,L003,1,0,0,0,886408,2e00d262-3bf4-eb11-94ef-00224840528a,e4a22805-d5f7-eb11-94ee-0022481b485d,ccb02cde-a5c7-eb11-bacc-000d3ad5ff90
eb84f1a4-5ff4-eb11-94ee-0022484053b4,false,false,true,4,true,false,L002,1,0,0,0,886407,2e00d262-3bf4-eb11-94ef-00224840528a,e4a22805-d5f7-eb11-94ee-0022481b485d,ccb02cde-a5c7-eb11-bacc-000d3ad5ff90
f184f1a4-5ff4-eb11-94ee-0022484053b4,true,true,true,4,true,false,L006,1,0,0,0,886406,2e00d262-3bf4-eb11-94ef-00224840528a,e4a22805-d5f7-eb11-94ee-0022481b485d,ccb02cde-a5c7-eb11-bacc-000d3ad5ff90
ef84f1a4-5ff4-eb11-94ee-0022484053b4,true,false,true,4,true,false,L005,1,0,0,0,886405,2e00d262-3bf4-eb11-94ef-00224840528a,e4a22805-d5f7-eb11-94ee-0022481b485d,ccb02cde-a5c7-eb11-bacc-000d3ad5ff90
f584f1a4-5ff4-eb11-94ee-0022484053b4,false,false,true,4,true,false,L008,1,0,0,0,886404,2e00d262-3bf4-eb11-94ef-00224840528a,e4a22805-d5f7-eb11-94ee-0022481b485d,ccb02cde-a5c7-eb11-bacc-000d3ad5ff90
f384f1a4-5ff4-eb11-94ee-0022484053b4,false,true,true,4,true,false,L007,1,0,0,0,886403,2e00d262-3bf4-eb11-94ef-00224840528a,e4a22805-d5f7-eb11-94ee-0022481b485d,ccb02cde-a5c7-eb11-bacc-000d3ad5ff90
f784f1a4-5ff4-eb11-94ee-0022484053b4,false,false,true,4,true,false,L009,1,0,0,0,886402,2e00d262-3bf4-eb11-94ef-00224840528a,e4a22805-d5f7-eb11-94ee-0022481b485d,ccb02cde-a5c7-eb11-bacc-000d3ad5ff90
f984f1a4-5ff4-eb11-94ee-0022484053b4,false,false,true,4,true,false,1001,1,0,0,0,886401,2e00d262-3bf4-eb11-94ef-00224840528a,e4a22805-d5f7-eb11-94ee-0022481b485d,ccb02cde-a5c7-eb11-bacc-000d3ad5ff90
fd84f1a4-5ff4-eb11-94ee-0022484053b4,false,false,true,4,true,false,1003,1,0,0,0,886400,2e00d262-3bf4-eb11-94ef-00224840528a,e4a22805-d5f7-eb11-94ee-0022481b485d,ccb02cde-a5c7-eb11-bacc-000d3ad5ff90
fb84f1a4-5ff4-eb11-94ee-0022484053b4,false,false,true,4,true,false,1002,1,0,0,0,886399,2e00d262-3bf4-eb11-94ef-00224840528a,e4a22805-d5f7-eb11-94ee-0022481b485d,ccb02cde-a5c7-eb11-bacc-000d3ad5ff90
0185f1a4-5ff4-eb11-94ee-0022484053b4,false,false,true,4,true,false,1005,1,0,0,0,886398,2e00d262-3bf4-eb11-94ef-00224840528a,e4a22805-d5f7-eb11-94ee-0022481b485d,ccb02cde-a5c7-eb11-bacc-000d3ad5ff90
ff84f1a4-5ff4-eb11-94ee-0022484053b4,false,false,true,4,true,false,1004,1,0,0,0,886397,2e00d262-3bf4-eb11-94ef-00224840528a,e4a22805-d5f7-eb11-94ee-0022481b485d,ccb02cde-a5c7-eb11-bacc-000d3ad5ff90
0585f1a4-5ff4-eb11-94ee-0022484053b4,false,false,false,4,true,true,1013,1,0,0,0,886396,2e00d262-3bf4-eb11-94ef-00224840528a,e4a22805-d5f7-eb11-94ee-0022481b485d,ccb02cde-a5c7-eb11-bacc-000d3ad5ff90
0385f1a4-5ff4-eb11-94ee-0022484053b4,false,false,true,4,true,false,1006,1,0,0,0,886395,2e00d262-3bf4-eb11-94ef-00224840528a,e4a22805-d5f7-eb11-94ee-0022481b485d,ccb02cde-a5c7-eb11-bacc-000d3ad5ff90
0985f1a4-5ff4-eb11-94ee-0022484053b4,false,false,false,4,true,true,1016,1,0,0,0,886394,2e00d262-3bf4-eb11-94ef-00224840528a,e4a22805-d5f7-eb11-94ee-0022481b485d,ccb02cde-a5c7-eb11-bacc-000d3ad5ff90
0785f1a4-5ff4-eb11-94ee-0022484053b4,false,false,false,4,true,true,1014,1,0,0,0,886393,2e00d262-3bf4-eb11-94ef-00224840528a,e4a22805-d5f7-eb11-94ee-0022481b485d,ccb02cde-a5c7-eb11-bacc-000d3ad5ff90
0d85f1a4-5ff4-eb11-94ee-0022484053b4,false,false,true,4,true,false,1033,1,0,0,0,886392,2e00d262-3bf4-eb11-94ef-00224840528a,e4a22805-d5f7-eb11-94ee-0022481b485d,ccb02cde-a5c7-eb11-bacc-000d3ad5ff90
0b85f1a4-5ff4-eb11-94ee-0022484053b4,false,false,false,4,true,true,1017,1,0,0,0,886391,2e00d262-3bf4-eb11-94ef-00224840528a,e4a22805-d5f7-eb11-94ee-0022481b485d,ccb02cde-a5c7-eb11-bacc-000d3ad5ff90
1185f1a4-5ff4-eb11-94ee-0022484053b4,false,false,true,4,true,false,1035,1,0,0,0,886390,2e00d262-3bf4-eb11-94ef-00224840528a,e4a22805-d5f7-eb11-94ee-0022481b485d,ccb02cde-a5c7-eb11-bacc-000d3ad5ff90
0f85f1a4-5ff4-eb11-94ee-0022484053b4,false,false,true,4,true,false,1034,1,0,0,0,886389,2e00d262-3bf4-eb11-94ef-00224840528a,e4a22805-d5f7-eb11-94ee-0022481b485d,ccb02cde-a5c7-eb11-bacc-000d3ad5ff90
1585f1a4-5ff4-eb11-94ee-0022484053b4,false,false,true,4,true,false,1037,1,0,0,0,886388,2e00d262-3bf4-eb11-94ef-00224840528a,e4a22805-d5f7-eb11-94ee-0022481b485d,ccb02cde-a5c7-eb11-bacc-000d3ad5ff90
1385f1a4-5ff4-eb11-94ee-0022484053b4,false,false,true,4,true,false,1036,1,0,0,0,886387,2e00d262-3bf4-eb11-94ef-00224840528a,e4a22805-d5f7-eb11-94ee-0022481b485d,ccb02cde-a5c7-eb11-bacc-000d3ad5ff90
1985f1a4-5ff4-eb11-94ee-0022484053b4,true,false,true,4,true,false,1048,1,0,0,0,886386,2e00d262-3bf4-eb11-94ef-00224840528a,e4a22805-d5f7-eb11-94ee-0022481b485d,ccb02cde-a5c7-eb11-bacc-000d3ad5ff90
1785f1a4-5ff4-eb11-94ee-0022484053b4,false,false,true,4,true,false,1038,1,0,0,0,886385,2e00d262-3bf4-eb11-94ef-00224840528a,e4a22805-d5f7-eb11-94ee-0022481b485d,ccb02cde-a5c7-eb11-bacc-000d3ad5ff90
1d85f1a4-5ff4-eb11-94ee-0022484053b4,false,false,true,4,true,false,3052,1,0,0,0,886384,2e00d262-3bf4-eb11-94ef-00224840528a,e4a22805-d5f7-eb11-94ee-0022481b485d,ccb02cde-a5c7-eb11-bacc-000d3ad5ff90
1b85f1a4-5ff4-eb11-94ee-0022484053b4,false,false,true,4,true,false,3051,1,0,0,0,886383,2e00d262-3bf4-eb11-94ef-00224840528a,e4a22805-d5f7-eb11-94ee-0022481b485d,ccb02cde-a5c7-eb11-bacc-000d3ad5ff90
2185f1a4-5ff4-eb11-94ee-0022484053b4,false,false,true,4,true,false,3054,1,0,0,0,886382,2e00d262-3bf4-eb11-94ef-00224840528a,e4a22805-d5f7-eb11-94ee-0022481b485d,ccb02cde-a5c7-eb11-bacc-000d3ad5ff90
1f85f1a4-5ff4-eb11-94ee-0022484053b4,false,false,true,4,true,false,3053,1,0,0,0,886381,2e00d262-3bf4-eb11-94ef-00224840528a,e4a22805-d5f7-eb11-94ee-0022481b485d,ccb02cde-a5c7-eb11-bacc-000d3ad5ff90
2385f1a4-5ff4-eb11-94ee-0022484053b4,false,false,true,4,true,false,3088,1,0,0,0,886380,2e00d262-3bf4-eb11-94ef-00224840528a,e4a22805-d5f7-eb11-94ee-0022481b485d,ccb02cde-a5c7-eb11-bacc-000d3ad5ff90
2585f1a4-5ff4-eb11-94ee-0022484053b4,false,false,true,4,true,false,3089,1,0,0,0,886379,2e00d262-3bf4-eb11-94ef-00224840528a,e4a22805-d5f7-eb11-94ee-0022481b485d,ccb02cde-a5c7-eb11-bacc-000d3ad5ff90
2785f1a4-5ff4-eb11-94ee-0022484053b4,false,false,true,4,true,false,3098,1,0,0,0,886378,2e00d262-3bf4-eb11-94ef-00224840528a,e4a22805-d5f7-eb11-94ee-0022481b485d,ccb02cde-a5c7-eb11-bacc-000d3ad5ff90
2985f1a4-5ff4-eb11-94ee-0022484053b4,false,true,true,4,true,true,EV01,1,0,0,0,886377,19f92ec8-3af4-eb11-94ef-00224840528a,e4a22805-d5f7-eb11-94ee-0022481b485d,ccb02cde-a5c7-eb11-bacc-000d3ad5ff90
2b85f1a4-5ff4-eb11-94ee-0022484053b4,false,true,true,4,true,true,EV02,1,0,0,0,886376,19f92ec8-3af4-eb11-94ef-00224840528a,e4a22805-d5f7-eb11-94ee-0022481b485d,ccb02cde-a5c7-eb11-bacc-000d3ad5ff90
2d85f1a4-5ff4-eb11-94ee-0022484053b4,false,false,true,4,true,false,111,1,0,0,0,886375,19f92ec8-3af4-eb11-94ef-00224840528a,e4a22805-d5f7-eb11-94ee-0022481b485d,ccb02cde-a5c7-eb11-bacc-000d3ad5ff90
2f85f1a4-5ff4-eb11-94ee-0022484053b4,false,false,true,4,true,false,112,1,0,0,0,886374,19f92ec8-3af4-eb11-94ef-00224840528a,e4a22805-d5f7-eb11-94ee-0022481b485d,ccb02cde-a5c7-eb11-bacc-000d3ad5ff90
3185f1a4-5ff4-eb11-94ee-0022484053b4,false,false,true,4,true,false,113,1,0,0,0,886373,19f92ec8-3af4-eb11-94ef-00224840528a,e4a22805-d5f7-eb11-94ee-0022481b485d,ccb02cde-a5c7-eb11-bacc-000d3ad5ff90
3385f1a4-5ff4-eb11-94ee-0022484053b4,false,false,true,4,true,false,114,1,0,0,0,886372,19f92ec8-3af4-eb11-94ef-00224840528a,e4a22805-d5f7-eb11-94ee-0022481b485d,ccb02cde-a5c7-eb11-bacc-000d3ad5ff90
3585f1a4-5ff4-eb11-94ee-0022484053b4,false,false,true,4,true,false,115,1,0,0,0,886371,19f92ec8-3af4-eb11-94ef-00224840528a,e4a22805-d5f7-eb11-94ee-0022481b485d,ccb02cde-a5c7-eb11-bacc-000d3ad5ff90
3785f1a4-5ff4-eb11-94ee-0022484053b4,false,false,true,4,true,false,116,1,0,0,0,886370,19f92ec8-3af4-eb11-94ef-00224840528a,e4a22805-d5f7-eb11-94ee-0022481b485d,ccb02cde-a5c7-eb11-bacc-000d3ad5ff90
3985f1a4-5ff4-eb11-94ee-0022484053b4,false,false,true,4,true,false,117,1,0,0,0,886369,19f92ec8-3af4-eb11-94ef-00224840528a,e4a22805-d5f7-eb11-94ee-0022481b485d,ccb02cde-a5c7-eb11-bacc-000d3ad5ff90
3b85f1a4-5ff4-eb11-94ee-0022484053b4,false,false,true,4,true,false,118,1,0,0,0,886368,19f92ec8-3af4-eb11-94ef-00224840528a,e4a22805-d5f7-eb11-94ee-0022481b485d,ccb02cde-a5c7-eb11-bacc-000d3ad5ff90
3d85f1a4-5ff4-eb11-94ee-0022484053b4,false,false,true,4,true,false,119,1,0,0,0,886367,19f92ec8-3af4-eb11-94ef-00224840528a,e4a22805-d5f7-eb11-94ee-0022481b485d,ccb02cde-a5c7-eb11-bacc-000d3ad5ff90
3f85f1a4-5ff4-eb11-94ee-0022484053b4,false,false,true,4,true,false,120,1,0,0,0,886366,19f92ec8-3af4-eb11-94ef-00224840528a,e4a22805-d5f7-eb11-94ee-0022481b485d,ccb02cde-a5c7-eb11-bacc-000d3ad5ff90
4385f1a4-5ff4-eb11-94ee-0022484053b4,false,false,true,4,true,false,122,1,0,0,0,886365,19f92ec8-3af4-eb11-94ef-00224840528a,e4a22805-d5f7-eb11-94ee-0022481b485d,ccb02cde-a5c7-eb11-bacc-000d3ad5ff90
4185f1a4-5ff4-eb11-94ee-0022484053b4,false,false,true,4,true,false,121,1,0,0,0,886364,19f92ec8-3af4-eb11-94ef-00224840528a,e4a22805-d5f7-eb11-94ee-0022481b485d,ccb02cde-a5c7-eb11-bacc-000d3ad5ff90
4785f1a4-5ff4-eb11-94ee-0022484053b4,false,false,true,4,true,false,124,1,0,0,0,886363,19f92ec8-3af4-eb11-94ef-00224840528a,e4a22805-d5f7-eb11-94ee-0022481b485d,ccb02cde-a5c7-eb11-bacc-000d3ad5ff90
4585f1a4-5ff4-eb11-94ee-0022484053b4,false,false,true,4,true,false,123,1,0,0,0,886362,19f92ec8-3af4-eb11-94ef-00224840528a,e4a22805-d5f7-eb11-94ee-0022481b485d,ccb02cde-a5c7-eb11-bacc-000d3ad5ff90
4985f1a4-5ff4-eb11-94ee-0022484053b4,false,false,true,4,true,false,125,1,0,0,0,886361,19f92ec8-3af4-eb11-94ef-00224840528a,e4a22805-d5f7-eb11-94ee-0022481b485d,ccb02cde-a5c7-eb11-bacc-000d3ad5ff90
4b85f1a4-5ff4-eb11-94ee-0022484053b4,false,false,true,4,true,false,126,1,0,0,0,886360,19f92ec8-3af4-eb11-94ef-00224840528a,e4a22805-d5f7-eb11-94ee-0022481b485d,ccb02cde-a5c7-eb11-bacc-000d3ad5ff90
4f85f1a4-5ff4-eb11-94ee-0022484053b4,false,false,true,4,true,false,128,1,0,0,0,886359,19f92ec8-3af4-eb11-94ef-00224840528a,e4a22805-d5f7-eb11-94ee-0022481b485d,ccb02cde-a5c7-eb11-bacc-000d3ad5ff90
4d85f1a4-5ff4-eb11-94ee-0022484053b4,false,false,true,4,true,false,127,1,0,0,0,886358,19f92ec8-3af4-eb11-94ef-00224840528a,e4a22805-d5f7-eb11-94ee-0022481b485d,ccb02cde-a5c7-eb11-bacc-000d3ad5ff90
5385f1a4-5ff4-eb11-94ee-0022484053b4,true,true,true,4,true,false,130,1,0,0,0,886357,19f92ec8-3af4-eb11-94ef-00224840528a,e4a22805-d5f7-eb11-94ee-0022481b485d,ccb02cde-a5c7-eb11-bacc-000d3ad5ff90
5185f1a4-5ff4-eb11-94ee-0022484053b4,true,true,true,4,true,false,129,1,0,0,0,886356,19f92ec8-3af4-eb11-94ef-00224840528a,e4a22805-d5f7-eb11-94ee-0022481b485d,ccb02cde-a5c7-eb11-bacc-000d3ad5ff90
5785f1a4-5ff4-eb11-94ee-0022484053b4,true,true,true,4,true,false,132,1,0,0,0,886355,19f92ec8-3af4-eb11-94ef-00224840528a,e4a22805-d5f7-eb11-94ee-0022481b485d,ccb02cde-a5c7-eb11-bacc-000d3ad5ff90
5585f1a4-5ff4-eb11-94ee-0022484053b4,true,true,true,4,true,false,131,1,0,0,0,886354,19f92ec8-3af4-eb11-94ef-00224840528a,e4a22805-d5f7-eb11-94ee-0022481b485d,ccb02cde-a5c7-eb11-bacc-000d3ad5ff90
c5f4151a-f5f5-eb11-94ee-0022484053b4,false,false,true,6,true,false,1,1,0,0,0,886353,403e1812-3bf4-eb11-94ef-00224840528a,e4a22805-d5f7-eb11-94ee-0022481b485d,ccb02cde-a5c7-eb11-bacc-000d3ad5ff90
5985f1a4-5ff4-eb11-94ee-0022484053b4,true,true,true,4,true,false,133,1,0,0,0,886352,19f92ec8-3af4-eb11-94ef-00224840528a,e4a22805-d5f7-eb11-94ee-0022481b485d,ccb02cde-a5c7-eb11-bacc-000d3ad5ff90
c9f4151a-f5f5-eb11-94ee-0022484053b4,false,false,true,6,true,false,3,1,0,0,0,886351,403e1812-3bf4-eb11-94ef-00224840528a,e4a22805-d5f7-eb11-94ee-0022481b485d,ccb02cde-a5c7-eb11-bacc-000d3ad5ff90
c7f4151a-f5f5-eb11-94ee-0022484053b4,false,false,true,6,true,false,2,1,0,0,0,886350,403e1812-3bf4-eb11-94ef-00224840528a,e4a22805-d5f7-eb11-94ee-0022481b485d,ccb02cde-a5c7-eb11-bacc-000d3ad5ff90
cdf4151a-f5f5-eb11-94ee-0022484053b4,false,false,true,6,true,false,5,1,0,0,0,886349,403e1812-3bf4-eb11-94ef-00224840528a,e4a22805-d5f7-eb11-94ee-0022481b485d,ccb02cde-a5c7-eb11-bacc-000d3ad5ff90
cbf4151a-f5f5-eb11-94ee-0022484053b4,false,false,true,6,true,false,4,1,0,0,0,886348,403e1812-3bf4-eb11-94ef-00224840528a,e4a22805-d5f7-eb11-94ee-0022481b485d,ccb02cde-a5c7-eb11-bacc-000d3ad5ff90
d1f4151a-f5f5-eb11-94ee-0022484053b4,false,false,true,6,true,false,7,1,0,0,0,886347,403e1812-3bf4-eb11-94ef-00224840528a,e4a22805-d5f7-eb11-94ee-0022481b485d,ccb02cde-a5c7-eb11-bacc-000d3ad5ff90
cff4151a-f5f5-eb11-94ee-0022484053b4,false,false,true,6,true,false,6,1,0,0,0,886346,403e1812-3bf4-eb11-94ef-00224840528a,e4a22805-d5f7-eb11-94ee-0022481b485d,ccb02cde-a5c7-eb11-bacc-000d3ad5ff90
d5f4151a-f5f5-eb11-94ee-0022484053b4,false,false,true,6,true,false,9,1,0,0,0,886345,403e1812-3bf4-eb11-94ef-00224840528a,e4a22805-d5f7-eb11-94ee-0022481b485d,ccb02cde-a5c7-eb11-bacc-000d3ad5ff90
d3f4151a-f5f5-eb11-94ee-0022484053b4,false,false,true,6,true,false,8,1,0,0,0,886344,403e1812-3bf4-eb11-94ef-00224840528a,e4a22805-d5f7-eb11-94ee-0022481b485d,ccb02cde-a5c7-eb11-bacc-000d3ad5ff90
d9f4151a-f5f5-eb11-94ee-0022484053b4,false,false,true,6,true,false,11,1,0,0,0,886343,403e1812-3bf4-eb11-94ef-00224840528a,e4a22805-d5f7-eb11-94ee-0022481b485d,ccb02cde-a5c7-eb11-bacc-000d3ad5ff90
d7f4151a-f5f5-eb11-94ee-0022484053b4,false,false,true,6,true,false,10,1,0,0,0,886342,403e1812-3bf4-eb11-94ef-00224840528a,e4a22805-d5f7-eb11-94ee-0022481b485d,ccb02cde-a5c7-eb11-bacc-000d3ad5ff90
ddf4151a-f5f5-eb11-94ee-0022484053b4,false,false,true,6,true,false,16,1,0,0,0,886341,403e1812-3bf4-eb11-94ef-00224840528a,e4a22805-d5f7-eb11-94ee-0022481b485d,ccb02cde-a5c7-eb11-bacc-000d3ad5ff90
dbf4151a-f5f5-eb11-94ee-0022484053b4,false,false,true,6,true,false,15,1,0,0,0,886340,403e1812-3bf4-eb11-94ef-00224840528a,e4a22805-d5f7-eb11-94ee-0022481b485d,ccb02cde-a5c7-eb11-bacc-000d3ad5ff90
e1f4151a-f5f5-eb11-94ee-0022484053b4,false,false,true,6,true,false,18,1,0,0,0,886339,403e1812-3bf4-eb11-94ef-00224840528a,e4a22805-d5f7-eb11-94ee-0022481b485d,ccb02cde-a5c7-eb11-bacc-000d3ad5ff90
dff4151a-f5f5-eb11-94ee-0022484053b4,false,false,true,6,true,false,17,1,0,0,0,886338,403e1812-3bf4-eb11-94ef-00224840528a,e4a22805-d5f7-eb11-94ee-0022481b485d,ccb02cde-a5c7-eb11-bacc-000d3ad5ff90
e3f4151a-f5f5-eb11-94ee-0022484053b4,false,false,true,6,true,false,19,1,0,0,0,886337,403e1812-3bf4-eb11-94ef-00224840528a,e4a22805-d5f7-eb11-94ee-0022481b485d,ccb02cde-a5c7-eb11-bacc-000d3ad5ff90
e5f4151a-f5f5-eb11-94ee-0022484053b4,false,false,true,6,true,false,20,1,0,0,0,886336,403e1812-3bf4-eb11-94ef-00224840528a,e4a22805-d5f7-eb11-94ee-0022481b485d,ccb02cde-a5c7-eb11-bacc-000d3ad5ff90
e7f4151a-f5f5-eb11-94ee-0022484053b4,false,false,true,6,true,false,21,1,0,0,0,886335,403e1812-3bf4-eb11-94ef-00224840528a,e4a22805-d5f7-eb11-94ee-0022481b485d,ccb02cde-a5c7-eb11-bacc-000d3ad5ff90
ebf4151a-f5f5-eb11-94ee-0022484053b4,false,false,true,6,true,false,23,1,0,0,0,886334,403e1812-3bf4-eb11-94ef-00224840528a,e4a22805-d5f7-eb11-94ee-0022481b485d,ccb02cde-a5c7-eb11-bacc-000d3ad5ff90
e9f4151a-f5f5-eb11-94ee-0022484053b4,false,false,true,6,true,false,22,1,0,0,0,886333,403e1812-3bf4-eb11-94ef-00224840528a,e4a22805-d5f7-eb11-94ee-0022481b485d,ccb02cde-a5c7-eb11-bacc-000d3ad5ff90
eff4151a-f5f5-eb11-94ee-0022484053b4,false,false,true,6,true,false,25,1,0,0,0,886331,403e1812-3bf4-eb11-94ef-00224840528a,e4a22805-d5f7-eb11-94ee-0022481b485d,ccb02cde-a5c7-eb11-bacc-000d3ad5ff90
edf4151a-f5f5-eb11-94ee-0022484053b4,false,false,true,6,true,false,24,1,0,0,0,886330,403e1812-3bf4-eb11-94ef-00224840528a,e4a22805-d5f7-eb11-94ee-0022481b485d,ccb02cde-a5c7-eb11-bacc-000d3ad5ff90
f3f4151a-f5f5-eb11-94ee-0022484053b4,false,false,true,6,true,false,27,1,0,0,0,886329,403e1812-3bf4-eb11-94ef-00224840528a,e4a22805-d5f7-eb11-94ee-0022481b485d,ccb02cde-a5c7-eb11-bacc-000d3ad5ff90
f1f4151a-f5f5-eb11-94ee-0022484053b4,false,false,true,6,true,false,26,1,0,0,0,886328,403e1812-3bf4-eb11-94ef-00224840528a,e4a22805-d5f7-eb11-94ee-0022481b485d,ccb02cde-a5c7-eb11-bacc-000d3ad5ff90
f7f4151a-f5f5-eb11-94ee-0022484053b4,false,false,true,6,true,false,29,1,0,0,0,886327,403e1812-3bf4-eb11-94ef-00224840528a,e4a22805-d5f7-eb11-94ee-0022481b485d,ccb02cde-a5c7-eb11-bacc-000d3ad5ff90
f5f4151a-f5f5-eb11-94ee-0022484053b4,false,false,true,6,true,false,28,1,0,0,0,886326,403e1812-3bf4-eb11-94ef-00224840528a,e4a22805-d5f7-eb11-94ee-0022481b485d,ccb02cde-a5c7-eb11-bacc-000d3ad5ff90
fbf4151a-f5f5-eb11-94ee-0022484053b4,false,false,true,6,true,false,31,1,0,0,0,886325,403e1812-3bf4-eb11-94ef-00224840528a,e4a22805-d5f7-eb11-94ee-0022481b485d,ccb02cde-a5c7-eb11-bacc-000d3ad5ff90
f9f4151a-f5f5-eb11-94ee-0022484053b4,false,false,true,6,true,false,30,1,0,0,0,886324,403e1812-3bf4-eb11-94ef-00224840528a,e4a22805-d5f7-eb11-94ee-0022481b485d,ccb02cde-a5c7-eb11-bacc-000d3ad5ff90
fff4151a-f5f5-eb11-94ee-0022484053b4,false,false,true,6,true,false,33,1,0,0,0,886323,403e1812-3bf4-eb11-94ef-00224840528a,e4a22805-d5f7-eb11-94ee-0022481b485d,ccb02cde-a5c7-eb11-bacc-000d3ad5ff90
fdf4151a-f5f5-eb11-94ee-0022484053b4,false,false,true,6,true,false,32,1,0,0,0,886322,403e1812-3bf4-eb11-94ef-00224840528a,e4a22805-d5f7-eb11-94ee-0022481b485d,ccb02cde-a5c7-eb11-bacc-000d3ad5ff90
03f5151a-f5f5-eb11-94ee-0022484053b4,false,false,true,6,true,false,35,1,0,0,0,886321,403e1812-3bf4-eb11-94ef-00224840528a,e4a22805-d5f7-eb11-94ee-0022481b485d,ccb02cde-a5c7-eb11-bacc-000d3ad5ff90
01f5151a-f5f5-eb11-94ee-0022484053b4,false,false,true,6,true,false,34,1,0,0,0,886320,403e1812-3bf4-eb11-94ef-00224840528a,e4a22805-d5f7-eb11-94ee-0022481b485d,ccb02cde-a5c7-eb11-bacc-000d3ad5ff90
07f5151a-f5f5-eb11-94ee-0022484053b4,false,false,true,6,true,false,37,1,0,0,0,886319,403e1812-3bf4-eb11-94ef-00224840528a,e4a22805-d5f7-eb11-94ee-0022481b485d,ccb02cde-a5c7-eb11-bacc-000d3ad5ff90
05f5151a-f5f5-eb11-94ee-0022484053b4,false,false,true,6,true,false,36,1,0,0,0,886318,403e1812-3bf4-eb11-94ef-00224840528a,e4a22805-d5f7-eb11-94ee-0022481b485d,ccb02cde-a5c7-eb11-bacc-000d3ad5ff90
0bf5151a-f5f5-eb11-94ee-0022484053b4,false,false,true,6,true,false,39,1,0,0,0,886317,403e1812-3bf4-eb11-94ef-00224840528a,e4a22805-d5f7-eb11-94ee-0022481b485d,ccb02cde-a5c7-eb11-bacc-000d3ad5ff90
09f5151a-f5f5-eb11-94ee-0022484053b4,false,false,true,6,true,false,38,1,0,0,0,886316,403e1812-3bf4-eb11-94ef-00224840528a,e4a22805-d5f7-eb11-94ee-0022481b485d,ccb02cde-a5c7-eb11-bacc-000d3ad5ff90
0ff5151a-f5f5-eb11-94ee-0022484053b4,false,false,true,6,true,false,41,1,0,0,0,886315,403e1812-3bf4-eb11-94ef-00224840528a,e4a22805-d5f7-eb11-94ee-0022481b485d,ccb02cde-a5c7-eb11-bacc-000d3ad5ff90
0df5151a-f5f5-eb11-94ee-0022484053b4,false,false,true,6,true,false,40,1,0,0,0,886314,403e1812-3bf4-eb11-94ef-00224840528a,e4a22805-d5f7-eb11-94ee-0022481b485d,ccb02cde-a5c7-eb11-bacc-000d3ad5ff90
13f5151a-f5f5-eb11-94ee-0022484053b4,false,false,true,6,true,false,43,1,0,0,0,886313,403e1812-3bf4-eb11-94ef-00224840528a,e4a22805-d5f7-eb11-94ee-0022481b485d,ccb02cde-a5c7-eb11-bacc-000d3ad5ff90
11f5151a-f5f5-eb11-94ee-0022484053b4,false,false,true,6,true,false,42,1,0,0,0,886312,403e1812-3bf4-eb11-94ef-00224840528a,e4a22805-d5f7-eb11-94ee-0022481b485d,ccb02cde-a5c7-eb11-bacc-000d3ad5ff90
17f5151a-f5f5-eb11-94ee-0022484053b4,false,false,true,6,true,false,45,1,0,0,0,886311,403e1812-3bf4-eb11-94ef-00224840528a,e4a22805-d5f7-eb11-94ee-0022481b485d,ccb02cde-a5c7-eb11-bacc-000d3ad5ff90
15f5151a-f5f5-eb11-94ee-0022484053b4,false,false,true,6,true,false,44,1,0,0,0,886310,403e1812-3bf4-eb11-94ef-00224840528a,e4a22805-d5f7-eb11-94ee-0022481b485d,ccb02cde-a5c7-eb11-bacc-000d3ad5ff90
1bf5151a-f5f5-eb11-94ee-0022484053b4,true,true,true,6,true,true,EV1,1,0,0,0,886309,403e1812-3bf4-eb11-94ef-00224840528a,e4a22805-d5f7-eb11-94ee-0022481b485d,ccb02cde-a5c7-eb11-bacc-000d3ad5ff90
19f5151a-f5f5-eb11-94ee-0022484053b4,false,false,true,6,true,false,46,1,0,0,0,886308,403e1812-3bf4-eb11-94ef-00224840528a,e4a22805-d5f7-eb11-94ee-0022481b485d,ccb02cde-a5c7-eb11-bacc-000d3ad5ff90
1ff5151a-f5f5-eb11-94ee-0022484053b4,true,false,true,6,true,false,Ext01,1,0,0,0,886307,403e1812-3bf4-eb11-94ef-00224840528a,e4a22805-d5f7-eb11-94ee-0022481b485d,ccb02cde-a5c7-eb11-bacc-000d3ad5ff90
1df5151a-f5f5-eb11-94ee-0022484053b4,true,true,true,6,true,true,EV2,1,0,0,0,886306,403e1812-3bf4-eb11-94ef-00224840528a,e4a22805-d5f7-eb11-94ee-0022481b485d,ccb02cde-a5c7-eb11-bacc-000d3ad5ff90
23f5151a-f5f5-eb11-94ee-0022484053b4,true,false,true,6,true,false,Ext03,1,0,0,0,886305,403e1812-3bf4-eb11-94ef-00224840528a,e4a22805-d5f7-eb11-94ee-0022481b485d,ccb02cde-a5c7-eb11-bacc-000d3ad5ff90
21f5151a-f5f5-eb11-94ee-0022484053b4,true,false,true,6,true,false,Ext02,1,0,0,0,886304,403e1812-3bf4-eb11-94ef-00224840528a,e4a22805-d5f7-eb11-94ee-0022481b485d,ccb02cde-a5c7-eb11-bacc-000d3ad5ff90
25f5151a-f5f5-eb11-94ee-0022484053b4,true,false,true,6,true,false,Ext04,1,0,0,0,886303,403e1812-3bf4-eb11-94ef-00224840528a,e4a22805-d5f7-eb11-94ee-0022481b485d,ccb02cde-a5c7-eb11-bacc-000d3ad5ff90
27f5151a-f5f5-eb11-94ee-0022484053b4,true,false,true,6,true,false,Ext05,1,0,0,0,886302,403e1812-3bf4-eb11-94ef-00224840528a,e4a22805-d5f7-eb11-94ee-0022481b485d,ccb02cde-a5c7-eb11-bacc-000d3ad5ff90
