wg_address1,wg_address2,wg_county,wg_facilityid,wg_facilityname,importsequencenumber,wg_postcode,statuscode,statecode,timezoneruleversionnumber,utcconversiontimezonecode,versionnumber,owningbusinessunit
Picton Terrace,Carmarthen,Carmarthenshire,817b75ed-3af4-eb11-94ef-00224840528a,Carmarthen,0,SA31 3BT,Active,Active,0,0,1689138,e4a22805-d5f7-eb11-94ee-0022481b485d
Rhydycar Business Park,Merthyr Tydfil,,200c38f2-8bf3-eb11-94ef-0022484058b8,Merthyr Tydfil,0,CF48 1UZ,Active,Active,0,0,885867,e4a22805-d5f7-eb11-94ee-0022481b485d
Cardiff,,,2e00d262-3bf4-eb11-94ef-00224840528a,Cathays Park,0,CF10 3NQ,Active,Active,0,0,885866,e4a22805-d5f7-eb11-94ee-0022481b485d
"Rhodfa Padarn, Llanbadarn Fawr",Aberystwyth,Ceredigion,19f92ec8-3af4-eb11-94ef-00224840528a,Aberystwyth,0,SY23 3UR,Active,Active,0,0,885865,e4a22805-d5f7-eb11-94ee-0022481b485d
"Ty Afon, Bedwas Road",Bedwas,Caerphilly,70f747da-3af4-eb11-94ef-00224840528a,Bedwas,0,CF83 8WT,Active,Active,0,0,885863,e4a22805-d5f7-eb11-94ee-0022481b485d
"Oak House, Celtic Springs Bus. Park, Lakeside Drive, Vaughan Court",Newport,,11d5194a-3bf4-eb11-94ef-00224840528a,Newport,0,NP10 8RD,Active,Active,0,0,885862,e4a22805-d5f7-eb11-94ee-0022481b485d
Spa Road East,Llandrindod Wells,Powys,5c4da2ff-3af4-eb11-94ef-00224840528a,Llandrindod Wells,0,LD1 5HA,Active,Active,0,0,885861,e4a22805-d5f7-eb11-94ee-0022481b485d
"Llys-y-Ddraig, Penllergaer Business Park",Swansea,,6b1602ad-8bf3-eb11-94ef-0022484058b8,Penllergaer,0,SA4 9NX,Active,Active,0,0,885860,e4a22805-d5f7-eb11-94ee-0022481b485d
Sarn Mynach,Llandudno Junction,Conwy,403e1812-3bf4-eb11-94ef-00224840528a,Llandudno Junction,0,LL31 9RZ,Active,Active,0,0,885859,e4a22805-d5f7-eb11-94ee-0022481b485d
