wg_control,wg_controlid,wg_englishlabel,importsequencenumber,wg_languagetranslationsid,wg_screenname,statuscode,statecode,timezoneruleversionnumber,utcconversiontimezonecode,versionnumber,wg_welshlabel,owningbusinessunit
lblRoomBookingSearchRoomLayoutSelection,,Room Layout,,ca3169b5-4eba-ec11-983f-0022481be566,scrRoomBookingScreenV2,Active,Active,,,3933067,Cynllun yr Ystafell,e4a22805-d5f7-eb11-94ee-0022481b485d
BookingsOnDate,,These are the existing bookings for this room and date,,b324bb16-e572-ec11-8943-0022481aa3b5,RoomBookingSearchScreen,Active,Active,,,2782367,Dyma'r Archebion Ystafell ar gyfer y dyddiad a ddewiswyd,e4a22805-d5f7-eb11-94ee-0022481b485d
NoRoomsAvailableMessage,,There are no rooms available for your chosen search criteria. Please change search options and retry,,45bc1936-e772-ec11-8943-0022481aa3b5,RoomBookingSearchScreen,Active,Active,,,2782363,Nid oes ystafelloedd ar gael ar gyfer y meini prawf chwilio o'ch dewis. Newidiwch opsiynau chwilio,e4a22805-d5f7-eb11-94ee-0022481b485d
Search,,Search,,149d74b4-2672-ec11-8943-0022481aa3b5,RoomBookingSearchScreen,Active,Active,,,2781676,Chwilio,e4a22805-d5f7-eb11-94ee-0022481b485d
ResetSearch,,Reset search area,,411d4a41-2772-ec11-8943-0022481aa3b5,RoomBookingSearchScreen,Active,Active,,,2781670,Ailosod yr ardal chwilio,e4a22805-d5f7-eb11-94ee-0022481b485d
FurtherOptionsHeadingLabel,,Further Options,,8fb94dff-2372-ec11-8943-0022481aa3b5,MainScreen,Active,Active,,,2781501,Dewisiadau Pellach,e4a22805-d5f7-eb11-94ee-0022481b485d
RoomBookingHeadingLabel,,Room Booking,,c2b5f2e6-2372-ec11-8943-0022481aa3b5,MainScreen,Active,Active,,,2781498,Archebu Ystafelloedd,e4a22805-d5f7-eb11-94ee-0022481b485d
EnvironmentName,,CDT,,6e8fdba4-0572-ec11-8943-0022481aaaf2,MainScreen,Active,Active,,,2781235,CDT,e4a22805-d5f7-eb11-94ee-0022481b485d
ApplicationVersion,,v1.0.14,,e6e43392-0572-ec11-8943-0022481aaaf2,MainScreen,Active,Active,,,2781232,f1.0.14,e4a22805-d5f7-eb11-94ee-0022481b485d
drpFacilityChoiceDropdown,1468,Merthyr Tydfil,,5b2d71ea-fc24-ec11-b6e6-000d3a0cc6af,scnRoomBooking,Active,Active,,,1688958,Merthyr Tudful,e4a22805-d5f7-eb11-94ee-0022481b485d
drpFacilityChoiceDropdown,1467,Penllergaer,,b4d3dbb5-fc24-ec11-b6e6-000d3a0cc6af,scnRoomBooking,Active,Active,,,1688954,Penllergaer,e4a22805-d5f7-eb11-94ee-0022481b485d
drpFacilityChoiceDropdown,1466,Cathays Park,,106dd280-fc24-ec11-b6e6-000d3a0cc6af,sncRoomBooking,Active,Active,,,1688950,Parc Cathays,e4a22805-d5f7-eb11-94ee-0022481b485d
drpFacilityChoiceDropdown,1465,Newport,,cb425f63-fc24-ec11-b6e6-000d3a0cc6af,scnRoomBooking,Active,Active,,,1688947,Casnewydd,e4a22805-d5f7-eb11-94ee-0022481b485d
drpFacilityChoiceDropdown,1464,Llandudno Junction,,34a7a047-fc24-ec11-b6e6-000d3a0cc6af,scnRoomBooking,Active,Active,,,1688944,Cyffordd Llandudno,e4a22805-d5f7-eb11-94ee-0022481b485d
drpFacilityChoiceDropdown,1463,Llandrindod Wells,,be869c16-fc24-ec11-b6e6-000d3a0cc6af,scnRoomBooking,Active,Active,,,1688941,Llandrindod Wells,e4a22805-d5f7-eb11-94ee-0022481b485d
drpFacilityChoiceDropdown,1462,Carmarthen,,a38209d5-fb24-ec11-b6e6-000d3a0cc6af,scnRoomBooking,Active,Active,,,1688938,Caerfyrddin,e4a22805-d5f7-eb11-94ee-0022481b485d
drpFacilityChoiceDropdown,1461,Bedwas,,c55b8eb3-fb24-ec11-b6e6-000d3a0cc6af,scnRoomBooking,Active,Active,,,1688935,Bedwas,e4a22805-d5f7-eb11-94ee-0022481b485d
drpFacilityChoiceDropdown,1460,Aberystwyth,,4a60908e-fb24-ec11-b6e6-000d3a0cc6af,scnRoomBooking,Active,Active,,,1688931,Aberystwyth,e4a22805-d5f7-eb11-94ee-0022481b485d
btnFAQ,1450,FAQ,,84778306-5423-ec11-b6e6-0022481a70f1,scnHome,Active,Active,,,1630406,CAOYA,e4a22805-d5f7-eb11-94ee-0022481b485d
btnFeedback,1440,Feedback,,d4052ce1-f721-ec11-b6e6-0022481a70f1,scnHome,Active,Active,,,1627228,Adborth,e4a22805-d5f7-eb11-94ee-0022481b485d
lblCurrentMaxOccupancy,1430,Max occupancy is:,,25a5814d-2b21-ec11-b6e6-000d3a0cd29f,scnCalendar,Active,Active,,,1578498,Y defnydd mwyaf yw:,e4a22805-d5f7-eb11-94ee-0022481b485d
btnViewAllBookings,30,New Booking (By Room),0,848d0540-47fb-eb11-94ef-000d3ad67e62,scnHome,Active,Active,0,0,1484407,Archebu Newydd (yn ôl ystafell),e4a22805-d5f7-eb11-94ee-0022481b485d
btnMakeNewBooking,10,New Booking (By Time),0,8f353b16-47fb-eb11-94ef-000d3ad67e62,scnHome,Active,Active,0,0,1484398,Archebu newydd (yn ôl amser),e4a22805-d5f7-eb11-94ee-0022481b485d
lblWiredInternetLabel,240,White Board,0,268b1d06-09f9-eb11-94ef-000d3ad67e62,scnRoomBooking,Active,Active,0,0,1484076,Bwrdd Gwyn,e4a22805-d5f7-eb11-94ee-0022481b485d
lblSpeakerChoiceLabel,230,Presentation Screen,0,af4c13e1-08f9-eb11-94ef-000d3ad67e62,scnRoomBooking,Active,Active,0,0,1484071,Sgrin Gyflwyno,e4a22805-d5f7-eb11-94ee-0022481b485d
lblProjectorChoiceLabel,220,Microsoft Teams Room,0,609959ba-08f9-eb11-94ef-000d3ad67e62,scnRoomBooking,Active,Active,0,0,1484066,Ystafell Microsoft Teams,e4a22805-d5f7-eb11-94ee-0022481b485d
lblTitleRoomBooking,150,Room Booking,0,cc664f50-07f9-eb11-94ef-000d3ad67e62,scnRoomBooking,Active,Active,0,0,886299,Archebu Ystafell,e4a22805-d5f7-eb11-94ee-0022481b485d
lblMeetingStartTimeLabel,170,Meeting Start Time,0,3d01fcaa-07f9-eb11-94ef-000d3ad67e62,scnRoomBooking,Active,Active,0,0,886298,Amser Dechrau'r Cyfarfod,e4a22805-d5f7-eb11-94ee-0022481b485d
lblMeetingDateLabel,160,Meeting Date,0,c371618d-07f9-eb11-94ef-000d3ad67e62,scnRoomBooking,Active,Active,0,0,886297,Dyddiad Cyfarfod,e4a22805-d5f7-eb11-94ee-0022481b485d
lblMeetingEndTimeLabel,180,Meeting End Time,0,c448c2f8-07f9-eb11-94ef-000d3ad67e62,scnRoomBooking,Active,Active,0,0,886296,Amser Gorffen y Cyfarfod,e4a22805-d5f7-eb11-94ee-0022481b485d
lblMeetingDurationLabel,190,Meeting Duration,0,1535301c-08f9-eb11-94ef-000d3ad67e62,scnRoomBooking,Active,Active,0,0,886295,Hyd y Cyfarfod,e4a22805-d5f7-eb11-94ee-0022481b485d
lblNumberOfAttendeesLabel,200,Number of Attendees,0,90b2be50-08f9-eb11-94ef-000d3ad67e62,scnRoomBooking,Active,Active,0,0,886294,Nifer y mynychwyr,e4a22805-d5f7-eb11-94ee-0022481b485d
lblId,280,Not available for your time slot!,0,753a97b5-0af9-eb11-94ef-000d3ad67e62,scnRoomBooking,Active,Active,0,0,886290,Ddim ar gael ar gyfer eich dewis amser!,e4a22805-d5f7-eb11-94ee-0022481b485d
RoomCapacity,300,Capacity,0,ac229b09-0bf9-eb11-94ef-000d3ad67e62,scnRoomBooking,Active,Active,0,0,886289,Capasiti,e4a22805-d5f7-eb11-94ee-0022481b485d
RoomName,330,Name,0,f6854bea-0df9-eb11-94ef-000d3ad67e62,scnRoomBooking,Active,Active,0,0,886288,Enw,e4a22805-d5f7-eb11-94ee-0022481b485d
Label5,410,Capacity,7,80df858e-1cf9-eb11-94ee-000d3ad67565,scnAdmin,Active,Active,0,0,886287,Capasiti,e4a22805-d5f7-eb11-94ee-0022481b485d
lblAdminTitle,400,Admin,7,84df858e-1cf9-eb11-94ee-000d3ad67565,scnAdmin,Active,Active,0,0,886286,Gweinyddol,e4a22805-d5f7-eb11-94ee-0022481b485d
lblSuccessMessage,360,Room Successfully Booked,0,0970ecdb-12f9-eb11-94ef-000d3ad67e62,scnRoomBookingSuccess,Active,Active,0,0,886285,Ystafell wedi'i harchebu'n llwyddiannus,e4a22805-d5f7-eb11-94ee-0022481b485d
lblMeetingRoomsAdmin,390,Meeting Rooms,7,82df858e-1cf9-eb11-94ee-000d3ad67565,scnAdmin,Active,Active,0,0,886284,Ystafell Gyfarfod,e4a22805-d5f7-eb11-94ee-0022481b485d
lblMyBookingsTitle,450,My Bookings,7,8cdf858e-1cf9-eb11-94ee-000d3ad67565,scnUserBookings,Active,Active,0,0,886283,Fy Archebion,e4a22805-d5f7-eb11-94ee-0022481b485d
lblMyRoomBookings,480,My Room Bookings,0,55713515-20f9-eb11-94ef-000d3ad67e62,scnUserBookings,Active,Active,0,0,886282,Fy Archebion Ystafell,e4a22805-d5f7-eb11-94ee-0022481b485d
btnDeactivateRoom,420,Deactive Room and Notify,7,86df858e-1cf9-eb11-94ee-000d3ad67565,scnAdmin,Active,Active,0,0,886281,Ystafell Deactive a Rhoi Gwybod,e4a22805-d5f7-eb11-94ee-0022481b485d
lblSuccessCarParkingBooked,510,Car Parking Successfully Booked,0,35473db0-21f9-eb11-94ef-000d3ad67e62,scnCarParkBookingSuccess,Active,Active,0,0,886280,Parcio wedi'i archebu'n llwyddiannus,e4a22805-d5f7-eb11-94ee-0022481b485d
lblRoom,460,Room,7,8edf858e-1cf9-eb11-94ee-000d3ad67565,scnCalendar,Active,Active,0,0,886279,Ystafell,e4a22805-d5f7-eb11-94ee-0022481b485d
lblCurrentlyBooked,570,Currently Booked Parking Spaces ,9,284fcf76-2df9-eb11-94ee-000d3ad67565,scnViewCarParking,Active,Active,0,0,886278,Mannau Parcio sydd wedi'u harchebu ar hyn o bryd,e4a22805-d5f7-eb11-94ee-0022481b485d
btnCarParkingBookedHome,500,Home,0,ec5bc46f-21f9-eb11-94ef-000d3ad67e62,scnCarParkBookingSuccess,Active,Active,0,0,886277,Hafan,e4a22805-d5f7-eb11-94ee-0022481b485d
lblOTT_Disabled,590,Disabled ,9,2c4fcf76-2df9-eb11-94ee-000d3ad67565,scnViewCarParking,Active,Active,0,0,886276,Man Parcio Anabl,e4a22805-d5f7-eb11-94ee-0022481b485d
lblCurrentlyBooked,540,Currently Booked Parking Spaces,9,224fcf76-2df9-eb11-94ee-000d3ad67565,scnViewCarParking,Active,Active,0,0,886275, Mannau Parcio sydd wedi'u harchebu ar hyn o bryd,e4a22805-d5f7-eb11-94ee-0022481b485d
lblOTI_D&ECC,610,Disabled & ECC,9,304fcf76-2df9-eb11-94ee-000d3ad67565,scnViewCarParking,Active,Active,0,0,886274,Man Parcio Anabl &ECC,e4a22805-d5f7-eb11-94ee-0022481b485d
Label13_1,580,Attendees,9,2a4fcf76-2df9-eb11-94ee-000d3ad67565,scnViewCarParking,Active,Active,0,0,886273,Mynychwyr,e4a22805-d5f7-eb11-94ee-0022481b485d
lblOTI,630,Open to Internal,9,344fcf76-2df9-eb11-94ee-000d3ad67565,scnViewCarParking,Active,Active,0,0,886271,Yn agored i fewnol,e4a22805-d5f7-eb11-94ee-0022481b485d
lblOTI_ECC,600,Electric Car Charge (ECC),9,2e4fcf76-2df9-eb11-94ee-000d3ad67565,scnViewCarParking,Active,Active,0,0,886270,Gwefru Trydan,e4a22805-d5f7-eb11-94ee-0022481b485d
lblOTI_Other,620,Other,9,324fcf76-2df9-eb11-94ee-000d3ad67565,scnViewCarParking,Active,Active,0,0,886269,arall,e4a22805-d5f7-eb11-94ee-0022481b485d
lblOTE,640,Open to External,9,364fcf76-2df9-eb11-94ee-000d3ad67565,scnViewCarParking,Active,Active,0,0,886268,agored i allanol,e4a22805-d5f7-eb11-94ee-0022481b485d
Label18,650,external,9,384fcf76-2df9-eb11-94ee-000d3ad67565,scnViewCarParking,Active,Active,0,0,886267,allanol,e4a22805-d5f7-eb11-94ee-0022481b485d
btnAddNewCarSpaceBooking,670,Add New Car Space Booking,9,3c4fcf76-2df9-eb11-94ee-000d3ad67565,scnViewCarParking,Active,Active,0,0,886266,Ychwanegwch archebu lle parcio newydd,e4a22805-d5f7-eb11-94ee-0022481b485d
Button15_1,660,Remove,9,3a4fcf76-2df9-eb11-94ee-000d3ad67565,scnViewCarParking,Active,Active,0,0,886265,Canslo,e4a22805-d5f7-eb11-94ee-0022481b485d
lblMeetingDetails1,690,Meeting Details,9,404fcf76-2df9-eb11-94ee-000d3ad67565,scnAddCarParking,Active,Active,0,0,886264,Manylion y Cyfarfod,e4a22805-d5f7-eb11-94ee-0022481b485d
lblOTI_Disabled1,710,Disabled ,9,444fcf76-2df9-eb11-94ee-000d3ad67565,scnAddCarParking,Active,Active,0,0,886263,Man Parcio Anabl,e4a22805-d5f7-eb11-94ee-0022481b485d
lblOTI_ECC1,720,Electric Car Charge (ECC),9,464fcf76-2df9-eb11-94ee-000d3ad67565,scnAddCarParking,Active,Active,0,0,886262,Gwefru Trydan,e4a22805-d5f7-eb11-94ee-0022481b485d
lblOTI_D&ECC1,730,Disabled & ECC,9,484fcf76-2df9-eb11-94ee-000d3ad67565,scnAddCarParking,Active,Active,0,0,886261,Man Parcio Anabl &ECC,e4a22805-d5f7-eb11-94ee-0022481b485d
lblOTI_Other1,740,Other,9,4a4fcf76-2df9-eb11-94ee-000d3ad67565,scnAddCarParking,Active,Active,0,0,886260,arall,e4a22805-d5f7-eb11-94ee-0022481b485d
lblOTI1,750,Open to Internal,9,4c4fcf76-2df9-eb11-94ee-000d3ad67565,scnAddCarParking,Active,Active,0,0,886259,Yn agored i fewnol,e4a22805-d5f7-eb11-94ee-0022481b485d
lblOTE1,760,Open to External,9,4e4fcf76-2df9-eb11-94ee-000d3ad67565,scnAddCarParking,Active,Active,0,0,886258,agored i allanol,e4a22805-d5f7-eb11-94ee-0022481b485d
btnAddNewCarSpaceBooking,550,Add New Car Space Booking,9,244fcf76-2df9-eb11-94ee-000d3ad67565,scnViewCarParking,Active,Active,0,0,886257,Archebu Mannau Parcio Newydd,e4a22805-d5f7-eb11-94ee-0022481b485d
lblOccupier,830,Occupier,0,3baf31e6-e9f9-eb11-94ef-000d3ad67e62,scnAddCarParking,Active,Active,0,0,886256,Meddiannydd,e4a22805-d5f7-eb11-94ee-0022481b485d
lblHomeAddNewCarParkingBookingTitle,810,Add New Car Space Booking,0,5089855b-e9f9-eb11-94ef-000d3ad67e62,scnAddCarParking,Active,Active,0,0,886255,Ychwanegwch archebu lle parcio newydd,e4a22805-d5f7-eb11-94ee-0022481b485d
radOccupier,845,External,0,51ff8869-eaf9-eb11-94ef-000d3ad67e62,scnAddCarParking,Active,Active,0,0,886254,Allanol,e4a22805-d5f7-eb11-94ee-0022481b485d
lblSelectCarSpace,880,Parking Space,0,dc988894-ebf9-eb11-94ef-000d3ad67e62,scnAddCarParking,Active,Active,0,0,886253,Man Parcio,e4a22805-d5f7-eb11-94ee-0022481b485d
radOccupier,840,Internal,0,60faae4b-eaf9-eb11-94ef-000d3ad67e62,scnAddCarParking,Active,Active,0,0,886252,Mewnol,e4a22805-d5f7-eb11-94ee-0022481b485d
lblOccupiersAllowed,890,Occupiers Allowed,0,0f0b50c4-ebf9-eb11-94ef-000d3ad67e62,scnAddCarParking,Active,Active,0,0,886251,Meddianwyr a Ganiateir,e4a22805-d5f7-eb11-94ee-0022481b485d
lblFacilitySpaceBreakdown,910,Car Spaces,0,f6422ab4-edf9-eb11-94ef-000d3ad67e62,scnViewCarParking,Active,Active,0,0,886250,Mannau Parcio,e4a22805-d5f7-eb11-94ee-0022481b485d
lblMeetingDetails,680,Meeting Details,0,7b245890-edf9-eb11-94ef-000d3ad67e62,scnViewCarParking,Active,Active,0,0,886249,Manylion y Cyfarfod,e4a22805-d5f7-eb11-94ee-0022481b485d
lblNewParkingBookingMeetingDetails,930,Meeting Details,0,8743ea34-ebf9-eb11-94ef-000d3ad67e62,scnAddCarParkingInternalOccupier,Active,Active,0,0,886248,Manylion y Cyfarfod,e4a22805-d5f7-eb11-94ee-0022481b485d
lblNewParkingBookingTitle,920,Add New Car Space Booking,0,25b18965-ecf9-eb11-94ef-000d3ad67e62,scnAddCarParkingInternalOccupier,Active,Active,0,0,886247,Ychwanegwch archebu lle parcio newydd,e4a22805-d5f7-eb11-94ee-0022481b485d
lblOTI1,960,Open to Internal,10,014fcba7-f3f9-eb11-94ee-000d3ad67565,scnAddCarParkingInternalOccupier,Active,Active,0,0,886246,Yn agored i fewnol,e4a22805-d5f7-eb11-94ee-0022481b485d
lblAttendees,940,Attendees,0,1d331217-ebf9-eb11-94ef-000d3ad67e62,scnAddCarParkingInternalOccupier,Active,Active,0,0,886245,Mynychwyr,e4a22805-d5f7-eb11-94ee-0022481b485d
lblOTI_ECC_1,980,Electric Car Charge (ECC),9,424fcf76-2df9-eb11-94ee-000d3ad67565,scnAddCarParkingInternalOccupier,Active,Active,0,0,886244,Gwefru Trydan,e4a22805-d5f7-eb11-94ee-0022481b485d
lblOTT_Disabled_1,970,Disabled ,9,524fcf76-2df9-eb11-94ee-000d3ad67565,scnAddCarParkingInternalOccupier,Active,Active,0,0,886243,Man Parcio Anabl,e4a22805-d5f7-eb11-94ee-0022481b485d
lblOTI_Other_1,1000,Other,0,aad1c51f-e9f9-eb11-94ef-000d3ad67e62,scnAddCarParkingInternalOccupier,Active,Active,0,0,886242,arall,e4a22805-d5f7-eb11-94ee-0022481b485d
lblOTI_D&ECC_1,990,Disabled & ECC,0,4bbe9186-e9f9-eb11-94ef-000d3ad67e62,scnAddCarParkingInternalOccupier,Active,Active,0,0,886241,Man Parcio Anabl &ECC,e4a22805-d5f7-eb11-94ee-0022481b485d
lblConfirmInternalCarBooking,1060,Confirm Car Booking,0,0df7d251-21f9-eb11-94ef-000d3ad67e62,scnAddCarParkingInternalOccupier,Active,Active,0,0,886240,Cadarnhau Archebu Parcio,e4a22805-d5f7-eb11-94ee-0022481b485d
lblOTE_1,1010,Open to External,0,cd094fe7-eaf9-eb11-94ef-000d3ad67e62,scnAddCarParkingInternalOccupier,Active,Active,0,0,886239,agored i allanol,e4a22805-d5f7-eb11-94ee-0022481b485d
DataCardKey13_1,1070,Vehicle Registration,0,9c5a69ac-f3f8-eb11-94ef-000d3ad67e62,scnAddCarParkingInternalOccupier,Active,Active,0,0,886238,Rhif Cofrestru'r Cerbyd,e4a22805-d5f7-eb11-94ee-0022481b485d
DataCardKey26_1,1080,Driver (Welsh Gov),0,46752d0b-f0f8-eb11-94ef-000d3ad67e62,scnAddCarParkingInternalOccupier,Active,Active,0,0,886237,Gyrrwr (Llyw Cymru),e4a22805-d5f7-eb11-94ee-0022481b485d
DataCardKey14_1,1090,Confirm Blue Badge Holder,0,ebf56d94-f3f8-eb11-94ef-000d3ad67e62,scnAddCarParkingInternalOccupier,Active,Active,0,0,886236,Cadarnhau Deiliad Bathodyn Glas,e4a22805-d5f7-eb11-94ee-0022481b485d
DataCardKey16_1,1100,Confirm Electric Charging Required,0,57823a37-eff8-eb11-94ef-000d3ad67e62,scnAddCarParkingInternalOccupier,Active,Active,0,0,886235,Cadarnhau Angen Gwefru Trydan,e4a22805-d5f7-eb11-94ee-0022481b485d
btnConfirmCarBooking,1110,Book,0,0278ab64-f3f8-eb11-94ef-000d3ad67e62,scnAddCarParkingInternalOccupier,Active,Active,0,0,886234,Archebu,e4a22805-d5f7-eb11-94ee-0022481b485d
lblMeetingDetailsExternal,1120,Meeting Details,0,1df793e7-eef8-eb11-94ef-000d3ad67e62,scnAddCarParkingExternalOccupier,Active,Active,0,0,886233,Manylion y Cyfarfod,e4a22805-d5f7-eb11-94ee-0022481b485d
Label13_5,1130,Attendees,0,cdf434d0-f0f8-eb11-94ef-000d3ad67e62,scnAddCarParkingExternalOccupier,Active,Active,0,0,886232,Mynychwyr,e4a22805-d5f7-eb11-94ee-0022481b485d
lblOTI_2,1150,Open to Internal,0,af2295b2-eef8-eb11-94ef-000d3ad67e62,scnAddCarParkingExternalOccupier,Active,Active,0,0,886231,Yn agored i fewnol,e4a22805-d5f7-eb11-94ee-0022481b485d
lblOTT_Disabled_2,1160,Disabled ,0,b3f5d6e7-eff8-eb11-94ef-000d3ad67e62,scnAddCarParkingExternalOccupier,Active,Active,0,0,886230,Man Parcio Anabl,e4a22805-d5f7-eb11-94ee-0022481b485d
lblOTI_ECC_2,1170,Electric Car Charge (ECC),0,fd12e440-eef8-eb11-94ef-000d3ad67e62,scnAddCarParkingExternalOccupier,Active,Active,0,0,886229,Gwefru Trydan,e4a22805-d5f7-eb11-94ee-0022481b485d
lblOTI_D&ECC_2,1180,Disabled & ECC,7,88df858e-1cf9-eb11-94ee-000d3ad67565,scnAddCarParkingExternalOccupier,Active,Active,0,0,886228,Man Parcio Anabl &ECC,e4a22805-d5f7-eb11-94ee-0022481b485d
lblOTI_Other_2,1190,Other,7,8adf858e-1cf9-eb11-94ee-000d3ad67565,scnAddCarParkingExternalOccupier,Active,Active,0,0,886227,arall,e4a22805-d5f7-eb11-94ee-0022481b485d
lblOTE_2,1200,Open to External,0,9a01b559-09f9-eb11-94ef-000d3ad67e62,scnAddCarParkingExternalOccupier,Active,Active,0,0,886226,agored i allanol,e4a22805-d5f7-eb11-94ee-0022481b485d
lblConfirmExternalCarBooking,1210,Confirm Car Booking,0,de4c8ae2-0af9-eb11-94ef-000d3ad67e62,scnAddCarParkingExternalOccupier,Active,Active,0,0,886225,Cadarnhau Archebu Parcio,e4a22805-d5f7-eb11-94ee-0022481b485d
DataCardKey16_2,1250,Confirm Electric Charging Required,9,204fcf76-2df9-eb11-94ee-000d3ad67565,scnAddCarParkingExternalOccupier,Active,Active,0,0,886224,Cadarnhau Angen Gwefru Trydan,e4a22805-d5f7-eb11-94ee-0022481b485d
DataCardKey13_2,1220,Vehicle Registration,0,2d029e45-0df9-eb11-94ef-000d3ad67e62,scnAddCarParkingExternalOccupier,Active,Active,0,0,886223,Rhif Cofrestru'r Cerbyd,e4a22805-d5f7-eb11-94ee-0022481b485d
btnConfirmBooking,1260,Book,0,24e27351-22f9-eb11-94ef-000d3ad67e62,scnAddCarParkingExternalOccupier,Active,Active,0,0,886222,Archebu,e4a22805-d5f7-eb11-94ee-0022481b485d
DataCardKey14_2,1240,Confirm Blue Badge Holder,0,5ce448a0-08f9-eb11-94ef-000d3ad67e62,scnAddCarParkingExternalOccupier,Active,Active,0,0,886221,Cadarnhau Deiliad Bathodyn Glas,e4a22805-d5f7-eb11-94ee-0022481b485d
DataCardKey25_1,1280,Email,0,79ac8906-15f9-eb11-94ef-000d3ad67e62,scnAddCarParkingExternalOccupier,Active,Active,0,0,886220,E-bost,e4a22805-d5f7-eb11-94ee-0022481b485d
DataCardKey28_1,1290,First Name,0,297d80f4-12f9-eb11-94ef-000d3ad67e62,scnAddCarParkingExternalOccupier,Active,Active,0,0,886219,Enw Cyntaf,e4a22805-d5f7-eb11-94ee-0022481b485d
DataCardKey29_1,1300,Last Name,0,c14d8cc9-12f9-eb11-94ef-000d3ad67e62,scnAddCarParkingExternalOccupier,Active,Active,0,0,886218,Cyfenw,e4a22805-d5f7-eb11-94ee-0022481b485d
DataCardKey32_1,1310,Mobile Phone,0,b5a61914-c6f6-eb11-94ef-00224840528a,scnAddCarParkingExternalOccupier,Active,Active,0,0,886217,Ffôn symudol,e4a22805-d5f7-eb11-94ee-0022481b485d
btnCreateContact,1320,Create Contact,0,522e92e6-c6f6-eb11-94ef-00224840528a,scnAddCarParkingExternalOccupier,Active,Active,0,0,886216,Creu Cyswllt,e4a22805-d5f7-eb11-94ee-0022481b485d
btnCancel,1330,Cancel,0,e678d3c7-c6f6-eb11-94ef-00224840528a,scnAddCarParkingExternalOccupier,Active,Active,0,0,886215,Canslo,e4a22805-d5f7-eb11-94ee-0022481b485d
btnAddNewExternal,1270,Add New External,7,90df858e-1cf9-eb11-94ee-000d3ad67565,scnAddCarParkingExternalOccupier,Active,Active,0,0,886214,Ychwanegu Allanol Newydd,e4a22805-d5f7-eb11-94ee-0022481b485d
lblFacilitySpaceBreakdown_1,950,Car Spaces,9,504fcf76-2df9-eb11-94ee-000d3ad67565,scnAddCarParkingInternalOccupier,Active,Active,0,0,886213,Mannau Parcio,e4a22805-d5f7-eb11-94ee-0022481b485d
lblFacilitySpaceBreakdown_2,1140,Car Spaces,0,5af0904c-edf8-eb11-94ef-000d3ad67e62,scnAddCarParkingExternalOccupier,Active,Active,0,0,886212,Mannau Parcio,e4a22805-d5f7-eb11-94ee-0022481b485d
btnBookRoom,140,Book,0,e3b0a6c2-46fb-eb11-94ef-000d3ad67e62,scnCreateRoomBooking,Active,Active,0,0,886211,Archebu,e4a22805-d5f7-eb11-94ee-0022481b485d
btnCarParkingBookedMyBookings,490,My Bookings,0,0f2980e0-46fb-eb11-94ef-000d3ad67e62,scnCarParkBookingSuccess,Active,Active,0,0,886210,Fy Archebion,e4a22805-d5f7-eb11-94ee-0022481b485d
btnConfirm,250,Available for your time slot!,0,64be70ec-46fb-eb11-94ef-000d3ad67e62,scnRoomBooking,Active,Active,0,0,886209,Ar gael ar gyfer eich dewis amser!,e4a22805-d5f7-eb11-94ee-0022481b485d
btnConfirm,290,Book,0,5d1469f2-46fb-eb11-94ef-000d3ad67e62,scnRoomBooking,Active,Active,0,0,886208,Arcgebu,e4a22805-d5f7-eb11-94ee-0022481b485d
btnConfirm,320,Check availability,0,4ea559fe-46fb-eb11-94ef-000d3ad67e62,scnRoomBooking,Active,Active,0,0,886207,Gwirio argaeledd,e4a22805-d5f7-eb11-94ee-0022481b485d
btnHomeSubmitted,370,Home,0,517c4a0a-47fb-eb11-94ef-000d3ad67e62,scnRoomBookingSuccess,Active,Active,0,0,886206,Hafan,e4a22805-d5f7-eb11-94ee-0022481b485d
btnMyBookings,350,My Bookings,0,af8b331c-47fb-eb11-94ef-000d3ad67e62,scnRoomBookingSuccess,Active,Active,0,0,886205,Fy Archebion,e4a22805-d5f7-eb11-94ee-0022481b485d
btnSubmitRequestButton,310,See Availability,0,c8ee1434-47fb-eb11-94ef-000d3ad67e62,scnRoomBooking,Active,Active,0,0,886204,Gweld Argaeledd,e4a22805-d5f7-eb11-94ee-0022481b485d
btnViewBookings,20,View My bookings,0,21d1504c-47fb-eb11-94ef-000d3ad67e62,scnHome,Active,Active,0,0,886202,Gweld Fy Archebion,e4a22805-d5f7-eb11-94ee-0022481b485d
Button11,430,View Parking,0,5d644158-47fb-eb11-94ef-000d3ad67e62,scnUserBookings,Active,Active,0,0,886201,Gweld Parcio,e4a22805-d5f7-eb11-94ee-0022481b485d
Button15,440,Cancel Booking,0,0e323c5e-47fb-eb11-94ef-000d3ad67e62,scnUserBookings,Active,Active,0,0,886200,Canslo Archebu,e4a22805-d5f7-eb11-94ee-0022481b485d
DataCardKey1,100,Meeting Description,0,2ec42c6a-47fb-eb11-94ef-000d3ad67e62,scnCreateRoomBooking,Active,Active,0,0,886199,Disgrifiad o'r Cyfarfod,e4a22805-d5f7-eb11-94ee-0022481b485d
DataCardKey18,130,Comments,0,a21c2570-47fb-eb11-94ef-000d3ad67e62,scnCreateRoomBooking,Active,Active,0,0,886198,Sylwadau,e4a22805-d5f7-eb11-94ee-0022481b485d
DataCardKey21,80,Room,0,b1ec157c-47fb-eb11-94ef-000d3ad67e62,scnCreateRoomBooking,Active,Active,0,0,886197,Ystafell,e4a22805-d5f7-eb11-94ee-0022481b485d
DataCardKey22,120,Meeting Owner,0,408a0688-47fb-eb11-94ef-000d3ad67e62,scnCreateRoomBooking,Active,Active,0,0,886196,Perchennog y Cyfarfod,e4a22805-d5f7-eb11-94ee-0022481b485d
DataCardKey4,70,No of Meeting Attendees,0,9721f793-47fb-eb11-94ef-000d3ad67e62,scnCreateRoomBooking,Active,Active,0,0,886195,Nifer y mynychwyr,e4a22805-d5f7-eb11-94ee-0022481b485d
DataCardKey5,110,Parking?,0,fdcce79f-47fb-eb11-94ef-000d3ad67e62,scnCreateRoomBooking,Active,Active,0,0,886194,Parcio?,e4a22805-d5f7-eb11-94ee-0022481b485d
DataCardKey6,40,Catering?,0,d849d6ab-47fb-eb11-94ef-000d3ad67e62,scnCreateRoomBooking,Active,Active,0,0,886193,Arlwyaeth?,e4a22805-d5f7-eb11-94ee-0022481b485d
DataCardKey7,60,End Time,0,2b391fb8-47fb-eb11-94ef-000d3ad67e62,scnCreateRoomBooking,Active,Active,0,0,886192,Amser Gorffen,e4a22805-d5f7-eb11-94ee-0022481b485d
DataCardKey8,90,Start Time,0,9d6512c4-47fb-eb11-94ef-000d3ad67e62,scnCreateRoomBooking,Active,Active,0,0,886191,Amser Dechrau,e4a22805-d5f7-eb11-94ee-0022481b485d
Description1,530,Attendees,0,6c60fbd5-47fb-eb11-94ef-000d3ad67e62,scnCalendar,Active,Active,0,0,886190,Mynychwyr,e4a22805-d5f7-eb11-94ee-0022481b485d
Description1_1,520,Created By,0,376beee1-47fb-eb11-94ef-000d3ad67e62,scnCalendar,Active,Active,0,0,886189,Crëwyd Gan,e4a22805-d5f7-eb11-94ee-0022481b485d
lblCalendarTitle,470,Calendar,0,340edfed-47fb-eb11-94ef-000d3ad67e62,scnCalendar,Active,Active,0,0,886188,Calendr,e4a22805-d5f7-eb11-94ee-0022481b485d
lblCreateRoomBookingTitle,50,Create Room Booking,0,8bdec7ff-47fb-eb11-94ef-000d3ad67e62,scnCreateRoomBooking,Active,Active,0,0,886187,Creu Archeb Ystafell,e4a22805-d5f7-eb11-94ee-0022481b485d
Description1,530,Attendees,0,e7117775-49fb-eb11-94ef-000d3ad67e62,scnCalendar,Active,Active,0,0,886186,Mynychwyr,e4a22805-d5f7-eb11-94ee-0022481b485d
lblFacility,380,Facility,0,f091cb0b-48fb-eb11-94ef-000d3ad67e62,scnCalendar,Active,Active,0,0,886185,Cyfleuster,e4a22805-d5f7-eb11-94ee-0022481b485d
Label13_3,700,Attendees,0,289b2692-49fb-eb11-94ef-000d3ad67e62,scnAddCarParking,Active,Active,0,0,886184,Mynychwyr,e4a22805-d5f7-eb11-94ee-0022481b485d
lblFacilityChoiceLabel,210,Building Selection,0,7196dc66-49fb-eb11-94ef-000d3ad67e62,scnRoomBooking,Active,Active,0,0,886182,Dewis Adeilad,e4a22805-d5f7-eb11-94ee-0022481b485d
DataCardKey20_3,790,End Time,0,faae95a6-49fb-eb11-94ef-000d3ad67e62,scnAddCarParking,Active,Active,0,0,886181,Gorffen y Cyfarfod,e4a22805-d5f7-eb11-94ee-0022481b485d
lblCurrentlyBooked,560,Currently Booked Parking Spaces,0,6beaff7c-49fb-eb11-94ef-000d3ad67e62,scnViewCarParking,Active,Active,0,0,886180,Mannau Parcio sydd wedi'u harchebu ar hyn o bryd,e4a22805-d5f7-eb11-94ee-0022481b485d
lblFilters,850,Filter,0,2ececa57-4cfb-eb11-94ef-000d3ad67e62,scnAddCarParking,Active,Active,0,0,886179,Hidlo,e4a22805-d5f7-eb11-94ee-0022481b485d
DataCardKey19_3,780,Start Time,0,023a419f-49fb-eb11-94ef-000d3ad67e62,scnAddCarParking,Active,Active,0,0,886178,Dechrau'r Cyfarfod,e4a22805-d5f7-eb11-94ee-0022481b485d
chkbx_DiabledParking,870,Disabled Space,0,4c819a7b-4cfb-eb11-94ef-000d3ad67e62,scnAddCarParking,Active,Active,0,0,886177,Man Parcio Anabl,e4a22805-d5f7-eb11-94ee-0022481b485d
lblBookNewParkingSpaces,820,Book New Parking Spaces,0,71600828-4cfb-eb11-94ef-000d3ad67e62,scnAddCarParking,Active,Active,0,0,886176,Archebu Mannau Parcio Newydd,e4a22805-d5f7-eb11-94ee-0022481b485d
lblHome,5,MyBookings,0,3de7eb4c-f9f8-eb11-94ef-000d3ad67e62,scnHome,Active,Active,0,0,886175,ApTrefnu,e4a22805-d5f7-eb11-94ee-0022481b485d
chkbx_ElectricCharging,860,Electric Charging,0,8901ac6f-4cfb-eb11-94ef-000d3ad67e62,scnAddCarParking,Active,Active,0,0,886174,Gwefru Trydan,e4a22805-d5f7-eb11-94ee-0022481b485d
lblMeetingDurationValue,1340,minutes,0,019b732f-34ff-eb11-94ef-000d3ad67dc2,scnRoomBooking,Active,Active,0,0,886173,munudau,e4a22805-d5f7-eb11-94ee-0022481b485d
btnBook,900,Book,0,712e7b99-4cfb-eb11-94ef-000d3ad67e62,scnAddCarParking,Active,Active,0,0,886172,Archebu,e4a22805-d5f7-eb11-94ee-0022481b485d
DataCardKey9_2,1230,Driver,0,04c60049-0bf9-eb11-94ef-000d3ad67e62,scnAddCarParkingExternalOccupier,Active,Active,0,0,886171,Gyrrwr,e4a22805-d5f7-eb11-94ee-0022481b485d
drpMeetingStartMonth,1355,February,0,e7ff1e79-d900-ec11-94ef-000d3ad67e62,scnRoomBooking,Active,Active,0,0,886169,Chwefror,e4a22805-d5f7-eb11-94ee-0022481b485d
lblMeetingDurationValue,1345,hours,0,d2cbc7b8-34ff-eb11-94ef-000d3ad67dc2,scnRoomBooking,Active,Active,0,0,886168,oriau,e4a22805-d5f7-eb11-94ee-0022481b485d
drpMeetingStartMonth,1365,April,0,1db4f19c-d900-ec11-94ef-000d3ad67e62,scnRoomBooking,Active,Active,0,0,886167,Ebrill,e4a22805-d5f7-eb11-94ee-0022481b485d
drpMeetingStartMonth,1350,January,0,2a8f3d61-d900-ec11-94ef-000d3ad67e62,scnRoomBooking,Active,Active,0,0,886166,Ionawr,e4a22805-d5f7-eb11-94ee-0022481b485d
drpMeetingStartMonth,1375,June,0,50a3daae-d900-ec11-94ef-000d3ad67e62,scnRoomBooking,Active,Active,0,0,886165,Mehefin,e4a22805-d5f7-eb11-94ee-0022481b485d
drpMeetingStartMonth,1360,March,0,81d70f85-d900-ec11-94ef-000d3ad67e62,scnRoomBooking,Active,Active,0,0,886164,Mawrth,e4a22805-d5f7-eb11-94ee-0022481b485d
drpMeetingStartMonth,1385,August,0,0a80c3c0-d900-ec11-94ef-000d3ad67e62,scnRoomBooking,Active,Active,0,0,886163,Awst,e4a22805-d5f7-eb11-94ee-0022481b485d
drpMeetingStartMonth,1370,May,0,da4ce2a8-d900-ec11-94ef-000d3ad67e62,scnRoomBooking,Active,Active,0,0,886162,Mai,e4a22805-d5f7-eb11-94ee-0022481b485d
drpMeetingStartMonth,1395,October,0,37d7b3d2-d900-ec11-94ef-000d3ad67e62,scnRoomBooking,Active,Active,0,0,886161,Hydref,e4a22805-d5f7-eb11-94ee-0022481b485d
drpMeetingStartMonth,1380,July,0,312dcbba-d900-ec11-94ef-000d3ad67e62,scnRoomBooking,Active,Active,0,0,886160,Gorffennaf,e4a22805-d5f7-eb11-94ee-0022481b485d
drpMeetingStartMonth,1405,December,0,f2c79ce4-d900-ec11-94ef-000d3ad67e62,scnRoomBooking,Active,Active,0,0,886159,Rhagfyr,e4a22805-d5f7-eb11-94ee-0022481b485d
drpMeetingStartMonth,1390,September,0,2063bbcc-d900-ec11-94ef-000d3ad67e62,scnRoomBooking,Active,Active,0,0,886158,Medi,e4a22805-d5f7-eb11-94ee-0022481b485d
btnBookRoom,1415,Please return to the room booking screen and try another.,0,e43cae8e-f700-ec11-94ef-000d3ad67e62,scnCreateRoomBooking,Active,Active,0,0,886157,Dychwelwch i'r sgrin archebu ystafelloedd a rhowch gynnig ar un arall.,e4a22805-d5f7-eb11-94ee-0022481b485d
drpMeetingStartMonth,1400,November,0,0730acd8-d900-ec11-94ef-000d3ad67e62,scnRoomBooking,Active,Active,0,0,886156,Tachwedd,e4a22805-d5f7-eb11-94ee-0022481b485d
btnBookRoom,1410,The room you were trying to book has become unavailable for this time.,0,aca016b4-ea00-ec11-94ef-000d3ad67e62,scnCreateRoomBooking,Active,Active,0,0,886155,Nid yw'r ystafell yr oeddech yn ceisio'i harchebu ar gael y tro hwn.,e4a22805-d5f7-eb11-94ee-0022481b485d
btnConfirmCarBooking,1425,Please return to the previous screen and select a new space.,0,d0a911a8-f700-ec11-94ef-000d3ad67e62,scnAddCarParkingInternalOccupier,Active,Active,0,0,886154,Dychwelwch i'r sgrin flaenorol a dewiswch le newydd.,e4a22805-d5f7-eb11-94ee-0022481b485d
btnConfirmCarBooking,1420,The car parking space for this time period has been made unavailable.,0,cfe0dedd-ea00-ec11-94ef-000d3ad67e62,scnAddCarParkingInternalOccupier,Active,Active,0,0,886153,Nid yw'r lle parcio ar gyfer y cyfnod hwn ar gael.,e4a22805-d5f7-eb11-94ee-0022481b485d
