wg_currentcapacity,importsequencenumber,wg_isteamsroom,wg_meetingroomid,wg_capacity,wg_roomcode,wg_roomname,statuscode,statecode,timezoneruleversionnumber,utcconversiontimezonecode,versionnumber,wg_facility,owningbusinessunit,wg_projector,wg_speaker,wg_speakerphone,crf1d_teamsroom,wg_wiredinternet
12,0,false,d0c50b9a-43f4-eb11-94ef-00224840528a,12,ABY04,Cilgerran,Active,Active,0,0,3414322,19f92ec8-3af4-eb11-94ef-00224840528a,e4a22805-d5f7-eb11-94ee-0022481b485d,ab7c2390-a4c7-eb11-bacc-000d3ad5fbb6,ab7c2390-a4c7-eb11-bacc-000d3ad5fbb6,,,ab7c2390-a4c7-eb11-bacc-000d3ad5fbb6
2,2,true,6a79117e-59f4-eb11-94ee-0022484053b4,12,CP1002,Room 1.19,Active,Active,0,0,2784080,2e00d262-3bf4-eb11-94ef-00224840528a,e4a22805-d5f7-eb11-94ee-0022481b485d,ab7c2390-a4c7-eb11-bacc-000d3ad5fbb6,ab7c2390-a4c7-eb11-bacc-000d3ad5fbb6,,aa7c2390-a4c7-eb11-bacc-000d3ad5fbb6,ab7c2390-a4c7-eb11-bacc-000d3ad5fbb6
8,2,,ba79117e-59f4-eb11-94ee-0022484053b4,34,CP2042,Caerdydd 2,Inactive,Inactive,0,0,2781632,2e00d262-3bf4-eb11-94ef-00224840528a,e4a22805-d5f7-eb11-94ee-0022481b485d,aa7c2390-a4c7-eb11-bacc-000d3ad5fbb6,aa7c2390-a4c7-eb11-bacc-000d3ad5fbb6,,,ab7c2390-a4c7-eb11-bacc-000d3ad5fbb6
5,2,,b879117e-59f4-eb11-94ee-0022484053b4,22,CP2041-1,Caerdydd 1,Inactive,Inactive,0,0,2781627,2e00d262-3bf4-eb11-94ef-00224840528a,e4a22805-d5f7-eb11-94ee-0022481b485d,ab7c2390-a4c7-eb11-bacc-000d3ad5fbb6,ab7c2390-a4c7-eb11-bacc-000d3ad5fbb6,,,ab7c2390-a4c7-eb11-bacc-000d3ad5fbb6
4,2,,b679117e-59f4-eb11-94ee-0022484053b4,18,CP2040,Cydweli 2,Inactive,Inactive,0,0,2781612,2e00d262-3bf4-eb11-94ef-00224840528a,e4a22805-d5f7-eb11-94ee-0022481b485d,ab7c2390-a4c7-eb11-bacc-000d3ad5fbb6,ab7c2390-a4c7-eb11-bacc-000d3ad5fbb6,,,ab7c2390-a4c7-eb11-bacc-000d3ad5fbb6
4,2,,b479117e-59f4-eb11-94ee-0022484053b4,18,CP2039,Cydweli 1,Inactive,Inactive,0,0,2781604,2e00d262-3bf4-eb11-94ef-00224840528a,e4a22805-d5f7-eb11-94ee-0022481b485d,ab7c2390-a4c7-eb11-bacc-000d3ad5fbb6,ab7c2390-a4c7-eb11-bacc-000d3ad5fbb6,,,ab7c2390-a4c7-eb11-bacc-000d3ad5fbb6
18,,,0f4564b4-2472-ec11-8943-0022481aa3b5,18,CP2039,Cydweli 1 & 2,Active,Active,,,2781529,2e00d262-3bf4-eb11-94ef-00224840528a,e4a22805-d5f7-eb11-94ee-0022481b485d,,,,,
12,,,0aea8513-484c-ec11-8f8e-000d3a0ce490,56,CP2041,Caerdydd 1 & 2,Active,Active,,,2312997,2e00d262-3bf4-eb11-94ef-00224840528a,e4a22805-d5f7-eb11-94ee-0022481b485d,,,,,
2,2,,6879117e-59f4-eb11-94ee-0022484053b4,10,CP1001,Room B04d,Inactive,Inactive,0,0,1487734,2e00d262-3bf4-eb11-94ef-00224840528a,e4a22805-d5f7-eb11-94ee-0022481b485d,ab7c2390-a4c7-eb11-bacc-000d3ad5fbb6,ab7c2390-a4c7-eb11-bacc-000d3ad5fbb6,,,ab7c2390-a4c7-eb11-bacc-000d3ad5fbb6
8,1,,349266a6-44f4-eb11-94ee-0022484057f2,8,ABY06,Gogerddan,Active,Active,0,0,886149,19f92ec8-3af4-eb11-94ef-00224840528a,e4a22805-d5f7-eb11-94ee-0022481b485d,ab7c2390-a4c7-eb11-bacc-000d3ad5fbb6,ab7c2390-a4c7-eb11-bacc-000d3ad5fbb6,,,ab7c2390-a4c7-eb11-bacc-000d3ad5fbb6
8,1,,369266a6-44f4-eb11-94ee-0022484057f2,8,ABY08,Glandyfi,Active,Active,0,0,886148,19f92ec8-3af4-eb11-94ef-00224840528a,e4a22805-d5f7-eb11-94ee-0022481b485d,ab7c2390-a4c7-eb11-bacc-000d3ad5fbb6,ab7c2390-a4c7-eb11-bacc-000d3ad5fbb6,,,ab7c2390-a4c7-eb11-bacc-000d3ad5fbb6
2,1,,389266a6-44f4-eb11-94ee-0022484057f2,2,ABY09,Y Bont Meeting Room,Active,Active,0,0,886147,19f92ec8-3af4-eb11-94ef-00224840528a,e4a22805-d5f7-eb11-94ee-0022481b485d,ab7c2390-a4c7-eb11-bacc-000d3ad5fbb6,ab7c2390-a4c7-eb11-bacc-000d3ad5fbb6,,,ab7c2390-a4c7-eb11-bacc-000d3ad5fbb6
3,1,,3e9266a6-44f4-eb11-94ee-0022484057f2,1,ABY12,Room 4 (VC),Active,Active,0,0,886146,19f92ec8-3af4-eb11-94ef-00224840528a,e4a22805-d5f7-eb11-94ee-0022481b485d,ab7c2390-a4c7-eb11-bacc-000d3ad5fbb6,ab7c2390-a4c7-eb11-bacc-000d3ad5fbb6,,,ab7c2390-a4c7-eb11-bacc-000d3ad5fbb6
4,2,,2e79117e-59f4-eb11-94ee-0022484053b4,4,CAR01,OA1 (Reception),Active,Active,0,0,886145,817b75ed-3af4-eb11-94ef-00224840528a,e4a22805-d5f7-eb11-94ee-0022481b485d,ab7c2390-a4c7-eb11-bacc-000d3ad5fbb6,ab7c2390-a4c7-eb11-bacc-000d3ad5fbb6,,,ab7c2390-a4c7-eb11-bacc-000d3ad5fbb6
4,2,,3079117e-59f4-eb11-94ee-0022484053b4,4,CAR02,1A2 (MIST),Active,Active,0,0,886144,817b75ed-3af4-eb11-94ef-00224840528a,e4a22805-d5f7-eb11-94ee-0022481b485d,ab7c2390-a4c7-eb11-bacc-000d3ad5fbb6,ab7c2390-a4c7-eb11-bacc-000d3ad5fbb6,,,ab7c2390-a4c7-eb11-bacc-000d3ad5fbb6
3,2,,3279117e-59f4-eb11-94ee-0022484053b4,12,CAR04,2A4,Active,Active,0,0,886143,817b75ed-3af4-eb11-94ef-00224840528a,e4a22805-d5f7-eb11-94ee-0022481b485d,ab7c2390-a4c7-eb11-bacc-000d3ad5fbb6,ab7c2390-a4c7-eb11-bacc-000d3ad5fbb6,,,ab7c2390-a4c7-eb11-bacc-000d3ad5fbb6
3,2,,3479117e-59f4-eb11-94ee-0022484053b4,12,CAR05,2A5,Active,Active,0,0,886142,817b75ed-3af4-eb11-94ef-00224840528a,e4a22805-d5f7-eb11-94ee-0022481b485d,ab7c2390-a4c7-eb11-bacc-000d3ad5fbb6,ab7c2390-a4c7-eb11-bacc-000d3ad5fbb6,,,ab7c2390-a4c7-eb11-bacc-000d3ad5fbb6
3,2,,3679117e-59f4-eb11-94ee-0022484053b4,12,CAR06,2A6,Active,Active,0,0,886141,817b75ed-3af4-eb11-94ef-00224840528a,e4a22805-d5f7-eb11-94ee-0022481b485d,ab7c2390-a4c7-eb11-bacc-000d3ad5fbb6,ab7c2390-a4c7-eb11-bacc-000d3ad5fbb6,,,ab7c2390-a4c7-eb11-bacc-000d3ad5fbb6
1,2,,3a79117e-59f4-eb11-94ee-0022484053b4,4,CAR08,2A8,Active,Active,0,0,886140,817b75ed-3af4-eb11-94ef-00224840528a,e4a22805-d5f7-eb11-94ee-0022481b485d,ab7c2390-a4c7-eb11-bacc-000d3ad5fbb6,ab7c2390-a4c7-eb11-bacc-000d3ad5fbb6,,,ab7c2390-a4c7-eb11-bacc-000d3ad5fbb6
1,2,,3879117e-59f4-eb11-94ee-0022484053b4,4,CAR07,2A7,Active,Active,0,0,886139,817b75ed-3af4-eb11-94ef-00224840528a,e4a22805-d5f7-eb11-94ee-0022481b485d,ab7c2390-a4c7-eb11-bacc-000d3ad5fbb6,ab7c2390-a4c7-eb11-bacc-000d3ad5fbb6,,,ab7c2390-a4c7-eb11-bacc-000d3ad5fbb6
1,2,,3e79117e-59f4-eb11-94ee-0022484053b4,4,CAR10,2B3,Active,Active,0,0,886138,817b75ed-3af4-eb11-94ef-00224840528a,e4a22805-d5f7-eb11-94ee-0022481b485d,ab7c2390-a4c7-eb11-bacc-000d3ad5fbb6,ab7c2390-a4c7-eb11-bacc-000d3ad5fbb6,,,ab7c2390-a4c7-eb11-bacc-000d3ad5fbb6
1,2,,3c79117e-59f4-eb11-94ee-0022484053b4,4,CAR09,1B2,Active,Active,0,0,886137,817b75ed-3af4-eb11-94ef-00224840528a,e4a22805-d5f7-eb11-94ee-0022481b485d,ab7c2390-a4c7-eb11-bacc-000d3ad5fbb6,ab7c2390-a4c7-eb11-bacc-000d3ad5fbb6,,,ab7c2390-a4c7-eb11-bacc-000d3ad5fbb6
1,2,,4279117e-59f4-eb11-94ee-0022484053b4,6,CAR12,3C6,Active,Active,0,0,886136,817b75ed-3af4-eb11-94ef-00224840528a,e4a22805-d5f7-eb11-94ee-0022481b485d,ab7c2390-a4c7-eb11-bacc-000d3ad5fbb6,ab7c2390-a4c7-eb11-bacc-000d3ad5fbb6,,,ab7c2390-a4c7-eb11-bacc-000d3ad5fbb6
3,2,,4079117e-59f4-eb11-94ee-0022484053b4,16,CAR11,3C5,Active,Active,0,0,886135,817b75ed-3af4-eb11-94ef-00224840528a,e4a22805-d5f7-eb11-94ee-0022481b485d,ab7c2390-a4c7-eb11-bacc-000d3ad5fbb6,ab7c2390-a4c7-eb11-bacc-000d3ad5fbb6,,,ab7c2390-a4c7-eb11-bacc-000d3ad5fbb6
2,2,,4679117e-59f4-eb11-94ee-0022484053b4,6,LLA01,Elan,Active,Active,0,0,886134,5c4da2ff-3af4-eb11-94ef-00224840528a,e4a22805-d5f7-eb11-94ee-0022481b485d,ab7c2390-a4c7-eb11-bacc-000d3ad5fbb6,ab7c2390-a4c7-eb11-bacc-000d3ad5fbb6,,,ab7c2390-a4c7-eb11-bacc-000d3ad5fbb6
1,2,,4479117e-59f4-eb11-94ee-0022484053b4,4,CAR13,Teleconference,Active,Active,0,0,886133,817b75ed-3af4-eb11-94ef-00224840528a,e4a22805-d5f7-eb11-94ee-0022481b485d,ab7c2390-a4c7-eb11-bacc-000d3ad5fbb6,ab7c2390-a4c7-eb11-bacc-000d3ad5fbb6,,,ab7c2390-a4c7-eb11-bacc-000d3ad5fbb6
2,2,,4a79117e-59f4-eb11-94ee-0022484053b4,8,LLA04,Cefnllys,Active,Active,0,0,886132,5c4da2ff-3af4-eb11-94ef-00224840528a,e4a22805-d5f7-eb11-94ee-0022481b485d,ab7c2390-a4c7-eb11-bacc-000d3ad5fbb6,ab7c2390-a4c7-eb11-bacc-000d3ad5fbb6,,,ab7c2390-a4c7-eb11-bacc-000d3ad5fbb6
2,2,,4879117e-59f4-eb11-94ee-0022484053b4,6,LLA02,Ithon,Active,Active,0,0,886131,5c4da2ff-3af4-eb11-94ef-00224840528a,e4a22805-d5f7-eb11-94ee-0022481b485d,ab7c2390-a4c7-eb11-bacc-000d3ad5fbb6,ab7c2390-a4c7-eb11-bacc-000d3ad5fbb6,,,ab7c2390-a4c7-eb11-bacc-000d3ad5fbb6
1,2,,4e79117e-59f4-eb11-94ee-0022484053b4,3,OAK01,Usk 1,Active,Active,0,0,886130,11d5194a-3bf4-eb11-94ef-00224840528a,e4a22805-d5f7-eb11-94ee-0022481b485d,ab7c2390-a4c7-eb11-bacc-000d3ad5fbb6,ab7c2390-a4c7-eb11-bacc-000d3ad5fbb6,,,ab7c2390-a4c7-eb11-bacc-000d3ad5fbb6
1,2,,4c79117e-59f4-eb11-94ee-0022484053b4,4,LLA05,East,Active,Active,0,0,886129,5c4da2ff-3af4-eb11-94ef-00224840528a,e4a22805-d5f7-eb11-94ee-0022481b485d,ab7c2390-a4c7-eb11-bacc-000d3ad5fbb6,ab7c2390-a4c7-eb11-bacc-000d3ad5fbb6,,,ab7c2390-a4c7-eb11-bacc-000d3ad5fbb6
8,2,,5279117e-59f4-eb11-94ee-0022484053b4,30,PEN01,Conference Room,Active,Active,0,0,886128,6b1602ad-8bf3-eb11-94ef-0022484058b8,e4a22805-d5f7-eb11-94ee-0022481b485d,ab7c2390-a4c7-eb11-bacc-000d3ad5fbb6,ab7c2390-a4c7-eb11-bacc-000d3ad5fbb6,,,ab7c2390-a4c7-eb11-bacc-000d3ad5fbb6
1,2,,5079117e-59f4-eb11-94ee-0022484053b4,3,OAK02,Usk 2,Active,Active,0,0,886127,11d5194a-3bf4-eb11-94ef-00224840528a,e4a22805-d5f7-eb11-94ee-0022481b485d,ab7c2390-a4c7-eb11-bacc-000d3ad5fbb6,ab7c2390-a4c7-eb11-bacc-000d3ad5fbb6,,,ab7c2390-a4c7-eb11-bacc-000d3ad5fbb6
1,2,,5679117e-59f4-eb11-94ee-0022484053b4,6,PEN03,Gwendraeth,Active,Active,0,0,886126,6b1602ad-8bf3-eb11-94ef-0022484058b8,e4a22805-d5f7-eb11-94ee-0022481b485d,ab7c2390-a4c7-eb11-bacc-000d3ad5fbb6,ab7c2390-a4c7-eb11-bacc-000d3ad5fbb6,,,ab7c2390-a4c7-eb11-bacc-000d3ad5fbb6
6,2,,5479117e-59f4-eb11-94ee-0022484053b4,20,PEN02,Cothi Room,Active,Active,0,0,886125,6b1602ad-8bf3-eb11-94ef-0022484058b8,e4a22805-d5f7-eb11-94ee-0022481b485d,ab7c2390-a4c7-eb11-bacc-000d3ad5fbb6,ab7c2390-a4c7-eb11-bacc-000d3ad5fbb6,,,ab7c2390-a4c7-eb11-bacc-000d3ad5fbb6
1,2,,5a79117e-59f4-eb11-94ee-0022484053b4,6,PEN05,Lliw,Active,Active,0,0,886124,6b1602ad-8bf3-eb11-94ef-0022484058b8,e4a22805-d5f7-eb11-94ee-0022481b485d,ab7c2390-a4c7-eb11-bacc-000d3ad5fbb6,ab7c2390-a4c7-eb11-bacc-000d3ad5fbb6,,,ab7c2390-a4c7-eb11-bacc-000d3ad5fbb6
1,2,,5879117e-59f4-eb11-94ee-0022484053b4,6,PEN04,Amman,Active,Active,0,0,886123,6b1602ad-8bf3-eb11-94ef-0022484058b8,e4a22805-d5f7-eb11-94ee-0022481b485d,ab7c2390-a4c7-eb11-bacc-000d3ad5fbb6,ab7c2390-a4c7-eb11-bacc-000d3ad5fbb6,,,ab7c2390-a4c7-eb11-bacc-000d3ad5fbb6
2,2,,5e79117e-59f4-eb11-94ee-0022484053b4,12,PEN07,Nedd,Active,Active,0,0,886122,6b1602ad-8bf3-eb11-94ef-0022484058b8,e4a22805-d5f7-eb11-94ee-0022481b485d,ab7c2390-a4c7-eb11-bacc-000d3ad5fbb6,ab7c2390-a4c7-eb11-bacc-000d3ad5fbb6,,,ab7c2390-a4c7-eb11-bacc-000d3ad5fbb6
1,2,,5c79117e-59f4-eb11-94ee-0022484053b4,6,PEN06,Morlais,Active,Active,0,0,886121,6b1602ad-8bf3-eb11-94ef-0022484058b8,e4a22805-d5f7-eb11-94ee-0022481b485d,ab7c2390-a4c7-eb11-bacc-000d3ad5fbb6,ab7c2390-a4c7-eb11-bacc-000d3ad5fbb6,,,ab7c2390-a4c7-eb11-bacc-000d3ad5fbb6
2,2,,6279117e-59f4-eb11-94ee-0022484053b4,12,PEN09,Tywi,Active,Active,0,0,886120,6b1602ad-8bf3-eb11-94ef-0022484058b8,e4a22805-d5f7-eb11-94ee-0022481b485d,ab7c2390-a4c7-eb11-bacc-000d3ad5fbb6,ab7c2390-a4c7-eb11-bacc-000d3ad5fbb6,,,ab7c2390-a4c7-eb11-bacc-000d3ad5fbb6
1,2,,6079117e-59f4-eb11-94ee-0022484053b4,6,PEN08,Teifi,Active,Active,0,0,886119,6b1602ad-8bf3-eb11-94ef-0022484058b8,e4a22805-d5f7-eb11-94ee-0022481b485d,ab7c2390-a4c7-eb11-bacc-000d3ad5fbb6,ab7c2390-a4c7-eb11-bacc-000d3ad5fbb6,,,ab7c2390-a4c7-eb11-bacc-000d3ad5fbb6
1,2,,6479117e-59f4-eb11-94ee-0022484053b4,6,PEN10,Clydach,Active,Active,0,0,886117,6b1602ad-8bf3-eb11-94ef-0022484058b8,e4a22805-d5f7-eb11-94ee-0022481b485d,ab7c2390-a4c7-eb11-bacc-000d3ad5fbb6,ab7c2390-a4c7-eb11-bacc-000d3ad5fbb6,,,ab7c2390-a4c7-eb11-bacc-000d3ad5fbb6
1,2,,6679117e-59f4-eb11-94ee-0022484053b4,6,PEN11,Gwili,Active,Active,0,0,886115,6b1602ad-8bf3-eb11-94ef-0022484058b8,e4a22805-d5f7-eb11-94ee-0022481b485d,ab7c2390-a4c7-eb11-bacc-000d3ad5fbb6,ab7c2390-a4c7-eb11-bacc-000d3ad5fbb6,,,ab7c2390-a4c7-eb11-bacc-000d3ad5fbb6
3,2,,7079117e-59f4-eb11-94ee-0022484053b4,8,CP1005,Room 2.13,Active,Active,0,0,886114,2e00d262-3bf4-eb11-94ef-00224840528a,e4a22805-d5f7-eb11-94ee-0022481b485d,ab7c2390-a4c7-eb11-bacc-000d3ad5fbb6,ab7c2390-a4c7-eb11-bacc-000d3ad5fbb6,,,ab7c2390-a4c7-eb11-bacc-000d3ad5fbb6
5,2,,6c79117e-59f4-eb11-94ee-0022484053b4,30,CP1003,Events Suite,Active,Active,0,0,886113,2e00d262-3bf4-eb11-94ef-00224840528a,e4a22805-d5f7-eb11-94ee-0022481b485d,ab7c2390-a4c7-eb11-bacc-000d3ad5fbb6,ab7c2390-a4c7-eb11-bacc-000d3ad5fbb6,,,ab7c2390-a4c7-eb11-bacc-000d3ad5fbb6
2,2,,7279117e-59f4-eb11-94ee-0022484053b4,10,CP1006,Room 2.16,Active,Active,0,0,886112,2e00d262-3bf4-eb11-94ef-00224840528a,e4a22805-d5f7-eb11-94ee-0022481b485d,ab7c2390-a4c7-eb11-bacc-000d3ad5fbb6,ab7c2390-a4c7-eb11-bacc-000d3ad5fbb6,,,ab7c2390-a4c7-eb11-bacc-000d3ad5fbb6
2,2,,6e79117e-59f4-eb11-94ee-0022484053b4,8,CP1004,Room 2.07,Active,Active,0,0,886111,2e00d262-3bf4-eb11-94ef-00224840528a,e4a22805-d5f7-eb11-94ee-0022481b485d,ab7c2390-a4c7-eb11-bacc-000d3ad5fbb6,ab7c2390-a4c7-eb11-bacc-000d3ad5fbb6,,,ab7c2390-a4c7-eb11-bacc-000d3ad5fbb6
2,2,,7479117e-59f4-eb11-94ee-0022484053b4,10,CP1007,Room 2.17,Active,Active,0,0,886110,2e00d262-3bf4-eb11-94ef-00224840528a,e4a22805-d5f7-eb11-94ee-0022481b485d,ab7c2390-a4c7-eb11-bacc-000d3ad5fbb6,ab7c2390-a4c7-eb11-bacc-000d3ad5fbb6,,,ab7c2390-a4c7-eb11-bacc-000d3ad5fbb6
2,2,,7679117e-59f4-eb11-94ee-0022484053b4,10,CP1008,Room 2.21,Active,Active,0,0,886109,2e00d262-3bf4-eb11-94ef-00224840528a,e4a22805-d5f7-eb11-94ee-0022481b485d,ab7c2390-a4c7-eb11-bacc-000d3ad5fbb6,ab7c2390-a4c7-eb11-bacc-000d3ad5fbb6,,,ab7c2390-a4c7-eb11-bacc-000d3ad5fbb6
2,2,,7879117e-59f4-eb11-94ee-0022484053b4,8,CP1009,Room 2.22,Active,Active,0,0,886108,2e00d262-3bf4-eb11-94ef-00224840528a,e4a22805-d5f7-eb11-94ee-0022481b485d,ab7c2390-a4c7-eb11-bacc-000d3ad5fbb6,ab7c2390-a4c7-eb11-bacc-000d3ad5fbb6,,,ab7c2390-a4c7-eb11-bacc-000d3ad5fbb6
3,2,,7a79117e-59f4-eb11-94ee-0022484053b4,6,CP1010,Room 2.25,Active,Active,0,0,886107,2e00d262-3bf4-eb11-94ef-00224840528a,e4a22805-d5f7-eb11-94ee-0022481b485d,ab7c2390-a4c7-eb11-bacc-000d3ad5fbb6,ab7c2390-a4c7-eb11-bacc-000d3ad5fbb6,,,ab7c2390-a4c7-eb11-bacc-000d3ad5fbb6
2,2,,7c79117e-59f4-eb11-94ee-0022484053b4,10,CP1011,Room 2.26,Active,Active,0,0,886106,2e00d262-3bf4-eb11-94ef-00224840528a,e4a22805-d5f7-eb11-94ee-0022481b485d,ab7c2390-a4c7-eb11-bacc-000d3ad5fbb6,ab7c2390-a4c7-eb11-bacc-000d3ad5fbb6,,,ab7c2390-a4c7-eb11-bacc-000d3ad5fbb6
2,2,,8079117e-59f4-eb11-94ee-0022484053b4,9,CP1013,Room 3.03a,Active,Active,0,0,886105,2e00d262-3bf4-eb11-94ef-00224840528a,e4a22805-d5f7-eb11-94ee-0022481b485d,ab7c2390-a4c7-eb11-bacc-000d3ad5fbb6,ab7c2390-a4c7-eb11-bacc-000d3ad5fbb6,,,ab7c2390-a4c7-eb11-bacc-000d3ad5fbb6
3,2,,7e79117e-59f4-eb11-94ee-0022484053b4,6,CP1012,Telepresence 1 (2.28),Active,Active,0,0,886104,2e00d262-3bf4-eb11-94ef-00224840528a,e4a22805-d5f7-eb11-94ee-0022481b485d,ab7c2390-a4c7-eb11-bacc-000d3ad5fbb6,ab7c2390-a4c7-eb11-bacc-000d3ad5fbb6,,,ab7c2390-a4c7-eb11-bacc-000d3ad5fbb6
3,2,,8279117e-59f4-eb11-94ee-0022484053b4,8,CP1014,Room 3.16,Active,Active,0,0,886103,2e00d262-3bf4-eb11-94ef-00224840528a,e4a22805-d5f7-eb11-94ee-0022481b485d,ab7c2390-a4c7-eb11-bacc-000d3ad5fbb6,ab7c2390-a4c7-eb11-bacc-000d3ad5fbb6,,,ab7c2390-a4c7-eb11-bacc-000d3ad5fbb6
9,2,,8479117e-59f4-eb11-94ee-0022484053b4,48,CP2015,ECCW Meeting Room 1,Active,Active,0,0,886102,2e00d262-3bf4-eb11-94ef-00224840528a,e4a22805-d5f7-eb11-94ee-0022481b485d,ab7c2390-a4c7-eb11-bacc-000d3ad5fbb6,ab7c2390-a4c7-eb11-bacc-000d3ad5fbb6,,,ab7c2390-a4c7-eb11-bacc-000d3ad5fbb6
9,2,,8679117e-59f4-eb11-94ee-0022484053b4,20,CP2016,ECCW Meeting Room 2,Active,Active,0,0,886101,2e00d262-3bf4-eb11-94ef-00224840528a,e4a22805-d5f7-eb11-94ee-0022481b485d,ab7c2390-a4c7-eb11-bacc-000d3ad5fbb6,ab7c2390-a4c7-eb11-bacc-000d3ad5fbb6,,,ab7c2390-a4c7-eb11-bacc-000d3ad5fbb6
5,2,,8879117e-59f4-eb11-94ee-0022484053b4,25,CP2017,ECCW Board Room,Active,Active,0,0,886100,2e00d262-3bf4-eb11-94ef-00224840528a,e4a22805-d5f7-eb11-94ee-0022481b485d,ab7c2390-a4c7-eb11-bacc-000d3ad5fbb6,ab7c2390-a4c7-eb11-bacc-000d3ad5fbb6,,,ab7c2390-a4c7-eb11-bacc-000d3ad5fbb6
2,2,,8c79117e-59f4-eb11-94ee-0022484053b4,8,CP2019,ECCW 2,Active,Active,0,0,886099,2e00d262-3bf4-eb11-94ef-00224840528a,e4a22805-d5f7-eb11-94ee-0022481b485d,ab7c2390-a4c7-eb11-bacc-000d3ad5fbb6,ab7c2390-a4c7-eb11-bacc-000d3ad5fbb6,,,ab7c2390-a4c7-eb11-bacc-000d3ad5fbb6
2,2,,8a79117e-59f4-eb11-94ee-0022484053b4,8,CP2018,ECCW 1,Active,Active,0,0,886098,2e00d262-3bf4-eb11-94ef-00224840528a,e4a22805-d5f7-eb11-94ee-0022481b485d,ab7c2390-a4c7-eb11-bacc-000d3ad5fbb6,ab7c2390-a4c7-eb11-bacc-000d3ad5fbb6,,,ab7c2390-a4c7-eb11-bacc-000d3ad5fbb6
4,2,,9079117e-59f4-eb11-94ee-0022484053b4,16,CP2021,ECCW 4,Active,Active,0,0,886097,2e00d262-3bf4-eb11-94ef-00224840528a,e4a22805-d5f7-eb11-94ee-0022481b485d,ab7c2390-a4c7-eb11-bacc-000d3ad5fbb6,ab7c2390-a4c7-eb11-bacc-000d3ad5fbb6,,,ab7c2390-a4c7-eb11-bacc-000d3ad5fbb6
3,2,,8e79117e-59f4-eb11-94ee-0022484053b4,14,CP2020,ECCW 3,Active,Active,0,0,886096,2e00d262-3bf4-eb11-94ef-00224840528a,e4a22805-d5f7-eb11-94ee-0022481b485d,ab7c2390-a4c7-eb11-bacc-000d3ad5fbb6,ab7c2390-a4c7-eb11-bacc-000d3ad5fbb6,,,ab7c2390-a4c7-eb11-bacc-000d3ad5fbb6
1,2,,9479117e-59f4-eb11-94ee-0022484053b4,8,CP2023,Room 0.06,Active,Active,0,0,886095,2e00d262-3bf4-eb11-94ef-00224840528a,e4a22805-d5f7-eb11-94ee-0022481b485d,ab7c2390-a4c7-eb11-bacc-000d3ad5fbb6,ab7c2390-a4c7-eb11-bacc-000d3ad5fbb6,,,ab7c2390-a4c7-eb11-bacc-000d3ad5fbb6
1,2,,9279117e-59f4-eb11-94ee-0022484053b4,8,CP2022,Room 0.05,Active,Active,0,0,886094,2e00d262-3bf4-eb11-94ef-00224840528a,e4a22805-d5f7-eb11-94ee-0022481b485d,ab7c2390-a4c7-eb11-bacc-000d3ad5fbb6,ab7c2390-a4c7-eb11-bacc-000d3ad5fbb6,,,ab7c2390-a4c7-eb11-bacc-000d3ad5fbb6
1,2,,9679117e-59f4-eb11-94ee-0022484053b4,6,CP2024,Room 0.07,Active,Active,0,0,886093,2e00d262-3bf4-eb11-94ef-00224840528a,e4a22805-d5f7-eb11-94ee-0022481b485d,ab7c2390-a4c7-eb11-bacc-000d3ad5fbb6,ab7c2390-a4c7-eb11-bacc-000d3ad5fbb6,,,ab7c2390-a4c7-eb11-bacc-000d3ad5fbb6
1,2,,9879117e-59f4-eb11-94ee-0022484053b4,3,CP2025,Room 0.08,Active,Active,0,0,886092,2e00d262-3bf4-eb11-94ef-00224840528a,e4a22805-d5f7-eb11-94ee-0022481b485d,ab7c2390-a4c7-eb11-bacc-000d3ad5fbb6,ab7c2390-a4c7-eb11-bacc-000d3ad5fbb6,,,ab7c2390-a4c7-eb11-bacc-000d3ad5fbb6
1,2,,9a79117e-59f4-eb11-94ee-0022484053b4,3,CP2026,Room 0.09,Active,Active,0,0,886091,2e00d262-3bf4-eb11-94ef-00224840528a,e4a22805-d5f7-eb11-94ee-0022481b485d,ab7c2390-a4c7-eb11-bacc-000d3ad5fbb6,ab7c2390-a4c7-eb11-bacc-000d3ad5fbb6,,,ab7c2390-a4c7-eb11-bacc-000d3ad5fbb6
2,2,,9c79117e-59f4-eb11-94ee-0022484053b4,14,CP2027,Room 0.01,Active,Active,0,0,886090,2e00d262-3bf4-eb11-94ef-00224840528a,e4a22805-d5f7-eb11-94ee-0022481b485d,ab7c2390-a4c7-eb11-bacc-000d3ad5fbb6,ab7c2390-a4c7-eb11-bacc-000d3ad5fbb6,,,ab7c2390-a4c7-eb11-bacc-000d3ad5fbb6
1,2,,9e79117e-59f4-eb11-94ee-0022484053b4,8,CP2028,Room 0.02,Active,Active,0,0,886089,2e00d262-3bf4-eb11-94ef-00224840528a,e4a22805-d5f7-eb11-94ee-0022481b485d,ab7c2390-a4c7-eb11-bacc-000d3ad5fbb6,ab7c2390-a4c7-eb11-bacc-000d3ad5fbb6,,,ab7c2390-a4c7-eb11-bacc-000d3ad5fbb6
1,2,,a079117e-59f4-eb11-94ee-0022484053b4,8,CP2029,Room 0.26,Active,Active,0,0,886088,2e00d262-3bf4-eb11-94ef-00224840528a,e4a22805-d5f7-eb11-94ee-0022481b485d,ab7c2390-a4c7-eb11-bacc-000d3ad5fbb6,ab7c2390-a4c7-eb11-bacc-000d3ad5fbb6,,,ab7c2390-a4c7-eb11-bacc-000d3ad5fbb6
1,2,,a279117e-59f4-eb11-94ee-0022484053b4,8,CP2030,Room 0.27,Active,Active,0,0,886087,2e00d262-3bf4-eb11-94ef-00224840528a,e4a22805-d5f7-eb11-94ee-0022481b485d,ab7c2390-a4c7-eb11-bacc-000d3ad5fbb6,ab7c2390-a4c7-eb11-bacc-000d3ad5fbb6,,,ab7c2390-a4c7-eb11-bacc-000d3ad5fbb6
4,2,,a479117e-59f4-eb11-94ee-0022484053b4,6,CP2031,Room 0.28,Active,Active,0,0,886086,2e00d262-3bf4-eb11-94ef-00224840528a,e4a22805-d5f7-eb11-94ee-0022481b485d,ab7c2390-a4c7-eb11-bacc-000d3ad5fbb6,ab7c2390-a4c7-eb11-bacc-000d3ad5fbb6,,,ab7c2390-a4c7-eb11-bacc-000d3ad5fbb6
6,2,,a679117e-59f4-eb11-94ee-0022484053b4,28,CP2032,Caernarfon,Active,Active,0,0,886085,2e00d262-3bf4-eb11-94ef-00224840528a,e4a22805-d5f7-eb11-94ee-0022481b485d,ab7c2390-a4c7-eb11-bacc-000d3ad5fbb6,ab7c2390-a4c7-eb11-bacc-000d3ad5fbb6,,,ab7c2390-a4c7-eb11-bacc-000d3ad5fbb6
2,2,,a879117e-59f4-eb11-94ee-0022484053b4,12,CP2033,Room 0.13,Active,Active,0,0,886084,2e00d262-3bf4-eb11-94ef-00224840528a,e4a22805-d5f7-eb11-94ee-0022481b485d,ab7c2390-a4c7-eb11-bacc-000d3ad5fbb6,ab7c2390-a4c7-eb11-bacc-000d3ad5fbb6,,,ab7c2390-a4c7-eb11-bacc-000d3ad5fbb6
2,2,,aa79117e-59f4-eb11-94ee-0022484053b4,8,CP2034,Room 0.19,Active,Active,0,0,886083,2e00d262-3bf4-eb11-94ef-00224840528a,e4a22805-d5f7-eb11-94ee-0022481b485d,ab7c2390-a4c7-eb11-bacc-000d3ad5fbb6,ab7c2390-a4c7-eb11-bacc-000d3ad5fbb6,,,ab7c2390-a4c7-eb11-bacc-000d3ad5fbb6
1,2,,ac79117e-59f4-eb11-94ee-0022484053b4,8,CP2035,Room 0.20,Active,Active,0,0,886082,2e00d262-3bf4-eb11-94ef-00224840528a,e4a22805-d5f7-eb11-94ee-0022481b485d,ab7c2390-a4c7-eb11-bacc-000d3ad5fbb6,ab7c2390-a4c7-eb11-bacc-000d3ad5fbb6,,,ab7c2390-a4c7-eb11-bacc-000d3ad5fbb6
2,2,,b079117e-59f4-eb11-94ee-0022484053b4,12,CP2037,Y Fenni,Active,Active,0,0,886081,2e00d262-3bf4-eb11-94ef-00224840528a,e4a22805-d5f7-eb11-94ee-0022481b485d,ab7c2390-a4c7-eb11-bacc-000d3ad5fbb6,ab7c2390-a4c7-eb11-bacc-000d3ad5fbb6,,,ab7c2390-a4c7-eb11-bacc-000d3ad5fbb6
3,2,,ae79117e-59f4-eb11-94ee-0022484053b4,6,CP2036,Wrecsam,Active,Active,0,0,886080,2e00d262-3bf4-eb11-94ef-00224840528a,e4a22805-d5f7-eb11-94ee-0022481b485d,ab7c2390-a4c7-eb11-bacc-000d3ad5fbb6,ab7c2390-a4c7-eb11-bacc-000d3ad5fbb6,,,ab7c2390-a4c7-eb11-bacc-000d3ad5fbb6
3,2,,b279117e-59f4-eb11-94ee-0022484053b4,6,CP2038,Telepresence 2,Active,Active,0,0,886078,2e00d262-3bf4-eb11-94ef-00224840528a,e4a22805-d5f7-eb11-94ee-0022481b485d,ab7c2390-a4c7-eb11-bacc-000d3ad5fbb6,ab7c2390-a4c7-eb11-bacc-000d3ad5fbb6,,,ab7c2390-a4c7-eb11-bacc-000d3ad5fbb6
2,2,,c279117e-59f4-eb11-94ee-0022484053b4,10,CP2046,Abertawe,Active,Active,0,0,886075,2e00d262-3bf4-eb11-94ef-00224840528a,e4a22805-d5f7-eb11-94ee-0022481b485d,ab7c2390-a4c7-eb11-bacc-000d3ad5fbb6,ab7c2390-a4c7-eb11-bacc-000d3ad5fbb6,,,ab7c2390-a4c7-eb11-bacc-000d3ad5fbb6
2,2,,c079117e-59f4-eb11-94ee-0022484053b4,10,CP2045,Ynys Mon,Active,Active,0,0,886074,2e00d262-3bf4-eb11-94ef-00224840528a,e4a22805-d5f7-eb11-94ee-0022481b485d,ab7c2390-a4c7-eb11-bacc-000d3ad5fbb6,ab7c2390-a4c7-eb11-bacc-000d3ad5fbb6,,,ab7c2390-a4c7-eb11-bacc-000d3ad5fbb6
2,2,,c479117e-59f4-eb11-94ee-0022484053b4,10,CP2047,Pen-y-Bont,Active,Active,0,0,886073,2e00d262-3bf4-eb11-94ef-00224840528a,e4a22805-d5f7-eb11-94ee-0022481b485d,ab7c2390-a4c7-eb11-bacc-000d3ad5fbb6,ab7c2390-a4c7-eb11-bacc-000d3ad5fbb6,,,ab7c2390-a4c7-eb11-bacc-000d3ad5fbb6
2,2,,c679117e-59f4-eb11-94ee-0022484053b4,6,CP2048,Casnewydd,Active,Active,0,0,886072,2e00d262-3bf4-eb11-94ef-00224840528a,e4a22805-d5f7-eb11-94ee-0022481b485d,ab7c2390-a4c7-eb11-bacc-000d3ad5fbb6,ab7c2390-a4c7-eb11-bacc-000d3ad5fbb6,,,ab7c2390-a4c7-eb11-bacc-000d3ad5fbb6
2,2,,ca79117e-59f4-eb11-94ee-0022484053b4,10,CP2050,Tregaron,Active,Active,0,0,886071,2e00d262-3bf4-eb11-94ef-00224840528a,e4a22805-d5f7-eb11-94ee-0022481b485d,ab7c2390-a4c7-eb11-bacc-000d3ad5fbb6,ab7c2390-a4c7-eb11-bacc-000d3ad5fbb6,,,ab7c2390-a4c7-eb11-bacc-000d3ad5fbb6
2,2,,c879117e-59f4-eb11-94ee-0022484053b4,10,CP2049,Ty Ddewi,Active,Active,0,0,886070,2e00d262-3bf4-eb11-94ef-00224840528a,e4a22805-d5f7-eb11-94ee-0022481b485d,ab7c2390-a4c7-eb11-bacc-000d3ad5fbb6,ab7c2390-a4c7-eb11-bacc-000d3ad5fbb6,,,ab7c2390-a4c7-eb11-bacc-000d3ad5fbb6
2,2,,ce79117e-59f4-eb11-94ee-0022484053b4,8,CP2052,Room 3,Active,Active,0,0,886069,2e00d262-3bf4-eb11-94ef-00224840528a,e4a22805-d5f7-eb11-94ee-0022481b485d,ab7c2390-a4c7-eb11-bacc-000d3ad5fbb6,ab7c2390-a4c7-eb11-bacc-000d3ad5fbb6,,,ab7c2390-a4c7-eb11-bacc-000d3ad5fbb6
2,2,,cc79117e-59f4-eb11-94ee-0022484053b4,8,CP2051,Room 2,Active,Active,0,0,886068,2e00d262-3bf4-eb11-94ef-00224840528a,e4a22805-d5f7-eb11-94ee-0022481b485d,ab7c2390-a4c7-eb11-bacc-000d3ad5fbb6,ab7c2390-a4c7-eb11-bacc-000d3ad5fbb6,,,ab7c2390-a4c7-eb11-bacc-000d3ad5fbb6
2,2,,d079117e-59f4-eb11-94ee-0022484053b4,14,CP2053,Room 1020,Active,Active,0,0,886067,2e00d262-3bf4-eb11-94ef-00224840528a,e4a22805-d5f7-eb11-94ee-0022481b485d,ab7c2390-a4c7-eb11-bacc-000d3ad5fbb6,ab7c2390-a4c7-eb11-bacc-000d3ad5fbb6,,,ab7c2390-a4c7-eb11-bacc-000d3ad5fbb6
2,2,,d279117e-59f4-eb11-94ee-0022484053b4,14,CP2054,Room 1021,Active,Active,0,0,886066,2e00d262-3bf4-eb11-94ef-00224840528a,e4a22805-d5f7-eb11-94ee-0022481b485d,ab7c2390-a4c7-eb11-bacc-000d3ad5fbb6,ab7c2390-a4c7-eb11-bacc-000d3ad5fbb6,,,ab7c2390-a4c7-eb11-bacc-000d3ad5fbb6
2,2,,d679117e-59f4-eb11-94ee-0022484053b4,14,CP2056,Room 1023,Active,Active,0,0,886065,2e00d262-3bf4-eb11-94ef-00224840528a,e4a22805-d5f7-eb11-94ee-0022481b485d,ab7c2390-a4c7-eb11-bacc-000d3ad5fbb6,ab7c2390-a4c7-eb11-bacc-000d3ad5fbb6,,,ab7c2390-a4c7-eb11-bacc-000d3ad5fbb6
2,2,,d479117e-59f4-eb11-94ee-0022484053b4,14,CP2055,Room 1022,Active,Active,0,0,886064,2e00d262-3bf4-eb11-94ef-00224840528a,e4a22805-d5f7-eb11-94ee-0022481b485d,ab7c2390-a4c7-eb11-bacc-000d3ad5fbb6,ab7c2390-a4c7-eb11-bacc-000d3ad5fbb6,,,ab7c2390-a4c7-eb11-bacc-000d3ad5fbb6
5,2,,da79117e-59f4-eb11-94ee-0022484053b4,6,CP2058,Room 1.001,Active,Active,0,0,886063,2e00d262-3bf4-eb11-94ef-00224840528a,e4a22805-d5f7-eb11-94ee-0022481b485d,ab7c2390-a4c7-eb11-bacc-000d3ad5fbb6,ab7c2390-a4c7-eb11-bacc-000d3ad5fbb6,,,ab7c2390-a4c7-eb11-bacc-000d3ad5fbb6
2,2,,d879117e-59f4-eb11-94ee-0022484053b4,14,CP2057,Room 1024,Active,Active,0,0,886062,2e00d262-3bf4-eb11-94ef-00224840528a,e4a22805-d5f7-eb11-94ee-0022481b485d,ab7c2390-a4c7-eb11-bacc-000d3ad5fbb6,ab7c2390-a4c7-eb11-bacc-000d3ad5fbb6,,,ab7c2390-a4c7-eb11-bacc-000d3ad5fbb6
2,2,,dc79117e-59f4-eb11-94ee-0022484053b4,8,CP2059,Room 1,Active,Active,0,0,886060,2e00d262-3bf4-eb11-94ef-00224840528a,e4a22805-d5f7-eb11-94ee-0022481b485d,ab7c2390-a4c7-eb11-bacc-000d3ad5fbb6,ab7c2390-a4c7-eb11-bacc-000d3ad5fbb6,,,ab7c2390-a4c7-eb11-bacc-000d3ad5fbb6
2,2,,de79117e-59f4-eb11-94ee-0022484053b4,12,CP2060,Room 3,Active,Active,0,0,886059,2e00d262-3bf4-eb11-94ef-00224840528a,e4a22805-d5f7-eb11-94ee-0022481b485d,ab7c2390-a4c7-eb11-bacc-000d3ad5fbb6,ab7c2390-a4c7-eb11-bacc-000d3ad5fbb6,,,ab7c2390-a4c7-eb11-bacc-000d3ad5fbb6
11,2,,e279117e-59f4-eb11-94ee-0022484053b4,11,CP2062,Yr Hafod 2,Active,Active,0,0,886057,2e00d262-3bf4-eb11-94ef-00224840528a,e4a22805-d5f7-eb11-94ee-0022481b485d,ab7c2390-a4c7-eb11-bacc-000d3ad5fbb6,ab7c2390-a4c7-eb11-bacc-000d3ad5fbb6,,,ab7c2390-a4c7-eb11-bacc-000d3ad5fbb6
10,2,,e079117e-59f4-eb11-94ee-0022484053b4,10,CP2061,Yr Hafod 1,Active,Active,0,0,886056,2e00d262-3bf4-eb11-94ef-00224840528a,e4a22805-d5f7-eb11-94ee-0022481b485d,ab7c2390-a4c7-eb11-bacc-000d3ad5fbb6,ab7c2390-a4c7-eb11-bacc-000d3ad5fbb6,,,ab7c2390-a4c7-eb11-bacc-000d3ad5fbb6
6,2,,e679117e-59f4-eb11-94ee-0022484053b4,6,CP2064,Hendre 1 (Hyb),Active,Active,0,0,886055,2e00d262-3bf4-eb11-94ef-00224840528a,e4a22805-d5f7-eb11-94ee-0022481b485d,ab7c2390-a4c7-eb11-bacc-000d3ad5fbb6,ab7c2390-a4c7-eb11-bacc-000d3ad5fbb6,,,ab7c2390-a4c7-eb11-bacc-000d3ad5fbb6
16,2,,e479117e-59f4-eb11-94ee-0022484053b4,32,CP2063,Yr Hafod 1 & 2,Active,Active,0,0,886054,2e00d262-3bf4-eb11-94ef-00224840528a,e4a22805-d5f7-eb11-94ee-0022481b485d,ab7c2390-a4c7-eb11-bacc-000d3ad5fbb6,ab7c2390-a4c7-eb11-bacc-000d3ad5fbb6,,,ab7c2390-a4c7-eb11-bacc-000d3ad5fbb6
8,2,,ea79117e-59f4-eb11-94ee-0022484053b4,28,CP2066,Room 2.01,Active,Active,0,0,886053,2e00d262-3bf4-eb11-94ef-00224840528a,e4a22805-d5f7-eb11-94ee-0022481b485d,ab7c2390-a4c7-eb11-bacc-000d3ad5fbb6,ab7c2390-a4c7-eb11-bacc-000d3ad5fbb6,,,ab7c2390-a4c7-eb11-bacc-000d3ad5fbb6
6,2,,e879117e-59f4-eb11-94ee-0022484053b4,6,CP2065,Hendre 2 (Hyb),Active,Active,0,0,886052,2e00d262-3bf4-eb11-94ef-00224840528a,e4a22805-d5f7-eb11-94ee-0022481b485d,ab7c2390-a4c7-eb11-bacc-000d3ad5fbb6,ab7c2390-a4c7-eb11-bacc-000d3ad5fbb6,,,ab7c2390-a4c7-eb11-bacc-000d3ad5fbb6
2,2,,ee79117e-59f4-eb11-94ee-0022484053b4,12,CP2068,Room 2.03,Active,Active,0,0,886051,2e00d262-3bf4-eb11-94ef-00224840528a,e4a22805-d5f7-eb11-94ee-0022481b485d,ab7c2390-a4c7-eb11-bacc-000d3ad5fbb6,ab7c2390-a4c7-eb11-bacc-000d3ad5fbb6,,,ab7c2390-a4c7-eb11-bacc-000d3ad5fbb6
2,2,,ec79117e-59f4-eb11-94ee-0022484053b4,12,CP2067,Room 2.02,Active,Active,0,0,886050,2e00d262-3bf4-eb11-94ef-00224840528a,e4a22805-d5f7-eb11-94ee-0022481b485d,ab7c2390-a4c7-eb11-bacc-000d3ad5fbb6,ab7c2390-a4c7-eb11-bacc-000d3ad5fbb6,,,ab7c2390-a4c7-eb11-bacc-000d3ad5fbb6
2,2,,f279117e-59f4-eb11-94ee-0022484053b4,12,CP2070,Room 2.06,Active,Active,0,0,886049,2e00d262-3bf4-eb11-94ef-00224840528a,e4a22805-d5f7-eb11-94ee-0022481b485d,ab7c2390-a4c7-eb11-bacc-000d3ad5fbb6,ab7c2390-a4c7-eb11-bacc-000d3ad5fbb6,,,ab7c2390-a4c7-eb11-bacc-000d3ad5fbb6
2,2,,f079117e-59f4-eb11-94ee-0022484053b4,12,CP2069,Room 2.05,Active,Active,0,0,886048,2e00d262-3bf4-eb11-94ef-00224840528a,e4a22805-d5f7-eb11-94ee-0022481b485d,ab7c2390-a4c7-eb11-bacc-000d3ad5fbb6,ab7c2390-a4c7-eb11-bacc-000d3ad5fbb6,,,ab7c2390-a4c7-eb11-bacc-000d3ad5fbb6
3,2,,f479117e-59f4-eb11-94ee-0022484053b4,20,CP2071,Room 2.07,Active,Active,0,0,886047,2e00d262-3bf4-eb11-94ef-00224840528a,e4a22805-d5f7-eb11-94ee-0022481b485d,ab7c2390-a4c7-eb11-bacc-000d3ad5fbb6,ab7c2390-a4c7-eb11-bacc-000d3ad5fbb6,,,ab7c2390-a4c7-eb11-bacc-000d3ad5fbb6
1,2,,f679117e-59f4-eb11-94ee-0022484053b4,8,CP2072,Room 2.08,Active,Active,0,0,886046,2e00d262-3bf4-eb11-94ef-00224840528a,e4a22805-d5f7-eb11-94ee-0022481b485d,ab7c2390-a4c7-eb11-bacc-000d3ad5fbb6,ab7c2390-a4c7-eb11-bacc-000d3ad5fbb6,,,ab7c2390-a4c7-eb11-bacc-000d3ad5fbb6
2,2,,fb79117e-59f4-eb11-94ee-0022484053b4,12,CP2074,Room 2.17,Active,Active,0,0,886045,2e00d262-3bf4-eb11-94ef-00224840528a,e4a22805-d5f7-eb11-94ee-0022481b485d,ab7c2390-a4c7-eb11-bacc-000d3ad5fbb6,ab7c2390-a4c7-eb11-bacc-000d3ad5fbb6,,,ab7c2390-a4c7-eb11-bacc-000d3ad5fbb6
9,2,,f979117e-59f4-eb11-94ee-0022484053b4,9,CP2073,Innovation Suite (2.16),Active,Active,0,0,886044,2e00d262-3bf4-eb11-94ef-00224840528a,e4a22805-d5f7-eb11-94ee-0022481b485d,ab7c2390-a4c7-eb11-bacc-000d3ad5fbb6,ab7c2390-a4c7-eb11-bacc-000d3ad5fbb6,,,ab7c2390-a4c7-eb11-bacc-000d3ad5fbb6
2,2,,ff79117e-59f4-eb11-94ee-0022484053b4,12,CP2076,Room 2.19,Active,Active,0,0,886043,2e00d262-3bf4-eb11-94ef-00224840528a,e4a22805-d5f7-eb11-94ee-0022481b485d,ab7c2390-a4c7-eb11-bacc-000d3ad5fbb6,ab7c2390-a4c7-eb11-bacc-000d3ad5fbb6,,,ab7c2390-a4c7-eb11-bacc-000d3ad5fbb6
2,2,,fd79117e-59f4-eb11-94ee-0022484053b4,12,CP2075,Room 2.18,Active,Active,0,0,886042,2e00d262-3bf4-eb11-94ef-00224840528a,e4a22805-d5f7-eb11-94ee-0022481b485d,ab7c2390-a4c7-eb11-bacc-000d3ad5fbb6,ab7c2390-a4c7-eb11-bacc-000d3ad5fbb6,,,ab7c2390-a4c7-eb11-bacc-000d3ad5fbb6
5,2,,037a117e-59f4-eb11-94ee-0022484053b4,8,CP2078,Room 2.34,Active,Active,0,0,886041,2e00d262-3bf4-eb11-94ef-00224840528a,e4a22805-d5f7-eb11-94ee-0022481b485d,ab7c2390-a4c7-eb11-bacc-000d3ad5fbb6,ab7c2390-a4c7-eb11-bacc-000d3ad5fbb6,,,ab7c2390-a4c7-eb11-bacc-000d3ad5fbb6
3,2,,017a117e-59f4-eb11-94ee-0022484053b4,18,CP2077,Room 2.20,Active,Active,0,0,886040,2e00d262-3bf4-eb11-94ef-00224840528a,e4a22805-d5f7-eb11-94ee-0022481b485d,ab7c2390-a4c7-eb11-bacc-000d3ad5fbb6,ab7c2390-a4c7-eb11-bacc-000d3ad5fbb6,,,ab7c2390-a4c7-eb11-bacc-000d3ad5fbb6
1,2,,077a117e-59f4-eb11-94ee-0022484053b4,1,CP2080,Room 2.36,Active,Active,0,0,886039,2e00d262-3bf4-eb11-94ef-00224840528a,e4a22805-d5f7-eb11-94ee-0022481b485d,ab7c2390-a4c7-eb11-bacc-000d3ad5fbb6,ab7c2390-a4c7-eb11-bacc-000d3ad5fbb6,,,ab7c2390-a4c7-eb11-bacc-000d3ad5fbb6
1,2,,057a117e-59f4-eb11-94ee-0022484053b4,8,CP2079,Room 2.35,Active,Active,0,0,886038,2e00d262-3bf4-eb11-94ef-00224840528a,e4a22805-d5f7-eb11-94ee-0022481b485d,ab7c2390-a4c7-eb11-bacc-000d3ad5fbb6,ab7c2390-a4c7-eb11-bacc-000d3ad5fbb6,,,ab7c2390-a4c7-eb11-bacc-000d3ad5fbb6
1,2,,0b7a117e-59f4-eb11-94ee-0022484053b4,1,CP2082,Room 2.38,Active,Active,0,0,886037,2e00d262-3bf4-eb11-94ef-00224840528a,e4a22805-d5f7-eb11-94ee-0022481b485d,ab7c2390-a4c7-eb11-bacc-000d3ad5fbb6,ab7c2390-a4c7-eb11-bacc-000d3ad5fbb6,,,ab7c2390-a4c7-eb11-bacc-000d3ad5fbb6
2,2,,097a117e-59f4-eb11-94ee-0022484053b4,2,CP2081,Room 2.37,Active,Active,0,0,886036,2e00d262-3bf4-eb11-94ef-00224840528a,e4a22805-d5f7-eb11-94ee-0022481b485d,ab7c2390-a4c7-eb11-bacc-000d3ad5fbb6,ab7c2390-a4c7-eb11-bacc-000d3ad5fbb6,,,ab7c2390-a4c7-eb11-bacc-000d3ad5fbb6
1,2,,0d7a117e-59f4-eb11-94ee-0022484053b4,1,CP2083,Room 2.39,Active,Active,0,0,886035,2e00d262-3bf4-eb11-94ef-00224840528a,e4a22805-d5f7-eb11-94ee-0022481b485d,ab7c2390-a4c7-eb11-bacc-000d3ad5fbb6,ab7c2390-a4c7-eb11-bacc-000d3ad5fbb6,,,ab7c2390-a4c7-eb11-bacc-000d3ad5fbb6
1,2,,0f7a117e-59f4-eb11-94ee-0022484053b4,1,CP2084,Room 2.40,Active,Active,0,0,886034,2e00d262-3bf4-eb11-94ef-00224840528a,e4a22805-d5f7-eb11-94ee-0022481b485d,ab7c2390-a4c7-eb11-bacc-000d3ad5fbb6,ab7c2390-a4c7-eb11-bacc-000d3ad5fbb6,,,ab7c2390-a4c7-eb11-bacc-000d3ad5fbb6
1,2,,117a117e-59f4-eb11-94ee-0022484053b4,8,CP2085,Room 2.22,Active,Active,0,0,886033,2e00d262-3bf4-eb11-94ef-00224840528a,e4a22805-d5f7-eb11-94ee-0022481b485d,ab7c2390-a4c7-eb11-bacc-000d3ad5fbb6,ab7c2390-a4c7-eb11-bacc-000d3ad5fbb6,,,ab7c2390-a4c7-eb11-bacc-000d3ad5fbb6
1,2,,137a117e-59f4-eb11-94ee-0022484053b4,8,CP2086,Room 2.23,Active,Active,0,0,886032,2e00d262-3bf4-eb11-94ef-00224840528a,e4a22805-d5f7-eb11-94ee-0022481b485d,ab7c2390-a4c7-eb11-bacc-000d3ad5fbb6,ab7c2390-a4c7-eb11-bacc-000d3ad5fbb6,,,ab7c2390-a4c7-eb11-bacc-000d3ad5fbb6
4,2,,157a117e-59f4-eb11-94ee-0022484053b4,6,CP2087,Room 2.24,Active,Active,0,0,886031,2e00d262-3bf4-eb11-94ef-00224840528a,e4a22805-d5f7-eb11-94ee-0022481b485d,ab7c2390-a4c7-eb11-bacc-000d3ad5fbb6,ab7c2390-a4c7-eb11-bacc-000d3ad5fbb6,,,ab7c2390-a4c7-eb11-bacc-000d3ad5fbb6
3,2,,177a117e-59f4-eb11-94ee-0022484053b4,20,CP2088,Room 2.25,Active,Active,0,0,886030,2e00d262-3bf4-eb11-94ef-00224840528a,e4a22805-d5f7-eb11-94ee-0022481b485d,ab7c2390-a4c7-eb11-bacc-000d3ad5fbb6,ab7c2390-a4c7-eb11-bacc-000d3ad5fbb6,,,ab7c2390-a4c7-eb11-bacc-000d3ad5fbb6
1,2,,197a117e-59f4-eb11-94ee-0022484053b4,8,CP2089,Room 2.10,Active,Active,0,0,886029,2e00d262-3bf4-eb11-94ef-00224840528a,e4a22805-d5f7-eb11-94ee-0022481b485d,ab7c2390-a4c7-eb11-bacc-000d3ad5fbb6,ab7c2390-a4c7-eb11-bacc-000d3ad5fbb6,,,ab7c2390-a4c7-eb11-bacc-000d3ad5fbb6
1,2,,1b7a117e-59f4-eb11-94ee-0022484053b4,8,CP2090,Room 2.11,Active,Active,0,0,886028,2e00d262-3bf4-eb11-94ef-00224840528a,e4a22805-d5f7-eb11-94ee-0022481b485d,ab7c2390-a4c7-eb11-bacc-000d3ad5fbb6,ab7c2390-a4c7-eb11-bacc-000d3ad5fbb6,,,ab7c2390-a4c7-eb11-bacc-000d3ad5fbb6
3,2,,1d7a117e-59f4-eb11-94ee-0022484053b4,20,CP2091,Room 2.12,Active,Active,0,0,886027,2e00d262-3bf4-eb11-94ef-00224840528a,e4a22805-d5f7-eb11-94ee-0022481b485d,ab7c2390-a4c7-eb11-bacc-000d3ad5fbb6,ab7c2390-a4c7-eb11-bacc-000d3ad5fbb6,,,ab7c2390-a4c7-eb11-bacc-000d3ad5fbb6
1,2,,1f7a117e-59f4-eb11-94ee-0022484053b4,8,CP2092,Room 2.14,Active,Active,0,0,886026,2e00d262-3bf4-eb11-94ef-00224840528a,e4a22805-d5f7-eb11-94ee-0022481b485d,ab7c2390-a4c7-eb11-bacc-000d3ad5fbb6,ab7c2390-a4c7-eb11-bacc-000d3ad5fbb6,,,ab7c2390-a4c7-eb11-bacc-000d3ad5fbb6
1,2,,217a117e-59f4-eb11-94ee-0022484053b4,8,CP2093,Room 2.15,Active,Active,0,0,886025,2e00d262-3bf4-eb11-94ef-00224840528a,e4a22805-d5f7-eb11-94ee-0022481b485d,ab7c2390-a4c7-eb11-bacc-000d3ad5fbb6,ab7c2390-a4c7-eb11-bacc-000d3ad5fbb6,,,ab7c2390-a4c7-eb11-bacc-000d3ad5fbb6
2,2,,237a117e-59f4-eb11-94ee-0022484053b4,12,CP2094,Room 2.26,Active,Active,0,0,886024,2e00d262-3bf4-eb11-94ef-00224840528a,e4a22805-d5f7-eb11-94ee-0022481b485d,ab7c2390-a4c7-eb11-bacc-000d3ad5fbb6,ab7c2390-a4c7-eb11-bacc-000d3ad5fbb6,,,ab7c2390-a4c7-eb11-bacc-000d3ad5fbb6
2,2,,257a117e-59f4-eb11-94ee-0022484053b4,10,CP2095,Room 2.27,Active,Active,0,0,886023,2e00d262-3bf4-eb11-94ef-00224840528a,e4a22805-d5f7-eb11-94ee-0022481b485d,ab7c2390-a4c7-eb11-bacc-000d3ad5fbb6,ab7c2390-a4c7-eb11-bacc-000d3ad5fbb6,,,ab7c2390-a4c7-eb11-bacc-000d3ad5fbb6
2,2,,277a117e-59f4-eb11-94ee-0022484053b4,10,CP2096,Room 2.28,Active,Active,0,0,886022,2e00d262-3bf4-eb11-94ef-00224840528a,e4a22805-d5f7-eb11-94ee-0022481b485d,ab7c2390-a4c7-eb11-bacc-000d3ad5fbb6,ab7c2390-a4c7-eb11-bacc-000d3ad5fbb6,,,ab7c2390-a4c7-eb11-bacc-000d3ad5fbb6
2,2,,297a117e-59f4-eb11-94ee-0022484053b4,12,CP2097,Room 2.29,Active,Active,0,0,886021,2e00d262-3bf4-eb11-94ef-00224840528a,e4a22805-d5f7-eb11-94ee-0022481b485d,ab7c2390-a4c7-eb11-bacc-000d3ad5fbb6,ab7c2390-a4c7-eb11-bacc-000d3ad5fbb6,,,ab7c2390-a4c7-eb11-bacc-000d3ad5fbb6
1,2,,2b7a117e-59f4-eb11-94ee-0022484053b4,8,CP2098,Room 2.30,Active,Active,0,0,886020,2e00d262-3bf4-eb11-94ef-00224840528a,e4a22805-d5f7-eb11-94ee-0022481b485d,ab7c2390-a4c7-eb11-bacc-000d3ad5fbb6,ab7c2390-a4c7-eb11-bacc-000d3ad5fbb6,,,ab7c2390-a4c7-eb11-bacc-000d3ad5fbb6
2,2,,2d7a117e-59f4-eb11-94ee-0022484053b4,8,CP2099,Room 2.31,Active,Active,0,0,886019,2e00d262-3bf4-eb11-94ef-00224840528a,e4a22805-d5f7-eb11-94ee-0022481b485d,ab7c2390-a4c7-eb11-bacc-000d3ad5fbb6,ab7c2390-a4c7-eb11-bacc-000d3ad5fbb6,,,ab7c2390-a4c7-eb11-bacc-000d3ad5fbb6
2,2,,2f7a117e-59f4-eb11-94ee-0022484053b4,8,CP2100,Room 2.32,Active,Active,0,0,886018,2e00d262-3bf4-eb11-94ef-00224840528a,e4a22805-d5f7-eb11-94ee-0022481b485d,ab7c2390-a4c7-eb11-bacc-000d3ad5fbb6,ab7c2390-a4c7-eb11-bacc-000d3ad5fbb6,,,ab7c2390-a4c7-eb11-bacc-000d3ad5fbb6
3,2,,317a117e-59f4-eb11-94ee-0022484053b4,12,CP2101,Room 2.33,Active,Active,0,0,886017,2e00d262-3bf4-eb11-94ef-00224840528a,e4a22805-d5f7-eb11-94ee-0022481b485d,ab7c2390-a4c7-eb11-bacc-000d3ad5fbb6,ab7c2390-a4c7-eb11-bacc-000d3ad5fbb6,,,ab7c2390-a4c7-eb11-bacc-000d3ad5fbb6
3,2,,337a117e-59f4-eb11-94ee-0022484053b4,13,CP2102,Room 3.01,Active,Active,0,0,886015,2e00d262-3bf4-eb11-94ef-00224840528a,e4a22805-d5f7-eb11-94ee-0022481b485d,ab7c2390-a4c7-eb11-bacc-000d3ad5fbb6,ab7c2390-a4c7-eb11-bacc-000d3ad5fbb6,,,ab7c2390-a4c7-eb11-bacc-000d3ad5fbb6
2,2,,357a117e-59f4-eb11-94ee-0022484053b4,8,CP2103,Room 3.03,Active,Active,0,0,886014,2e00d262-3bf4-eb11-94ef-00224840528a,e4a22805-d5f7-eb11-94ee-0022481b485d,ab7c2390-a4c7-eb11-bacc-000d3ad5fbb6,ab7c2390-a4c7-eb11-bacc-000d3ad5fbb6,,,ab7c2390-a4c7-eb11-bacc-000d3ad5fbb6
1,2,,377a117e-59f4-eb11-94ee-0022484053b4,3,CP2104,Room 3.04,Active,Active,0,0,886013,2e00d262-3bf4-eb11-94ef-00224840528a,e4a22805-d5f7-eb11-94ee-0022481b485d,ab7c2390-a4c7-eb11-bacc-000d3ad5fbb6,ab7c2390-a4c7-eb11-bacc-000d3ad5fbb6,,,ab7c2390-a4c7-eb11-bacc-000d3ad5fbb6
3,2,,397a117e-59f4-eb11-94ee-0022484053b4,7,CP2105,Room 3.05,Active,Active,0,0,886012,2e00d262-3bf4-eb11-94ef-00224840528a,e4a22805-d5f7-eb11-94ee-0022481b485d,ab7c2390-a4c7-eb11-bacc-000d3ad5fbb6,ab7c2390-a4c7-eb11-bacc-000d3ad5fbb6,,,ab7c2390-a4c7-eb11-bacc-000d3ad5fbb6
1,2,,3b7a117e-59f4-eb11-94ee-0022484053b4,5,CP2106,Room 3.06,Active,Active,0,0,886011,2e00d262-3bf4-eb11-94ef-00224840528a,e4a22805-d5f7-eb11-94ee-0022481b485d,ab7c2390-a4c7-eb11-bacc-000d3ad5fbb6,ab7c2390-a4c7-eb11-bacc-000d3ad5fbb6,,,ab7c2390-a4c7-eb11-bacc-000d3ad5fbb6
3,2,,3d7a117e-59f4-eb11-94ee-0022484053b4,13,CP2107,Room 3.07,Active,Active,0,0,886010,2e00d262-3bf4-eb11-94ef-00224840528a,e4a22805-d5f7-eb11-94ee-0022481b485d,ab7c2390-a4c7-eb11-bacc-000d3ad5fbb6,ab7c2390-a4c7-eb11-bacc-000d3ad5fbb6,,,ab7c2390-a4c7-eb11-bacc-000d3ad5fbb6
2,2,,417a117e-59f4-eb11-94ee-0022484053b4,6,CP2109,Room 3.10,Active,Active,0,0,886009,2e00d262-3bf4-eb11-94ef-00224840528a,e4a22805-d5f7-eb11-94ee-0022481b485d,ab7c2390-a4c7-eb11-bacc-000d3ad5fbb6,ab7c2390-a4c7-eb11-bacc-000d3ad5fbb6,,,ab7c2390-a4c7-eb11-bacc-000d3ad5fbb6
1,2,,3f7a117e-59f4-eb11-94ee-0022484053b4,5,CP2108,Room 3.08,Active,Active,0,0,886008,2e00d262-3bf4-eb11-94ef-00224840528a,e4a22805-d5f7-eb11-94ee-0022481b485d,ab7c2390-a4c7-eb11-bacc-000d3ad5fbb6,ab7c2390-a4c7-eb11-bacc-000d3ad5fbb6,,,ab7c2390-a4c7-eb11-bacc-000d3ad5fbb6
2,2,,457a117e-59f4-eb11-94ee-0022484053b4,6,CP2111,Room 3.12,Active,Active,0,0,886007,2e00d262-3bf4-eb11-94ef-00224840528a,e4a22805-d5f7-eb11-94ee-0022481b485d,ab7c2390-a4c7-eb11-bacc-000d3ad5fbb6,ab7c2390-a4c7-eb11-bacc-000d3ad5fbb6,,,ab7c2390-a4c7-eb11-bacc-000d3ad5fbb6
1,2,,437a117e-59f4-eb11-94ee-0022484053b4,3,CP2110,Room 3.11,Active,Active,0,0,886006,2e00d262-3bf4-eb11-94ef-00224840528a,e4a22805-d5f7-eb11-94ee-0022481b485d,ab7c2390-a4c7-eb11-bacc-000d3ad5fbb6,ab7c2390-a4c7-eb11-bacc-000d3ad5fbb6,,,ab7c2390-a4c7-eb11-bacc-000d3ad5fbb6
3,2,,497a117e-59f4-eb11-94ee-0022484053b4,5,CP2113,Room 3.14,Active,Active,0,0,886005,2e00d262-3bf4-eb11-94ef-00224840528a,e4a22805-d5f7-eb11-94ee-0022481b485d,ab7c2390-a4c7-eb11-bacc-000d3ad5fbb6,ab7c2390-a4c7-eb11-bacc-000d3ad5fbb6,,,ab7c2390-a4c7-eb11-bacc-000d3ad5fbb6
1,2,,477a117e-59f4-eb11-94ee-0022484053b4,13,CP2112,Room 3.13,Active,Active,0,0,886004,2e00d262-3bf4-eb11-94ef-00224840528a,e4a22805-d5f7-eb11-94ee-0022481b485d,ab7c2390-a4c7-eb11-bacc-000d3ad5fbb6,ab7c2390-a4c7-eb11-bacc-000d3ad5fbb6,,,ab7c2390-a4c7-eb11-bacc-000d3ad5fbb6
2,2,,4d7a117e-59f4-eb11-94ee-0022484053b4,2,CP2115,Room 3.17,Active,Active,0,0,886003,2e00d262-3bf4-eb11-94ef-00224840528a,e4a22805-d5f7-eb11-94ee-0022481b485d,ab7c2390-a4c7-eb11-bacc-000d3ad5fbb6,ab7c2390-a4c7-eb11-bacc-000d3ad5fbb6,,,ab7c2390-a4c7-eb11-bacc-000d3ad5fbb6
1,2,,4b7a117e-59f4-eb11-94ee-0022484053b4,1,CP2114,Room 3.15,Active,Active,0,0,886002,2e00d262-3bf4-eb11-94ef-00224840528a,e4a22805-d5f7-eb11-94ee-0022481b485d,ab7c2390-a4c7-eb11-bacc-000d3ad5fbb6,ab7c2390-a4c7-eb11-bacc-000d3ad5fbb6,,,ab7c2390-a4c7-eb11-bacc-000d3ad5fbb6
2,2,,517a117e-59f4-eb11-94ee-0022484053b4,2,CP2117,Room 3.19,Active,Active,0,0,886001,2e00d262-3bf4-eb11-94ef-00224840528a,e4a22805-d5f7-eb11-94ee-0022481b485d,ab7c2390-a4c7-eb11-bacc-000d3ad5fbb6,ab7c2390-a4c7-eb11-bacc-000d3ad5fbb6,,,ab7c2390-a4c7-eb11-bacc-000d3ad5fbb6
2,2,,4f7a117e-59f4-eb11-94ee-0022484053b4,2,CP2116,Room 3.18,Active,Active,0,0,886000,2e00d262-3bf4-eb11-94ef-00224840528a,e4a22805-d5f7-eb11-94ee-0022481b485d,ab7c2390-a4c7-eb11-bacc-000d3ad5fbb6,ab7c2390-a4c7-eb11-bacc-000d3ad5fbb6,,,ab7c2390-a4c7-eb11-bacc-000d3ad5fbb6
3,2,,557a117e-59f4-eb11-94ee-0022484053b4,3,CP2119,Room 3.21,Active,Active,0,0,885999,2e00d262-3bf4-eb11-94ef-00224840528a,e4a22805-d5f7-eb11-94ee-0022481b485d,ab7c2390-a4c7-eb11-bacc-000d3ad5fbb6,ab7c2390-a4c7-eb11-bacc-000d3ad5fbb6,,,ab7c2390-a4c7-eb11-bacc-000d3ad5fbb6
2,2,,537a117e-59f4-eb11-94ee-0022484053b4,2,CP2118,Room 3.20,Active,Active,0,0,885998,2e00d262-3bf4-eb11-94ef-00224840528a,e4a22805-d5f7-eb11-94ee-0022481b485d,ab7c2390-a4c7-eb11-bacc-000d3ad5fbb6,ab7c2390-a4c7-eb11-bacc-000d3ad5fbb6,,,ab7c2390-a4c7-eb11-bacc-000d3ad5fbb6
0,2,,597a117e-59f4-eb11-94ee-0022484053b4,0,CP2121,Conference Room 6,Active,Active,0,0,885997,2e00d262-3bf4-eb11-94ef-00224840528a,e4a22805-d5f7-eb11-94ee-0022481b485d,ab7c2390-a4c7-eb11-bacc-000d3ad5fbb6,ab7c2390-a4c7-eb11-bacc-000d3ad5fbb6,,,ab7c2390-a4c7-eb11-bacc-000d3ad5fbb6
0,2,,577a117e-59f4-eb11-94ee-0022484053b4,0,CP2120,Room 3.22,Active,Active,0,0,885996,2e00d262-3bf4-eb11-94ef-00224840528a,e4a22805-d5f7-eb11-94ee-0022481b485d,ab7c2390-a4c7-eb11-bacc-000d3ad5fbb6,ab7c2390-a4c7-eb11-bacc-000d3ad5fbb6,,,ab7c2390-a4c7-eb11-bacc-000d3ad5fbb6
0,2,,5d7a117e-59f4-eb11-94ee-0022484053b4,0,CP2123,Room 3.40,Active,Active,0,0,885995,2e00d262-3bf4-eb11-94ef-00224840528a,e4a22805-d5f7-eb11-94ee-0022481b485d,ab7c2390-a4c7-eb11-bacc-000d3ad5fbb6,ab7c2390-a4c7-eb11-bacc-000d3ad5fbb6,,,ab7c2390-a4c7-eb11-bacc-000d3ad5fbb6
0,2,,5b7a117e-59f4-eb11-94ee-0022484053b4,0,CP2122,Blue Room,Active,Active,0,0,885994,2e00d262-3bf4-eb11-94ef-00224840528a,e4a22805-d5f7-eb11-94ee-0022481b485d,ab7c2390-a4c7-eb11-bacc-000d3ad5fbb6,ab7c2390-a4c7-eb11-bacc-000d3ad5fbb6,,,ab7c2390-a4c7-eb11-bacc-000d3ad5fbb6
0,2,,617a117e-59f4-eb11-94ee-0022484053b4,0,CP2125,Room 3.42,Active,Active,0,0,885993,2e00d262-3bf4-eb11-94ef-00224840528a,e4a22805-d5f7-eb11-94ee-0022481b485d,ab7c2390-a4c7-eb11-bacc-000d3ad5fbb6,ab7c2390-a4c7-eb11-bacc-000d3ad5fbb6,,,ab7c2390-a4c7-eb11-bacc-000d3ad5fbb6
0,2,,5f7a117e-59f4-eb11-94ee-0022484053b4,0,CP2124,Room 3.41,Active,Active,0,0,885992,2e00d262-3bf4-eb11-94ef-00224840528a,e4a22805-d5f7-eb11-94ee-0022481b485d,ab7c2390-a4c7-eb11-bacc-000d3ad5fbb6,ab7c2390-a4c7-eb11-bacc-000d3ad5fbb6,,,ab7c2390-a4c7-eb11-bacc-000d3ad5fbb6
0,2,,657a117e-59f4-eb11-94ee-0022484053b4,0,CP2127,Room 3.44,Active,Active,0,0,885991,2e00d262-3bf4-eb11-94ef-00224840528a,e4a22805-d5f7-eb11-94ee-0022481b485d,ab7c2390-a4c7-eb11-bacc-000d3ad5fbb6,ab7c2390-a4c7-eb11-bacc-000d3ad5fbb6,,,ab7c2390-a4c7-eb11-bacc-000d3ad5fbb6
0,2,,637a117e-59f4-eb11-94ee-0022484053b4,0,CP2126,Room 3.43,Active,Active,0,0,885990,2e00d262-3bf4-eb11-94ef-00224840528a,e4a22805-d5f7-eb11-94ee-0022481b485d,ab7c2390-a4c7-eb11-bacc-000d3ad5fbb6,ab7c2390-a4c7-eb11-bacc-000d3ad5fbb6,,,ab7c2390-a4c7-eb11-bacc-000d3ad5fbb6
4,2,,697a117e-59f4-eb11-94ee-0022484053b4,24,CP2129,Room 4.03,Active,Active,0,0,885989,2e00d262-3bf4-eb11-94ef-00224840528a,e4a22805-d5f7-eb11-94ee-0022481b485d,ab7c2390-a4c7-eb11-bacc-000d3ad5fbb6,ab7c2390-a4c7-eb11-bacc-000d3ad5fbb6,,,ab7c2390-a4c7-eb11-bacc-000d3ad5fbb6
0,2,,677a117e-59f4-eb11-94ee-0022484053b4,0,CP2128,Room 3.45,Active,Active,0,0,885988,2e00d262-3bf4-eb11-94ef-00224840528a,e4a22805-d5f7-eb11-94ee-0022481b485d,ab7c2390-a4c7-eb11-bacc-000d3ad5fbb6,ab7c2390-a4c7-eb11-bacc-000d3ad5fbb6,,,ab7c2390-a4c7-eb11-bacc-000d3ad5fbb6
1,2,,6d7a117e-59f4-eb11-94ee-0022484053b4,8,CP2131,Room 4.05,Active,Active,0,0,885987,2e00d262-3bf4-eb11-94ef-00224840528a,e4a22805-d5f7-eb11-94ee-0022481b485d,ab7c2390-a4c7-eb11-bacc-000d3ad5fbb6,ab7c2390-a4c7-eb11-bacc-000d3ad5fbb6,,,ab7c2390-a4c7-eb11-bacc-000d3ad5fbb6
1,2,,6b7a117e-59f4-eb11-94ee-0022484053b4,8,CP2130,Room 4.04,Active,Active,0,0,885986,2e00d262-3bf4-eb11-94ef-00224840528a,e4a22805-d5f7-eb11-94ee-0022481b485d,ab7c2390-a4c7-eb11-bacc-000d3ad5fbb6,ab7c2390-a4c7-eb11-bacc-000d3ad5fbb6,,,ab7c2390-a4c7-eb11-bacc-000d3ad5fbb6
4,2,,717a117e-59f4-eb11-94ee-0022484053b4,22,CP2133,Room 4.07,Active,Active,0,0,885985,2e00d262-3bf4-eb11-94ef-00224840528a,e4a22805-d5f7-eb11-94ee-0022481b485d,ab7c2390-a4c7-eb11-bacc-000d3ad5fbb6,ab7c2390-a4c7-eb11-bacc-000d3ad5fbb6,,,ab7c2390-a4c7-eb11-bacc-000d3ad5fbb6
1,2,,6f7a117e-59f4-eb11-94ee-0022484053b4,8,CP2132,Room 4.06,Active,Active,0,0,885984,2e00d262-3bf4-eb11-94ef-00224840528a,e4a22805-d5f7-eb11-94ee-0022481b485d,ab7c2390-a4c7-eb11-bacc-000d3ad5fbb6,ab7c2390-a4c7-eb11-bacc-000d3ad5fbb6,,,ab7c2390-a4c7-eb11-bacc-000d3ad5fbb6
1,2,,757a117e-59f4-eb11-94ee-0022484053b4,8,CP2135,Room 4.09,Active,Active,0,0,885983,2e00d262-3bf4-eb11-94ef-00224840528a,e4a22805-d5f7-eb11-94ee-0022481b485d,ab7c2390-a4c7-eb11-bacc-000d3ad5fbb6,ab7c2390-a4c7-eb11-bacc-000d3ad5fbb6,,,ab7c2390-a4c7-eb11-bacc-000d3ad5fbb6
4,2,,737a117e-59f4-eb11-94ee-0022484053b4,24,CP2134,Room 4.08,Active,Active,0,0,885982,2e00d262-3bf4-eb11-94ef-00224840528a,e4a22805-d5f7-eb11-94ee-0022481b485d,ab7c2390-a4c7-eb11-bacc-000d3ad5fbb6,ab7c2390-a4c7-eb11-bacc-000d3ad5fbb6,,,ab7c2390-a4c7-eb11-bacc-000d3ad5fbb6
1,2,,797a117e-59f4-eb11-94ee-0022484053b4,8,CP2137,Room 4.11,Active,Active,0,0,885981,2e00d262-3bf4-eb11-94ef-00224840528a,e4a22805-d5f7-eb11-94ee-0022481b485d,ab7c2390-a4c7-eb11-bacc-000d3ad5fbb6,ab7c2390-a4c7-eb11-bacc-000d3ad5fbb6,,,ab7c2390-a4c7-eb11-bacc-000d3ad5fbb6
1,2,,777a117e-59f4-eb11-94ee-0022484053b4,8,CP2136,Room 4.10,Active,Active,0,0,885980,2e00d262-3bf4-eb11-94ef-00224840528a,e4a22805-d5f7-eb11-94ee-0022481b485d,ab7c2390-a4c7-eb11-bacc-000d3ad5fbb6,ab7c2390-a4c7-eb11-bacc-000d3ad5fbb6,,,ab7c2390-a4c7-eb11-bacc-000d3ad5fbb6
1,2,,7b7a117e-59f4-eb11-94ee-0022484053b4,8,CP2138,Room 4.12,Active,Active,0,0,885979,2e00d262-3bf4-eb11-94ef-00224840528a,e4a22805-d5f7-eb11-94ee-0022481b485d,ab7c2390-a4c7-eb11-bacc-000d3ad5fbb6,ab7c2390-a4c7-eb11-bacc-000d3ad5fbb6,,,ab7c2390-a4c7-eb11-bacc-000d3ad5fbb6
1,2,,7d7a117e-59f4-eb11-94ee-0022484053b4,8,CP2139,Room 4.13,Active,Active,0,0,885978,2e00d262-3bf4-eb11-94ef-00224840528a,e4a22805-d5f7-eb11-94ee-0022481b485d,ab7c2390-a4c7-eb11-bacc-000d3ad5fbb6,ab7c2390-a4c7-eb11-bacc-000d3ad5fbb6,,,ab7c2390-a4c7-eb11-bacc-000d3ad5fbb6
1,2,,7f7a117e-59f4-eb11-94ee-0022484053b4,8,CP2140,Room 4.14,Active,Active,0,0,885977,2e00d262-3bf4-eb11-94ef-00224840528a,e4a22805-d5f7-eb11-94ee-0022481b485d,ab7c2390-a4c7-eb11-bacc-000d3ad5fbb6,ab7c2390-a4c7-eb11-bacc-000d3ad5fbb6,,,ab7c2390-a4c7-eb11-bacc-000d3ad5fbb6
1,2,,817a117e-59f4-eb11-94ee-0022484053b4,8,CP2141,Room 4.15,Active,Active,0,0,885976,2e00d262-3bf4-eb11-94ef-00224840528a,e4a22805-d5f7-eb11-94ee-0022481b485d,ab7c2390-a4c7-eb11-bacc-000d3ad5fbb6,ab7c2390-a4c7-eb11-bacc-000d3ad5fbb6,,,ab7c2390-a4c7-eb11-bacc-000d3ad5fbb6
0,2,,857a117e-59f4-eb11-94ee-0022484053b4,8,CP2143,Room 4.17,Active,Active,0,0,885975,2e00d262-3bf4-eb11-94ef-00224840528a,e4a22805-d5f7-eb11-94ee-0022481b485d,ab7c2390-a4c7-eb11-bacc-000d3ad5fbb6,ab7c2390-a4c7-eb11-bacc-000d3ad5fbb6,,,ab7c2390-a4c7-eb11-bacc-000d3ad5fbb6
1,2,,837a117e-59f4-eb11-94ee-0022484053b4,8,CP2142,Room 4.16 ,Active,Active,0,0,885974,2e00d262-3bf4-eb11-94ef-00224840528a,e4a22805-d5f7-eb11-94ee-0022481b485d,ab7c2390-a4c7-eb11-bacc-000d3ad5fbb6,ab7c2390-a4c7-eb11-bacc-000d3ad5fbb6,,,ab7c2390-a4c7-eb11-bacc-000d3ad5fbb6
1,2,,897a117e-59f4-eb11-94ee-0022484053b4,8,CP2145,Room 4.19,Active,Active,0,0,885973,2e00d262-3bf4-eb11-94ef-00224840528a,e4a22805-d5f7-eb11-94ee-0022481b485d,ab7c2390-a4c7-eb11-bacc-000d3ad5fbb6,ab7c2390-a4c7-eb11-bacc-000d3ad5fbb6,,,ab7c2390-a4c7-eb11-bacc-000d3ad5fbb6
1,2,,877a117e-59f4-eb11-94ee-0022484053b4,8,CP2144,Room 4.18,Active,Active,0,0,885972,2e00d262-3bf4-eb11-94ef-00224840528a,e4a22805-d5f7-eb11-94ee-0022481b485d,ab7c2390-a4c7-eb11-bacc-000d3ad5fbb6,ab7c2390-a4c7-eb11-bacc-000d3ad5fbb6,,,ab7c2390-a4c7-eb11-bacc-000d3ad5fbb6
3,2,,8d7a117e-59f4-eb11-94ee-0022484053b4,12,CP2147,Room 4.21,Active,Active,0,0,885971,2e00d262-3bf4-eb11-94ef-00224840528a,e4a22805-d5f7-eb11-94ee-0022481b485d,ab7c2390-a4c7-eb11-bacc-000d3ad5fbb6,ab7c2390-a4c7-eb11-bacc-000d3ad5fbb6,,,ab7c2390-a4c7-eb11-bacc-000d3ad5fbb6
1,2,,8b7a117e-59f4-eb11-94ee-0022484053b4,8,CP2146,Room 4.20,Active,Active,0,0,885970,2e00d262-3bf4-eb11-94ef-00224840528a,e4a22805-d5f7-eb11-94ee-0022481b485d,ab7c2390-a4c7-eb11-bacc-000d3ad5fbb6,ab7c2390-a4c7-eb11-bacc-000d3ad5fbb6,,,ab7c2390-a4c7-eb11-bacc-000d3ad5fbb6
1,2,,917a117e-59f4-eb11-94ee-0022484053b4,8,CP2149,Room 4.23,Active,Active,0,0,885969,2e00d262-3bf4-eb11-94ef-00224840528a,e4a22805-d5f7-eb11-94ee-0022481b485d,ab7c2390-a4c7-eb11-bacc-000d3ad5fbb6,ab7c2390-a4c7-eb11-bacc-000d3ad5fbb6,,,ab7c2390-a4c7-eb11-bacc-000d3ad5fbb6
1,2,,8f7a117e-59f4-eb11-94ee-0022484053b4,8,CP2148,Room 4.22,Active,Active,0,0,885968,2e00d262-3bf4-eb11-94ef-00224840528a,e4a22805-d5f7-eb11-94ee-0022481b485d,ab7c2390-a4c7-eb11-bacc-000d3ad5fbb6,ab7c2390-a4c7-eb11-bacc-000d3ad5fbb6,,,ab7c2390-a4c7-eb11-bacc-000d3ad5fbb6
3,2,,957a117e-59f4-eb11-94ee-0022484053b4,20,CP2151,Room 4.26,Active,Active,0,0,885967,2e00d262-3bf4-eb11-94ef-00224840528a,e4a22805-d5f7-eb11-94ee-0022481b485d,ab7c2390-a4c7-eb11-bacc-000d3ad5fbb6,ab7c2390-a4c7-eb11-bacc-000d3ad5fbb6,,,ab7c2390-a4c7-eb11-bacc-000d3ad5fbb6
1,2,,937a117e-59f4-eb11-94ee-0022484053b4,8,CP2150,Room 4.24,Active,Active,0,0,885966,2e00d262-3bf4-eb11-94ef-00224840528a,e4a22805-d5f7-eb11-94ee-0022481b485d,ab7c2390-a4c7-eb11-bacc-000d3ad5fbb6,ab7c2390-a4c7-eb11-bacc-000d3ad5fbb6,,,ab7c2390-a4c7-eb11-bacc-000d3ad5fbb6
1,2,,997a117e-59f4-eb11-94ee-0022484053b4,8,CP2153,Room 4.28,Active,Active,0,0,885965,2e00d262-3bf4-eb11-94ef-00224840528a,e4a22805-d5f7-eb11-94ee-0022481b485d,ab7c2390-a4c7-eb11-bacc-000d3ad5fbb6,ab7c2390-a4c7-eb11-bacc-000d3ad5fbb6,,,ab7c2390-a4c7-eb11-bacc-000d3ad5fbb6
4,2,,977a117e-59f4-eb11-94ee-0022484053b4,22,CP2152,Room 4.27,Active,Active,0,0,885964,2e00d262-3bf4-eb11-94ef-00224840528a,e4a22805-d5f7-eb11-94ee-0022481b485d,ab7c2390-a4c7-eb11-bacc-000d3ad5fbb6,ab7c2390-a4c7-eb11-bacc-000d3ad5fbb6,,,ab7c2390-a4c7-eb11-bacc-000d3ad5fbb6
1,2,,9d7a117e-59f4-eb11-94ee-0022484053b4,8,CP2155,Room 4.30,Active,Active,0,0,885963,2e00d262-3bf4-eb11-94ef-00224840528a,e4a22805-d5f7-eb11-94ee-0022481b485d,ab7c2390-a4c7-eb11-bacc-000d3ad5fbb6,ab7c2390-a4c7-eb11-bacc-000d3ad5fbb6,,,ab7c2390-a4c7-eb11-bacc-000d3ad5fbb6
1,2,,9b7a117e-59f4-eb11-94ee-0022484053b4,8,CP2154,Room 4.29,Active,Active,0,0,885962,2e00d262-3bf4-eb11-94ef-00224840528a,e4a22805-d5f7-eb11-94ee-0022481b485d,ab7c2390-a4c7-eb11-bacc-000d3ad5fbb6,ab7c2390-a4c7-eb11-bacc-000d3ad5fbb6,,,ab7c2390-a4c7-eb11-bacc-000d3ad5fbb6
2,2,,a17a117e-59f4-eb11-94ee-0022484053b4,8,CP2157,Room 4.32,Active,Active,0,0,885961,2e00d262-3bf4-eb11-94ef-00224840528a,e4a22805-d5f7-eb11-94ee-0022481b485d,ab7c2390-a4c7-eb11-bacc-000d3ad5fbb6,ab7c2390-a4c7-eb11-bacc-000d3ad5fbb6,,,ab7c2390-a4c7-eb11-bacc-000d3ad5fbb6
1,2,,9f7a117e-59f4-eb11-94ee-0022484053b4,8,CP2156,Room 4.31,Active,Active,0,0,885960,2e00d262-3bf4-eb11-94ef-00224840528a,e4a22805-d5f7-eb11-94ee-0022481b485d,ab7c2390-a4c7-eb11-bacc-000d3ad5fbb6,ab7c2390-a4c7-eb11-bacc-000d3ad5fbb6,,,ab7c2390-a4c7-eb11-bacc-000d3ad5fbb6
1,2,,a57a117e-59f4-eb11-94ee-0022484053b4,8,CP2159,Room 4.35,Active,Active,0,0,885959,2e00d262-3bf4-eb11-94ef-00224840528a,e4a22805-d5f7-eb11-94ee-0022481b485d,ab7c2390-a4c7-eb11-bacc-000d3ad5fbb6,ab7c2390-a4c7-eb11-bacc-000d3ad5fbb6,,,ab7c2390-a4c7-eb11-bacc-000d3ad5fbb6
4,2,,a37a117e-59f4-eb11-94ee-0022484053b4,22,CP2158,Room 4.33,Active,Active,0,0,885958,2e00d262-3bf4-eb11-94ef-00224840528a,e4a22805-d5f7-eb11-94ee-0022481b485d,ab7c2390-a4c7-eb11-bacc-000d3ad5fbb6,ab7c2390-a4c7-eb11-bacc-000d3ad5fbb6,,,ab7c2390-a4c7-eb11-bacc-000d3ad5fbb6
1,2,,a97a117e-59f4-eb11-94ee-0022484053b4,8,CP2161,Room 4.37,Active,Active,0,0,885957,2e00d262-3bf4-eb11-94ef-00224840528a,e4a22805-d5f7-eb11-94ee-0022481b485d,ab7c2390-a4c7-eb11-bacc-000d3ad5fbb6,ab7c2390-a4c7-eb11-bacc-000d3ad5fbb6,,,ab7c2390-a4c7-eb11-bacc-000d3ad5fbb6
1,2,,a77a117e-59f4-eb11-94ee-0022484053b4,8,CP2160,Room 4.36,Active,Active,0,0,885956,2e00d262-3bf4-eb11-94ef-00224840528a,e4a22805-d5f7-eb11-94ee-0022481b485d,ab7c2390-a4c7-eb11-bacc-000d3ad5fbb6,ab7c2390-a4c7-eb11-bacc-000d3ad5fbb6,,,ab7c2390-a4c7-eb11-bacc-000d3ad5fbb6
1,2,,ad7a117e-59f4-eb11-94ee-0022484053b4,8,CP2163,Room 4.39,Active,Active,0,0,885955,2e00d262-3bf4-eb11-94ef-00224840528a,e4a22805-d5f7-eb11-94ee-0022481b485d,ab7c2390-a4c7-eb11-bacc-000d3ad5fbb6,ab7c2390-a4c7-eb11-bacc-000d3ad5fbb6,,,ab7c2390-a4c7-eb11-bacc-000d3ad5fbb6
0,2,,ab7a117e-59f4-eb11-94ee-0022484053b4,12,CP2162,Room 4.38,Active,Active,0,0,885954,2e00d262-3bf4-eb11-94ef-00224840528a,e4a22805-d5f7-eb11-94ee-0022481b485d,ab7c2390-a4c7-eb11-bacc-000d3ad5fbb6,ab7c2390-a4c7-eb11-bacc-000d3ad5fbb6,,,ab7c2390-a4c7-eb11-bacc-000d3ad5fbb6
1,2,,b17a117e-59f4-eb11-94ee-0022484053b4,8,CP2165,Room 4.41,Active,Active,0,0,885953,2e00d262-3bf4-eb11-94ef-00224840528a,e4a22805-d5f7-eb11-94ee-0022481b485d,ab7c2390-a4c7-eb11-bacc-000d3ad5fbb6,ab7c2390-a4c7-eb11-bacc-000d3ad5fbb6,,,ab7c2390-a4c7-eb11-bacc-000d3ad5fbb6
1,2,,af7a117e-59f4-eb11-94ee-0022484053b4,8,CP2164,Room 4.40,Active,Active,0,0,885952,2e00d262-3bf4-eb11-94ef-00224840528a,e4a22805-d5f7-eb11-94ee-0022481b485d,ab7c2390-a4c7-eb11-bacc-000d3ad5fbb6,ab7c2390-a4c7-eb11-bacc-000d3ad5fbb6,,,ab7c2390-a4c7-eb11-bacc-000d3ad5fbb6
10,2,,b57a117e-59f4-eb11-94ee-0022484053b4,24,MER01,Garn Ddu,Active,Active,0,0,885951,200c38f2-8bf3-eb11-94ef-0022484058b8,e4a22805-d5f7-eb11-94ee-0022481b485d,ab7c2390-a4c7-eb11-bacc-000d3ad5fbb6,ab7c2390-a4c7-eb11-bacc-000d3ad5fbb6,,,ab7c2390-a4c7-eb11-bacc-000d3ad5fbb6
1,2,,b37a117e-59f4-eb11-94ee-0022484053b4,8,CP2166,Room 4.42,Active,Active,0,0,885950,2e00d262-3bf4-eb11-94ef-00224840528a,e4a22805-d5f7-eb11-94ee-0022481b485d,ab7c2390-a4c7-eb11-bacc-000d3ad5fbb6,ab7c2390-a4c7-eb11-bacc-000d3ad5fbb6,,,ab7c2390-a4c7-eb11-bacc-000d3ad5fbb6
6,2,,b97a117e-59f4-eb11-94ee-0022484053b4,20,MER03,Llwyn On,Active,Active,0,0,885949,200c38f2-8bf3-eb11-94ef-0022484058b8,e4a22805-d5f7-eb11-94ee-0022481b485d,ab7c2390-a4c7-eb11-bacc-000d3ad5fbb6,ab7c2390-a4c7-eb11-bacc-000d3ad5fbb6,,,ab7c2390-a4c7-eb11-bacc-000d3ad5fbb6
8,2,,b77a117e-59f4-eb11-94ee-0022484053b4,24,MER02,Cribyn,Active,Active,0,0,885948,200c38f2-8bf3-eb11-94ef-0022484058b8,e4a22805-d5f7-eb11-94ee-0022481b485d,ab7c2390-a4c7-eb11-bacc-000d3ad5fbb6,ab7c2390-a4c7-eb11-bacc-000d3ad5fbb6,,,ab7c2390-a4c7-eb11-bacc-000d3ad5fbb6
4,2,,bd7a117e-59f4-eb11-94ee-0022484053b4,4,MER05,Interview 2,Active,Active,0,0,885947,200c38f2-8bf3-eb11-94ef-0022484058b8,e4a22805-d5f7-eb11-94ee-0022481b485d,ab7c2390-a4c7-eb11-bacc-000d3ad5fbb6,ab7c2390-a4c7-eb11-bacc-000d3ad5fbb6,,,ab7c2390-a4c7-eb11-bacc-000d3ad5fbb6
4,2,,bb7a117e-59f4-eb11-94ee-0022484053b4,4,MER04,Interview 1,Active,Active,0,0,885946,200c38f2-8bf3-eb11-94ef-0022484058b8,e4a22805-d5f7-eb11-94ee-0022481b485d,ab7c2390-a4c7-eb11-bacc-000d3ad5fbb6,ab7c2390-a4c7-eb11-bacc-000d3ad5fbb6,,,ab7c2390-a4c7-eb11-bacc-000d3ad5fbb6
4,2,,bf7a117e-59f4-eb11-94ee-0022484053b4,4,MER06,Interview 3,Active,Active,0,0,885945,200c38f2-8bf3-eb11-94ef-0022484058b8,e4a22805-d5f7-eb11-94ee-0022481b485d,ab7c2390-a4c7-eb11-bacc-000d3ad5fbb6,ab7c2390-a4c7-eb11-bacc-000d3ad5fbb6,,,ab7c2390-a4c7-eb11-bacc-000d3ad5fbb6
10,2,,c17a117e-59f4-eb11-94ee-0022484053b4,10,MER07,Nant Ddu,Active,Active,0,0,885944,200c38f2-8bf3-eb11-94ef-0022484058b8,e4a22805-d5f7-eb11-94ee-0022481b485d,ab7c2390-a4c7-eb11-bacc-000d3ad5fbb6,ab7c2390-a4c7-eb11-bacc-000d3ad5fbb6,,,ab7c2390-a4c7-eb11-bacc-000d3ad5fbb6
6,2,,c37a117e-59f4-eb11-94ee-0022484053b4,6,MER08,Bryn Ddu,Active,Active,0,0,885943,200c38f2-8bf3-eb11-94ef-0022484058b8,e4a22805-d5f7-eb11-94ee-0022481b485d,ab7c2390-a4c7-eb11-bacc-000d3ad5fbb6,ab7c2390-a4c7-eb11-bacc-000d3ad5fbb6,,,ab7c2390-a4c7-eb11-bacc-000d3ad5fbb6
6,2,,c57a117e-59f4-eb11-94ee-0022484053b4,6,MER09,Ty Newydd,Active,Active,0,0,885942,200c38f2-8bf3-eb11-94ef-0022484058b8,e4a22805-d5f7-eb11-94ee-0022481b485d,ab7c2390-a4c7-eb11-bacc-000d3ad5fbb6,ab7c2390-a4c7-eb11-bacc-000d3ad5fbb6,,,ab7c2390-a4c7-eb11-bacc-000d3ad5fbb6
6,2,,c77a117e-59f4-eb11-94ee-0022484053b4,6,MER10,Waun Lysiog (Telepresence),Active,Active,0,0,885941,200c38f2-8bf3-eb11-94ef-0022484058b8,e4a22805-d5f7-eb11-94ee-0022481b485d,ab7c2390-a4c7-eb11-bacc-000d3ad5fbb6,ab7c2390-a4c7-eb11-bacc-000d3ad5fbb6,,,ab7c2390-a4c7-eb11-bacc-000d3ad5fbb6
8,2,,c97a117e-59f4-eb11-94ee-0022484053b4,8,MER11,Corn - Du,Active,Active,0,0,885940,200c38f2-8bf3-eb11-94ef-0022484058b8,e4a22805-d5f7-eb11-94ee-0022481b485d,ab7c2390-a4c7-eb11-bacc-000d3ad5fbb6,ab7c2390-a4c7-eb11-bacc-000d3ad5fbb6,,,ab7c2390-a4c7-eb11-bacc-000d3ad5fbb6
8,2,,cb7a117e-59f4-eb11-94ee-0022484053b4,8,MER12,Y Bannau,Active,Active,0,0,885939,200c38f2-8bf3-eb11-94ef-0022484058b8,e4a22805-d5f7-eb11-94ee-0022481b485d,ab7c2390-a4c7-eb11-bacc-000d3ad5fbb6,ab7c2390-a4c7-eb11-bacc-000d3ad5fbb6,,,ab7c2390-a4c7-eb11-bacc-000d3ad5fbb6
6,2,,cd7a117e-59f4-eb11-94ee-0022484053b4,6,MER13,Gelli,Active,Active,0,0,885938,200c38f2-8bf3-eb11-94ef-0022484058b8,e4a22805-d5f7-eb11-94ee-0022481b485d,ab7c2390-a4c7-eb11-bacc-000d3ad5fbb6,ab7c2390-a4c7-eb11-bacc-000d3ad5fbb6,,,ab7c2390-a4c7-eb11-bacc-000d3ad5fbb6
6,2,,cf7a117e-59f4-eb11-94ee-0022484053b4,6,MER14,Bryn Glas,Active,Active,0,0,885937,200c38f2-8bf3-eb11-94ef-0022484058b8,e4a22805-d5f7-eb11-94ee-0022481b485d,ab7c2390-a4c7-eb11-bacc-000d3ad5fbb6,ab7c2390-a4c7-eb11-bacc-000d3ad5fbb6,,,ab7c2390-a4c7-eb11-bacc-000d3ad5fbb6
6,2,,d17a117e-59f4-eb11-94ee-0022484053b4,6,MER15,Pant,Active,Active,0,0,885936,200c38f2-8bf3-eb11-94ef-0022484058b8,e4a22805-d5f7-eb11-94ee-0022481b485d,ab7c2390-a4c7-eb11-bacc-000d3ad5fbb6,ab7c2390-a4c7-eb11-bacc-000d3ad5fbb6,,,ab7c2390-a4c7-eb11-bacc-000d3ad5fbb6
2,3,,4bb03546-5af4-eb11-94ee-00224840585f,9,BED04,Cynon,Active,Active,0,0,885935,70f747da-3af4-eb11-94ef-00224840528a,e4a22805-d5f7-eb11-94ee-0022481b485d,ab7c2390-a4c7-eb11-bacc-000d3ad5fbb6,ab7c2390-a4c7-eb11-bacc-000d3ad5fbb6,,,ab7c2390-a4c7-eb11-bacc-000d3ad5fbb6
2,3,,49b03546-5af4-eb11-94ee-00224840585f,9,BED03,Ogmore,Active,Active,0,0,885934,70f747da-3af4-eb11-94ef-00224840528a,e4a22805-d5f7-eb11-94ee-0022481b485d,ab7c2390-a4c7-eb11-bacc-000d3ad5fbb6,ab7c2390-a4c7-eb11-bacc-000d3ad5fbb6,,,ab7c2390-a4c7-eb11-bacc-000d3ad5fbb6
2,3,,4fb03546-5af4-eb11-94ee-00224840585f,9,BED06,Rhondda,Active,Active,0,0,885933,70f747da-3af4-eb11-94ef-00224840528a,e4a22805-d5f7-eb11-94ee-0022481b485d,ab7c2390-a4c7-eb11-bacc-000d3ad5fbb6,ab7c2390-a4c7-eb11-bacc-000d3ad5fbb6,,,ab7c2390-a4c7-eb11-bacc-000d3ad5fbb6
2,3,,4db03546-5af4-eb11-94ee-00224840585f,9,BED05,Monnow,Active,Active,0,0,885932,70f747da-3af4-eb11-94ef-00224840528a,e4a22805-d5f7-eb11-94ee-0022481b485d,ab7c2390-a4c7-eb11-bacc-000d3ad5fbb6,ab7c2390-a4c7-eb11-bacc-000d3ad5fbb6,,,ab7c2390-a4c7-eb11-bacc-000d3ad5fbb6
7,0,,6078c0db-5af4-eb11-94ef-00224840528a,30,BED01,Rhymney 1,Active,Active,0,0,885931,70f747da-3af4-eb11-94ef-00224840528a,e4a22805-d5f7-eb11-94ee-0022481b485d,ab7c2390-a4c7-eb11-bacc-000d3ad5fbb6,ab7c2390-a4c7-eb11-bacc-000d3ad5fbb6,,,ab7c2390-a4c7-eb11-bacc-000d3ad5fbb6
7,0,,662680ee-5af4-eb11-94ef-00224840528a,30,BED02,Rhymney 2,Active,Active,0,0,885930,70f747da-3af4-eb11-94ef-00224840528a,e4a22805-d5f7-eb11-94ee-0022481b485d,ab7c2390-a4c7-eb11-bacc-000d3ad5fbb6,ab7c2390-a4c7-eb11-bacc-000d3ad5fbb6,,,ab7c2390-a4c7-eb11-bacc-000d3ad5fbb6
24,5,,c967e031-f4f5-eb11-94ee-0022484053b4,24,LLJ04,Nanheudwy,Active,Active,0,0,885929,403e1812-3bf4-eb11-94ef-00224840528a,e4a22805-d5f7-eb11-94ee-0022481b485d,ab7c2390-a4c7-eb11-bacc-000d3ad5fbb6,ab7c2390-a4c7-eb11-bacc-000d3ad5fbb6,,,ab7c2390-a4c7-eb11-bacc-000d3ad5fbb6
2,5,,cd67e031-f4f5-eb11-94ee-0022484053b4,6,LLJ06,Edeirnion,Active,Active,0,0,885928,403e1812-3bf4-eb11-94ef-00224840528a,e4a22805-d5f7-eb11-94ee-0022481b485d,ab7c2390-a4c7-eb11-bacc-000d3ad5fbb6,ab7c2390-a4c7-eb11-bacc-000d3ad5fbb6,,,ab7c2390-a4c7-eb11-bacc-000d3ad5fbb6
2,5,,cf67e031-f4f5-eb11-94ee-0022484053b4,8,LLJ07,Dinmael,Active,Active,0,0,885927,403e1812-3bf4-eb11-94ef-00224840528a,e4a22805-d5f7-eb11-94ee-0022481b485d,ab7c2390-a4c7-eb11-bacc-000d3ad5fbb6,ab7c2390-a4c7-eb11-bacc-000d3ad5fbb6,,,ab7c2390-a4c7-eb11-bacc-000d3ad5fbb6
2,5,,d167e031-f4f5-eb11-94ee-0022484053b4,8,LLJ08,Ardudwy,Active,Active,0,0,885926,403e1812-3bf4-eb11-94ef-00224840528a,e4a22805-d5f7-eb11-94ee-0022481b485d,ab7c2390-a4c7-eb11-bacc-000d3ad5fbb6,ab7c2390-a4c7-eb11-bacc-000d3ad5fbb6,,,ab7c2390-a4c7-eb11-bacc-000d3ad5fbb6
2,5,,d367e031-f4f5-eb11-94ee-0022484053b4,8,LLJ09,Mawddwy,Active,Active,0,0,885925,403e1812-3bf4-eb11-94ef-00224840528a,e4a22805-d5f7-eb11-94ee-0022481b485d,ab7c2390-a4c7-eb11-bacc-000d3ad5fbb6,ab7c2390-a4c7-eb11-bacc-000d3ad5fbb6,,,ab7c2390-a4c7-eb11-bacc-000d3ad5fbb6
2,5,,d567e031-f4f5-eb11-94ee-0022484053b4,8,LLJ11,Tegeingl,Active,Active,0,0,885924,403e1812-3bf4-eb11-94ef-00224840528a,e4a22805-d5f7-eb11-94ee-0022481b485d,ab7c2390-a4c7-eb11-bacc-000d3ad5fbb6,ab7c2390-a4c7-eb11-bacc-000d3ad5fbb6,,,ab7c2390-a4c7-eb11-bacc-000d3ad5fbb6
2,5,,d767e031-f4f5-eb11-94ee-0022484053b4,8,LLJ12,Ystrad Alun,Active,Active,0,0,885923,403e1812-3bf4-eb11-94ef-00224840528a,e4a22805-d5f7-eb11-94ee-0022481b485d,ab7c2390-a4c7-eb11-bacc-000d3ad5fbb6,ab7c2390-a4c7-eb11-bacc-000d3ad5fbb6,,,ab7c2390-a4c7-eb11-bacc-000d3ad5fbb6
2,5,,d967e031-f4f5-eb11-94ee-0022484053b4,10,LLJ14,Powys Fadog,Active,Active,0,0,885922,403e1812-3bf4-eb11-94ef-00224840528a,e4a22805-d5f7-eb11-94ee-0022481b485d,ab7c2390-a4c7-eb11-bacc-000d3ad5fbb6,ab7c2390-a4c7-eb11-bacc-000d3ad5fbb6,,,ab7c2390-a4c7-eb11-bacc-000d3ad5fbb6
2,5,,dd67e031-f4f5-eb11-94ee-0022484053b4,4,LLJ16,Aberffraw,Active,Active,0,0,885921,403e1812-3bf4-eb11-94ef-00224840528a,e4a22805-d5f7-eb11-94ee-0022481b485d,ab7c2390-a4c7-eb11-bacc-000d3ad5fbb6,ab7c2390-a4c7-eb11-bacc-000d3ad5fbb6,,,ab7c2390-a4c7-eb11-bacc-000d3ad5fbb6
2,5,,db67e031-f4f5-eb11-94ee-0022484053b4,10,LLJ15,Maelor,Active,Active,0,0,885920,403e1812-3bf4-eb11-94ef-00224840528a,e4a22805-d5f7-eb11-94ee-0022481b485d,ab7c2390-a4c7-eb11-bacc-000d3ad5fbb6,ab7c2390-a4c7-eb11-bacc-000d3ad5fbb6,,,ab7c2390-a4c7-eb11-bacc-000d3ad5fbb6
1,5,,df67e031-f4f5-eb11-94ee-0022484053b4,2,LLJ17,Cemais,Active,Active,0,0,885919,403e1812-3bf4-eb11-94ef-00224840528a,e4a22805-d5f7-eb11-94ee-0022481b485d,ab7c2390-a4c7-eb11-bacc-000d3ad5fbb6,ab7c2390-a4c7-eb11-bacc-000d3ad5fbb6,,,ab7c2390-a4c7-eb11-bacc-000d3ad5fbb6
1,5,,e167e031-f4f5-eb11-94ee-0022484053b4,2,LLJ18,Menai,Active,Active,0,0,885918,403e1812-3bf4-eb11-94ef-00224840528a,e4a22805-d5f7-eb11-94ee-0022481b485d,ab7c2390-a4c7-eb11-bacc-000d3ad5fbb6,ab7c2390-a4c7-eb11-bacc-000d3ad5fbb6,,,ab7c2390-a4c7-eb11-bacc-000d3ad5fbb6
2,5,,e567e031-f4f5-eb11-94ee-0022484053b4,8,LLJ20,Mechain,Active,Active,0,0,885917,403e1812-3bf4-eb11-94ef-00224840528a,e4a22805-d5f7-eb11-94ee-0022481b485d,ab7c2390-a4c7-eb11-bacc-000d3ad5fbb6,ab7c2390-a4c7-eb11-bacc-000d3ad5fbb6,,,ab7c2390-a4c7-eb11-bacc-000d3ad5fbb6
2,5,,e367e031-f4f5-eb11-94ee-0022484053b4,6,LLJ19,Cedewain,Active,Active,0,0,885916,403e1812-3bf4-eb11-94ef-00224840528a,e4a22805-d5f7-eb11-94ee-0022481b485d,ab7c2390-a4c7-eb11-bacc-000d3ad5fbb6,ab7c2390-a4c7-eb11-bacc-000d3ad5fbb6,,,ab7c2390-a4c7-eb11-bacc-000d3ad5fbb6
2,5,,e967e031-f4f5-eb11-94ee-0022484053b4,10,LLJ23,Ial,Active,Active,0,0,885915,403e1812-3bf4-eb11-94ef-00224840528a,e4a22805-d5f7-eb11-94ee-0022481b485d,ab7c2390-a4c7-eb11-bacc-000d3ad5fbb6,ab7c2390-a4c7-eb11-bacc-000d3ad5fbb6,,,ab7c2390-a4c7-eb11-bacc-000d3ad5fbb6
2,5,,e767e031-f4f5-eb11-94ee-0022484053b4,10,LLJ22,Dyffryn Clwyd,Active,Active,0,0,885914,403e1812-3bf4-eb11-94ef-00224840528a,e4a22805-d5f7-eb11-94ee-0022481b485d,ab7c2390-a4c7-eb11-bacc-000d3ad5fbb6,ab7c2390-a4c7-eb11-bacc-000d3ad5fbb6,,,ab7c2390-a4c7-eb11-bacc-000d3ad5fbb6
2,5,,ed67e031-f4f5-eb11-94ee-0022484053b4,10,LLJ26,Penllyn,Active,Active,0,0,885913,403e1812-3bf4-eb11-94ef-00224840528a,e4a22805-d5f7-eb11-94ee-0022481b485d,ab7c2390-a4c7-eb11-bacc-000d3ad5fbb6,ab7c2390-a4c7-eb11-bacc-000d3ad5fbb6,,,ab7c2390-a4c7-eb11-bacc-000d3ad5fbb6
2,5,,eb67e031-f4f5-eb11-94ee-0022484053b4,10,LLJ25,Meirionnydd,Active,Active,0,0,885912,403e1812-3bf4-eb11-94ef-00224840528a,e4a22805-d5f7-eb11-94ee-0022481b485d,ab7c2390-a4c7-eb11-bacc-000d3ad5fbb6,ab7c2390-a4c7-eb11-bacc-000d3ad5fbb6,,,ab7c2390-a4c7-eb11-bacc-000d3ad5fbb6
2,5,,f167e031-f4f5-eb11-94ee-0022484053b4,8,LLJ29,Arfon,Active,Active,0,0,885911,403e1812-3bf4-eb11-94ef-00224840528a,e4a22805-d5f7-eb11-94ee-0022481b485d,ab7c2390-a4c7-eb11-bacc-000d3ad5fbb6,ab7c2390-a4c7-eb11-bacc-000d3ad5fbb6,,,ab7c2390-a4c7-eb11-bacc-000d3ad5fbb6
2,5,,ef67e031-f4f5-eb11-94ee-0022484053b4,8,LLJ28,Arllechwedd,Active,Active,0,0,885910,403e1812-3bf4-eb11-94ef-00224840528a,e4a22805-d5f7-eb11-94ee-0022481b485d,ab7c2390-a4c7-eb11-bacc-000d3ad5fbb6,ab7c2390-a4c7-eb11-bacc-000d3ad5fbb6,,,ab7c2390-a4c7-eb11-bacc-000d3ad5fbb6
2,5,,f567e031-f4f5-eb11-94ee-0022484053b4,8,LLJ32,Eifionydd,Active,Active,0,0,885909,403e1812-3bf4-eb11-94ef-00224840528a,e4a22805-d5f7-eb11-94ee-0022481b485d,ab7c2390-a4c7-eb11-bacc-000d3ad5fbb6,ab7c2390-a4c7-eb11-bacc-000d3ad5fbb6,,,ab7c2390-a4c7-eb11-bacc-000d3ad5fbb6
2,5,,f367e031-f4f5-eb11-94ee-0022484053b4,8,LLJ31,Llyn,Active,Active,0,0,885908,403e1812-3bf4-eb11-94ef-00224840528a,e4a22805-d5f7-eb11-94ee-0022481b485d,ab7c2390-a4c7-eb11-bacc-000d3ad5fbb6,ab7c2390-a4c7-eb11-bacc-000d3ad5fbb6,,,ab7c2390-a4c7-eb11-bacc-000d3ad5fbb6
6,1,,689266a6-44f4-eb11-94ee-0022484057f2,6,ABY33,Ministerial Room,Active,Active,0,0,885906,19f92ec8-3af4-eb11-94ef-00224840528a,e4a22805-d5f7-eb11-94ee-0022481b485d,ab7c2390-a4c7-eb11-bacc-000d3ad5fbb6,ab7c2390-a4c7-eb11-bacc-000d3ad5fbb6,,,ab7c2390-a4c7-eb11-bacc-000d3ad5fbb6
6,0,,50173843-f5f5-eb11-94ef-0022484058b8,30,LLJ03,Rhufoniog,Active,Active,0,0,885905,403e1812-3bf4-eb11-94ef-00224840528a,e4a22805-d5f7-eb11-94ee-0022481b485d,ab7c2390-a4c7-eb11-bacc-000d3ad5fbb6,ab7c2390-a4c7-eb11-bacc-000d3ad5fbb6,,,ab7c2390-a4c7-eb11-bacc-000d3ad5fbb6
6,1,,4f9266a6-44f4-eb11-94ee-0022484057f2,6,ABY20,Room 12,Active,Active,0,0,885904,19f92ec8-3af4-eb11-94ef-00224840528a,e4a22805-d5f7-eb11-94ee-0022481b485d,ab7c2390-a4c7-eb11-bacc-000d3ad5fbb6,ab7c2390-a4c7-eb11-bacc-000d3ad5fbb6,,,ab7c2390-a4c7-eb11-bacc-000d3ad5fbb6
4,1,,4b9266a6-44f4-eb11-94ee-0022484057f2,4,ABY18,Room 10,Active,Active,0,0,885903,19f92ec8-3af4-eb11-94ef-00224840528a,e4a22805-d5f7-eb11-94ee-0022481b485d,ab7c2390-a4c7-eb11-bacc-000d3ad5fbb6,ab7c2390-a4c7-eb11-bacc-000d3ad5fbb6,,,ab7c2390-a4c7-eb11-bacc-000d3ad5fbb6
3,1,,4d9266a6-44f4-eb11-94ee-0022484057f2,3,ABY19,Room 11(VC),Active,Active,0,0,885902,19f92ec8-3af4-eb11-94ef-00224840528a,e4a22805-d5f7-eb11-94ee-0022481b485d,ab7c2390-a4c7-eb11-bacc-000d3ad5fbb6,ab7c2390-a4c7-eb11-bacc-000d3ad5fbb6,,,ab7c2390-a4c7-eb11-bacc-000d3ad5fbb6
6,1,,519266a6-44f4-eb11-94ee-0022484057f2,6,ABY21,Room 13,Active,Active,0,0,885901,19f92ec8-3af4-eb11-94ef-00224840528a,e4a22805-d5f7-eb11-94ee-0022481b485d,ab7c2390-a4c7-eb11-bacc-000d3ad5fbb6,ab7c2390-a4c7-eb11-bacc-000d3ad5fbb6,,,ab7c2390-a4c7-eb11-bacc-000d3ad5fbb6
8,1,,559266a6-44f4-eb11-94ee-0022484057f2,8,ABY23,Room 15(VC),Active,Active,0,0,885900,19f92ec8-3af4-eb11-94ef-00224840528a,e4a22805-d5f7-eb11-94ee-0022481b485d,ab7c2390-a4c7-eb11-bacc-000d3ad5fbb6,ab7c2390-a4c7-eb11-bacc-000d3ad5fbb6,,,ab7c2390-a4c7-eb11-bacc-000d3ad5fbb6
4,1,,539266a6-44f4-eb11-94ee-0022484057f2,4,ABY22,Room 14(Telepresence),Active,Active,0,0,885899,19f92ec8-3af4-eb11-94ef-00224840528a,e4a22805-d5f7-eb11-94ee-0022481b485d,ab7c2390-a4c7-eb11-bacc-000d3ad5fbb6,ab7c2390-a4c7-eb11-bacc-000d3ad5fbb6,,,ab7c2390-a4c7-eb11-bacc-000d3ad5fbb6
4,1,,5c9266a6-44f4-eb11-94ee-0022484057f2,4,ABY27,Room 18,Active,Active,0,0,885898,19f92ec8-3af4-eb11-94ef-00224840528a,e4a22805-d5f7-eb11-94ee-0022481b485d,ab7c2390-a4c7-eb11-bacc-000d3ad5fbb6,ab7c2390-a4c7-eb11-bacc-000d3ad5fbb6,,,ab7c2390-a4c7-eb11-bacc-000d3ad5fbb6
4,1,,5a9266a6-44f4-eb11-94ee-0022484057f2,4,ABY26,Room 17,Active,Active,0,0,885897,19f92ec8-3af4-eb11-94ef-00224840528a,e4a22805-d5f7-eb11-94ee-0022481b485d,ab7c2390-a4c7-eb11-bacc-000d3ad5fbb6,ab7c2390-a4c7-eb11-bacc-000d3ad5fbb6,,,ab7c2390-a4c7-eb11-bacc-000d3ad5fbb6
2,1,,3a9266a6-44f4-eb11-94ee-0022484057f2,2,ABY10,Room 2,Active,Active,0,0,885896,19f92ec8-3af4-eb11-94ef-00224840528a,e4a22805-d5f7-eb11-94ee-0022481b485d,ab7c2390-a4c7-eb11-bacc-000d3ad5fbb6,ab7c2390-a4c7-eb11-bacc-000d3ad5fbb6,,,ab7c2390-a4c7-eb11-bacc-000d3ad5fbb6
4,1,,5e9266a6-44f4-eb11-94ee-0022484057f2,4,ABY28,Room 19,Active,Active,0,0,885895,19f92ec8-3af4-eb11-94ef-00224840528a,e4a22805-d5f7-eb11-94ee-0022481b485d,ab7c2390-a4c7-eb11-bacc-000d3ad5fbb6,ab7c2390-a4c7-eb11-bacc-000d3ad5fbb6,,,ab7c2390-a4c7-eb11-bacc-000d3ad5fbb6
6,1,,629266a6-44f4-eb11-94ee-0022484057f2,6,ABY30,Room 21,Active,Active,0,0,885894,19f92ec8-3af4-eb11-94ef-00224840528a,e4a22805-d5f7-eb11-94ee-0022481b485d,ab7c2390-a4c7-eb11-bacc-000d3ad5fbb6,ab7c2390-a4c7-eb11-bacc-000d3ad5fbb6,,,ab7c2390-a4c7-eb11-bacc-000d3ad5fbb6
5,1,,609266a6-44f4-eb11-94ee-0022484057f2,5,ABY29,Room 20,Active,Active,0,0,885893,19f92ec8-3af4-eb11-94ef-00224840528a,e4a22805-d5f7-eb11-94ee-0022481b485d,ab7c2390-a4c7-eb11-bacc-000d3ad5fbb6,ab7c2390-a4c7-eb11-bacc-000d3ad5fbb6,,,ab7c2390-a4c7-eb11-bacc-000d3ad5fbb6
8,1,,669266a6-44f4-eb11-94ee-0022484057f2,8,ABY32,Room 23 (Innovation Suite),Active,Active,0,0,885892,19f92ec8-3af4-eb11-94ef-00224840528a,e4a22805-d5f7-eb11-94ee-0022481b485d,ab7c2390-a4c7-eb11-bacc-000d3ad5fbb6,ab7c2390-a4c7-eb11-bacc-000d3ad5fbb6,,,ab7c2390-a4c7-eb11-bacc-000d3ad5fbb6
12,1,,649266a6-44f4-eb11-94ee-0022484057f2,12,ABY31,Room 22,Active,Active,0,0,885891,19f92ec8-3af4-eb11-94ef-00224840528a,e4a22805-d5f7-eb11-94ee-0022481b485d,ab7c2390-a4c7-eb11-bacc-000d3ad5fbb6,ab7c2390-a4c7-eb11-bacc-000d3ad5fbb6,,,ab7c2390-a4c7-eb11-bacc-000d3ad5fbb6
4,1,,3c9266a6-44f4-eb11-94ee-0022484057f2,4,ABY11,Room 3,Active,Active,0,0,885890,19f92ec8-3af4-eb11-94ef-00224840528a,e4a22805-d5f7-eb11-94ee-0022481b485d,ab7c2390-a4c7-eb11-bacc-000d3ad5fbb6,ab7c2390-a4c7-eb11-bacc-000d3ad5fbb6,,,ab7c2390-a4c7-eb11-bacc-000d3ad5fbb6
8,1,,409266a6-44f4-eb11-94ee-0022484057f2,8,ABY13,Room 5,Active,Active,0,0,885889,19f92ec8-3af4-eb11-94ef-00224840528a,e4a22805-d5f7-eb11-94ee-0022481b485d,ab7c2390-a4c7-eb11-bacc-000d3ad5fbb6,ab7c2390-a4c7-eb11-bacc-000d3ad5fbb6,,,ab7c2390-a4c7-eb11-bacc-000d3ad5fbb6
8,1,,449266a6-44f4-eb11-94ee-0022484057f2,8,ABY15,Room 7,Active,Active,0,0,885888,19f92ec8-3af4-eb11-94ef-00224840528a,e4a22805-d5f7-eb11-94ee-0022481b485d,ab7c2390-a4c7-eb11-bacc-000d3ad5fbb6,ab7c2390-a4c7-eb11-bacc-000d3ad5fbb6,,,ab7c2390-a4c7-eb11-bacc-000d3ad5fbb6
8,1,,429266a6-44f4-eb11-94ee-0022484057f2,8,ABY14,Room 6,Active,Active,0,0,885887,19f92ec8-3af4-eb11-94ef-00224840528a,e4a22805-d5f7-eb11-94ee-0022481b485d,ab7c2390-a4c7-eb11-bacc-000d3ad5fbb6,ab7c2390-a4c7-eb11-bacc-000d3ad5fbb6,,,ab7c2390-a4c7-eb11-bacc-000d3ad5fbb6
8,1,,469266a6-44f4-eb11-94ee-0022484057f2,8,ABY16,Room 8,Active,Active,0,0,885886,19f92ec8-3af4-eb11-94ef-00224840528a,e4a22805-d5f7-eb11-94ee-0022481b485d,ab7c2390-a4c7-eb11-bacc-000d3ad5fbb6,ab7c2390-a4c7-eb11-bacc-000d3ad5fbb6,,,ab7c2390-a4c7-eb11-bacc-000d3ad5fbb6
4,1,,489266a6-44f4-eb11-94ee-0022484057f2,4,ABY17,Room 9,Active,Active,0,0,885885,19f92ec8-3af4-eb11-94ef-00224840528a,e4a22805-d5f7-eb11-94ee-0022481b485d,ab7c2390-a4c7-eb11-bacc-000d3ad5fbb6,ab7c2390-a4c7-eb11-bacc-000d3ad5fbb6,,,ab7c2390-a4c7-eb11-bacc-000d3ad5fbb6
10,1,,579266a6-44f4-eb11-94ee-0022484057f2,10,ABY24,Ystrad Fflur,Active,Active,0,0,885883,19f92ec8-3af4-eb11-94ef-00224840528a,e4a22805-d5f7-eb11-94ee-0022481b485d,ab7c2390-a4c7-eb11-bacc-000d3ad5fbb6,ab7c2390-a4c7-eb11-bacc-000d3ad5fbb6,,,ab7c2390-a4c7-eb11-bacc-000d3ad5fbb6
6,2,,be79117e-59f4-eb11-94ee-0022484053b4,22,CP2044,Harlech,Active,Active,0,0,885882,2e00d262-3bf4-eb11-94ef-00224840528a,e4a22805-d5f7-eb11-94ee-0022481b485d,aa7c2390-a4c7-eb11-bacc-000d3ad5fbb6,ab7c2390-a4c7-eb11-bacc-000d3ad5fbb6,,,ab7c2390-a4c7-eb11-bacc-000d3ad5fbb6
6,0,,96920736-f5f5-eb11-94ef-0022484058b8,30,LLJ02,Rhos,Active,Active,0,0,885881,403e1812-3bf4-eb11-94ef-00224840528a,e4a22805-d5f7-eb11-94ee-0022481b485d,ab7c2390-a4c7-eb11-bacc-000d3ad5fbb6,aa7c2390-a4c7-eb11-bacc-000d3ad5fbb6,,,ab7c2390-a4c7-eb11-bacc-000d3ad5fbb6
25,0,,b1d953ff-f8ff-eb11-94ef-000d3ad67e62,25,ABY02,Trawscoed,Active,Active,0,0,885880,19f92ec8-3af4-eb11-94ef-00224840528a,e4a22805-d5f7-eb11-94ee-0022481b485d,ab7c2390-a4c7-eb11-bacc-000d3ad5fbb6,ab7c2390-a4c7-eb11-bacc-000d3ad5fbb6,,,aa7c2390-a4c7-eb11-bacc-000d3ad5fbb6
25,0,,41d56115-f9ff-eb11-94ef-000d3ad67e62,25,ABY03,Tan-y-Bwlch,Active,Active,0,0,885879,19f92ec8-3af4-eb11-94ef-00224840528a,e4a22805-d5f7-eb11-94ee-0022481b485d,ab7c2390-a4c7-eb11-bacc-000d3ad5fbb6,ab7c2390-a4c7-eb11-bacc-000d3ad5fbb6,,,ab7c2390-a4c7-eb11-bacc-000d3ad5fbb6
8,0,,6575e62f-3cf4-eb11-94ef-00224840528a,8,ABY05,Hafod,Active,Active,0,0,885877,19f92ec8-3af4-eb11-94ef-00224840528a,e4a22805-d5f7-eb11-94ee-0022481b485d,ab7c2390-a4c7-eb11-bacc-000d3ad5fbb6,ab7c2390-a4c7-eb11-bacc-000d3ad5fbb6,,,ab7c2390-a4c7-eb11-bacc-000d3ad5fbb6
16,5,,cb67e031-f4f5-eb11-94ee-0022484053b4,16,LLJ05,Cynllaith,Active,Active,0,0,885876,403e1812-3bf4-eb11-94ef-00224840528a,e4a22805-d5f7-eb11-94ee-0022481b485d,ab7c2390-a4c7-eb11-bacc-000d3ad5fbb6,ab7c2390-a4c7-eb11-bacc-000d3ad5fbb6,,,ab7c2390-a4c7-eb11-bacc-000d3ad5fbb6
5,2,,bc79117e-59f4-eb11-94ee-0022484053b4,22,CP2043,Caerdydd 3,Active,Active,0,0,885875,2e00d262-3bf4-eb11-94ef-00224840528a,e4a22805-d5f7-eb11-94ee-0022481b485d,ab7c2390-a4c7-eb11-bacc-000d3ad5fbb6,ab7c2390-a4c7-eb11-bacc-000d3ad5fbb6,,,ab7c2390-a4c7-eb11-bacc-000d3ad5fbb6
