wg_bluebadgeholder,wg_bookingdateandtime,wg_electricvehiclechargingrequired,wg_endtime,importsequencenumber,wg_parkingbookingid,wg_parkingbooking,wg_parkingduration,wg_starttime,statuscode,statecode,timezoneruleversionnumber,utcconversiontimezonecode,wg_vehicleregistration,versionnumber,wg_driverexternal,owningbusinessunit,wg_parkingspace,wg_roombooking,wg_driverwelshgov.azureactivedirectoryobjectid
false,,false,9/17/2021 11:00:00 AM,,fa01625c-fa16-ec11-b6e6-0022481a45b2,111 - Test - 17/09/2021 09:00,,9/17/2021 9:00:00 AM,Inactive,Inactive,4,,Test,1484133,ba06db60-b501-ec11-94ef-0022481b4cd3,e4a22805-d5f7-eb11-94ee-0022481b485d,2d85f1a4-5ff4-eb11-94ee-0022484053b4,,
false,,false,9/18/2021 12:00:00 PM,,dd059356-9d17-ec11-b6e6-0022481a41e1,L001 - BA61 - 18/09/2021 09:00,,9/18/2021 9:00:00 AM,Active,Active,4,,BA61,1484129,65338553-9d17-ec11-b6e6-0022481a45b2,e4a22805-d5f7-eb11-94ee-0022481b485d,e984f1a4-5ff4-eb11-94ee-0022484053b4,,
false,,false,9/18/2021 3:00:00 PM,,fd55687f-9d17-ec11-b6e6-0022481a45b2,L008 - BA61 - 18/09/2021 11:00,,9/18/2021 11:00:00 AM,Active,Active,4,,BA61,1484126,65338553-9d17-ec11-b6e6-0022481a45b2,e4a22805-d5f7-eb11-94ee-0022481b485d,f584f1a4-5ff4-eb11-94ee-0022484053b4,,
false,,false,8/20/2021 5:00:00 PM,,ebd683f8-a417-ec11-b6e6-0022481a45b2,1014 - ab123 - 20/08/2021 15:00,,8/20/2021 3:00:00 PM,Inactive,Inactive,4,,ab123,1412557,,e4a22805-d5f7-eb11-94ee-0022481b485d,0785f1a4-5ff4-eb11-94ee-0022484053b4,,bb68b50e-81e0-494f-ab37-29a80e9f331b
false,,false,8/20/2021 1:00:00 PM,,58eb4dcb-a317-ec11-b6e6-0022481a45b2,1013 - ab12 - 20/08/2021 12:00,,8/20/2021 12:00:00 PM,Inactive,Inactive,4,,ab12,1412555,,e4a22805-d5f7-eb11-94ee-0022481b485d,0585f1a4-5ff4-eb11-94ee-0022484053b4,,17160c5f-c4e0-4974-bf8c-54fc846f4b97
false,,false,9/18/2021 3:00:00 PM,,65e60200-9e17-ec11-b6e6-0022481a45b2,1 - BA61 - 18/09/2021 11:00,,9/18/2021 11:00:00 AM,Active,Active,4,,BA61,1412259,65338553-9d17-ec11-b6e6-0022481a45b2,e4a22805-d5f7-eb11-94ee-0022481b485d,c5f4151a-f5f5-eb11-94ee-0022484053b4,,
false,,false,9/18/2021 3:00:00 PM,,ef258cd1-9d17-ec11-b6e6-0022481a41e1,111 - BA61 - 18/09/2021 11:00,,9/18/2021 11:00:00 AM,Active,Active,4,,BA61,1412254,65338553-9d17-ec11-b6e6-0022481a45b2,e4a22805-d5f7-eb11-94ee-0022481b485d,2d85f1a4-5ff4-eb11-94ee-0022484053b4,,
false,,false,8/20/2021 3:00:00 PM,,6007db60-b501-ec11-94ef-0022481b4cd3,L002 - AD02 xyz - 20/08/2021 14:00,,8/20/2021 2:00:00 PM,Inactive,Inactive,4,,AD02 xyz,890041,ba06db60-b501-ec11-94ef-0022481b4cd3,e4a22805-d5f7-eb11-94ee-0022481b485d,eb84f1a4-5ff4-eb11-94ee-0022484053b4,882fe6ca-b401-ec11-94ef-0022481b4cd3,
false,,false,8/20/2021 3:00:00 PM,,a576a33e-b501-ec11-94ef-0022481b4f81,1013 - AB01 XYZ - 20/08/2021 14:00,,8/20/2021 2:00:00 PM,Active,Active,4,,AB01 XYZ,890016,,e4a22805-d5f7-eb11-94ee-0022481b485d,0585f1a4-5ff4-eb11-94ee-0022484053b4,882fe6ca-b401-ec11-94ef-0022481b4cd3,dd58c0e2-2021-4199-bf1e-7136ea3b6791
