wg_bookingstatus,wg_catering,wg_comments,wg_endtime,wg_endtimewithteardown,importsequencenumber,wg_meetingdescription,wg_meetingduration,wg_meetingslot,wg_numberofattendees,wg_parking,wg_porterstatus,wg_roombookingid,wg_starttime,wg_starttimewithsetup,statuscode,statecode,wg_testcalc,timezoneruleversionnumber,utcconversiontimezonecode,versionnumber,wg_event,wg_layout,owningbusinessunit,wg_room,wg_meetingowner.azureactivedirectoryobjectid
Booked,false,,3/31/2022 2:00:00 PM,,,Boardroom Test 6,,,5,false,Open,c188d582-74af-ec11-983f-000d3a0cf761,3/31/2022 10:00:00 AM,,Draft,Draft,,4,,3932614,,e9aa42cd-a2ae-ec11-983f-000d3a0cf3e3,e4a22805-d5f7-eb11-94ee-0022481b485d,0aea8513-484c-ec11-8f8e-000d3a0ce490,b3ac8ba7-8e0c-4a2f-a093-4dffab4bc77f
,false,,9/23/2021 4:00:00 PM,,,Another Test 9,,,5,false,,c357d4c6-7c1c-ec11-b6e7-0022481a8285,9/23/2021 12:00:00 PM,,Draft,Draft,,4,,3932146,,e72ba1cb-2849-ec11-8c62-000d3a0ccfb2,e4a22805-d5f7-eb11-94ee-0022481b485d,5279117e-59f4-eb11-94ee-0022484053b4,12c06424-d493-4767-a929-ee055608825c
Booked,false,,5/31/2022 2:00:00 PM,,,test  2,,,1,false,Open,f64f4bc6-3eb0-ec11-983f-000d3a0cf3e3,5/31/2022 10:00:00 AM,,Draft,Draft,,4,,3917023,,e9aa42cd-a2ae-ec11-983f-000d3a0cf3e3,e4a22805-d5f7-eb11-94ee-0022481b485d,0aea8513-484c-ec11-8f8e-000d3a0ce490,b3ac8ba7-8e0c-4a2f-a093-4dffab4bc77f
Booked,false,,5/22/2022 1:00:00 PM,,,test boardroom,,,1,false,Open,b40888c2-09b0-ec11-983f-000d3a0cf3e3,5/22/2022 10:00:00 AM,,Activated,Activated,,4,,3914818,,e9aa42cd-a2ae-ec11-983f-000d3a0cf3e3,e4a22805-d5f7-eb11-94ee-0022481b485d,0aea8513-484c-ec11-8f8e-000d3a0ce490,b3ac8ba7-8e0c-4a2f-a093-4dffab4bc77f
Booked,false,,5/7/2022 6:00:00 PM,,,test,,,1,false,Open,bb3476f3-4eb6-ec11-983f-00224800a5c7,5/7/2022 1:00:00 PM,,Activated,Activated,,4,,3914788,,e9aa42cd-a2ae-ec11-983f-000d3a0cf3e3,e4a22805-d5f7-eb11-94ee-0022481b485d,0aea8513-484c-ec11-8f8e-000d3a0ce490,b3ac8ba7-8e0c-4a2f-a093-4dffab4bc77f
Booked,false,,4/5/2022 1:00:00 PM,,,test,,,1,false,Open,80d15652-03b4-ec11-983f-00224800aab9,4/5/2022 10:00:00 AM,,Draft,Draft,,4,,3910954,,e72ba1cb-2849-ec11-8c62-000d3a0ccfb2,e4a22805-d5f7-eb11-94ee-0022481b485d,0aea8513-484c-ec11-8f8e-000d3a0ce490,b3ac8ba7-8e0c-4a2f-a093-4dffab4bc77f
Booked,false,,5/26/2022 11:00:00 AM,,,test caberet from search,,,1,false,Open,7a5b601f-3fb0-ec11-983f-000d3a0cf3e3,5/26/2022 10:00:00 AM,,Draft,Draft,,4,,3834230,,722cb523-8e48-ec11-8c62-000d3a0ccfb2,e4a22805-d5f7-eb11-94ee-0022481b485d,0aea8513-484c-ec11-8f8e-000d3a0ce490,b3ac8ba7-8e0c-4a2f-a093-4dffab4bc77f
Booked,false,,5/25/2022 12:00:00 PM,,,test freely added conference,,,1,false,Open,0c321a0f-3fb0-ec11-983f-000d3a0cf761,5/25/2022 10:00:00 AM,,Draft,Draft,,4,,3834228,,e72ba1cb-2849-ec11-8c62-000d3a0ccfb2,e4a22805-d5f7-eb11-94ee-0022481b485d,0aea8513-484c-ec11-8f8e-000d3a0ce490,b3ac8ba7-8e0c-4a2f-a093-4dffab4bc77f
Booked,false,,5/24/2022 6:00:00 PM,,,test cabaret,,,1,false,Open,d5cce0e7-3eb0-ec11-983f-000d3a0cf3e3,5/24/2022 9:00:00 AM,,Draft,Draft,,4,,3834226,,722cb523-8e48-ec11-8c62-000d3a0ccfb2,e4a22805-d5f7-eb11-94ee-0022481b485d,0aea8513-484c-ec11-8f8e-000d3a0ce490,b3ac8ba7-8e0c-4a2f-a093-4dffab4bc77f
Booked,false,,3/30/2022 2:00:00 PM,,,Cabaret from Booking Page Test,,,5,false,Open,4d73cc9b-75af-ec11-983f-000d3a0cf761,3/30/2022 8:00:00 AM,,Draft,Draft,,4,,3833687,,722cb523-8e48-ec11-8c62-000d3a0ccfb2,e4a22805-d5f7-eb11-94ee-0022481b485d,0aea8513-484c-ec11-8f8e-000d3a0ce490,b3ac8ba7-8e0c-4a2f-a093-4dffab4bc77f
Booked,false,,4/16/2022 4:30:00 PM,,,Test,,,12,false,Open,ab3840d2-1da9-ec11-9840-0022481ac8b6,4/16/2022 10:00:00 AM,,Draft,Draft,,4,,3707082,,,e4a22805-d5f7-eb11-94ee-0022481b485d,0aea8513-484c-ec11-8f8e-000d3a0ce490,12c06424-d493-4767-a929-ee055608825c
Booked,false,,3/17/2022 6:00:00 PM,,,test,,,1,false,Open,8b19d913-11a6-ec11-983f-0022481b9ad7,3/17/2022 5:30:00 PM,,Draft,Draft,,4,,3601194,,,e4a22805-d5f7-eb11-94ee-0022481b485d,6078c0db-5af4-eb11-94ef-00224840528a,f4e4668f-0e2d-461a-9025-24318cf55b85
Booked,false,,3/17/2022 4:30:00 PM,,,ddddd,,,3,false,Open,e82b1ca6-08a6-ec11-983f-0022481b9ad7,3/17/2022 4:00:00 PM,,Draft,Draft,,4,,3601151,,,e4a22805-d5f7-eb11-94ee-0022481b485d,6078c0db-5af4-eb11-94ef-00224840528a,f4e4668f-0e2d-461a-9025-24318cf55b85
Booked,false,,3/17/2022 4:30:00 PM,,,test,,,3,false,Open,0793ab74-08a6-ec11-983f-0022481b9ad7,3/17/2022 4:00:00 PM,,Draft,Draft,,4,,3601149,,,e4a22805-d5f7-eb11-94ee-0022481b485d,662680ee-5af4-eb11-94ef-00224840528a,f4e4668f-0e2d-461a-9025-24318cf55b85
Booked,false,,3/17/2022 4:30:00 PM,,,test,,,1,false,Open,ecd87bd6-07a6-ec11-983f-0022481b9ad7,3/17/2022 4:00:00 PM,,Activated,Activated,,4,,3601145,,,e4a22805-d5f7-eb11-94ee-0022481b485d,d0c50b9a-43f4-eb11-94ef-00224840528a,f4e4668f-0e2d-461a-9025-24318cf55b85
Booked,false,,12/3/2022 12:00:00 PM,,,test,,,1,false,Open,7bf1dd48-23a1-ec11-b400-0022481b09ec,12/3/2022 10:00:00 AM,,Draft,Draft,,4,,3483585,,,e4a22805-d5f7-eb11-94ee-0022481b485d,0aea8513-484c-ec11-8f8e-000d3a0ce490,b3ac8ba7-8e0c-4a2f-a093-4dffab4bc77f
Booked,false,,3/10/2022 3:00:00 PM,,,kjkl;jjkl;klj,,,4,false,Open,a292bc98-8b9f-ec11-b400-0022481b0511,3/10/2022 4:00:00 AM,,Draft,Draft,,4,,3411553,,,e4a22805-d5f7-eb11-94ee-0022481b485d,0aea8513-484c-ec11-8f8e-000d3a0ce490,b3ac8ba7-8e0c-4a2f-a093-4dffab4bc77f
Booked,false,,3/9/2022 2:00:00 PM,,,kghjkhghjkg,,,4,false,Open,76bd0e84-8b9f-ec11-b400-0022481b09ec,3/9/2022 1:00:00 PM,,Draft,Draft,,4,,3411550,,,e4a22805-d5f7-eb11-94ee-0022481b485d,0aea8513-484c-ec11-8f8e-000d3a0ce490,b3ac8ba7-8e0c-4a2f-a093-4dffab4bc77f
Booked,false,,3/9/2022 11:00:00 AM,,,fjgjhgghjf,,,4,false,Open,9830037a-8b9f-ec11-b400-0022481b0511,3/9/2022 10:00:00 AM,,Draft,Draft,,4,,3411548,,,e4a22805-d5f7-eb11-94ee-0022481b485d,0aea8513-484c-ec11-8f8e-000d3a0ce490,b3ac8ba7-8e0c-4a2f-a093-4dffab4bc77f
Booked,false,,1/29/2022 12:00:00 PM,,,test,,,1,false,Open,362af3c5-bf68-ec11-8943-000d3a86acbd,1/29/2022 10:00:00 AM,,Draft,Draft,,4,,3066195,,722cb523-8e48-ec11-8c62-000d3a0ccfb2,e4a22805-d5f7-eb11-94ee-0022481b485d,0aea8513-484c-ec11-8f8e-000d3a0ce490,b3ac8ba7-8e0c-4a2f-a093-4dffab4bc77f
Booked,false,,12/20/2021 10:00:00 PM,,,test,,,1,false,Open,67285790-b55d-ec11-8f8f-0022481aa883,12/20/2021 8:00:00 PM,,Activated,Activated,,4,,3036095,,,e4a22805-d5f7-eb11-94ee-0022481b485d,0aea8513-484c-ec11-8f8e-000d3a0ce490,b3ac8ba7-8e0c-4a2f-a093-4dffab4bc77f
Booked,false,,12/21/2021 5:00:00 PM,,,test 2-5,,,1,false,Open,ea772459-235c-ec11-8f8f-0022481aa883,12/21/2021 2:00:00 PM,,Activated,Activated,,4,,3036094,,,e4a22805-d5f7-eb11-94ee-0022481b485d,0aea8513-484c-ec11-8f8e-000d3a0ce490,b3ac8ba7-8e0c-4a2f-a093-4dffab4bc77f
Booked,false,,12/21/2021 5:00:00 PM,,,test 3-5,,,1,false,Open,cca11c2f-235c-ec11-8f8f-0022481aa883,12/21/2021 3:00:00 PM,,Activated,Activated,,4,,3036093,,,e4a22805-d5f7-eb11-94ee-0022481b485d,0aea8513-484c-ec11-8f8e-000d3a0ce490,b3ac8ba7-8e0c-4a2f-a093-4dffab4bc77f
Booked,false,,1/13/2022 1:00:00 PM,,,test,,,1,false,Open,222cd32e-ca72-ec11-8943-0022481aa3b5,1/13/2022 10:00:00 AM,,Draft,Draft,,4,,3036092,,,e4a22805-d5f7-eb11-94ee-0022481b485d,0aea8513-484c-ec11-8f8e-000d3a0ce490,b3ac8ba7-8e0c-4a2f-a093-4dffab4bc77f
Booked,false,,12/4/2021 5:00:00 PM,,,Test 9-5,,,8,false,Open,0c9610b4-6c53-ec11-8f8e-000d3a0ce557,12/4/2021 9:00:00 AM,,Activated,Activated,,4,,3036090,,,e4a22805-d5f7-eb11-94ee-0022481b485d,0aea8513-484c-ec11-8f8e-000d3a0ce490,b3ac8ba7-8e0c-4a2f-a093-4dffab4bc77f
Booked,false,,12/3/2021 7:00:00 PM,,,Test 11am-7pm,,,8,false,Open,9af69f6a-6c53-ec11-8f8e-000d3a0ce557,12/3/2021 11:00:00 AM,,Draft,Draft,,4,,3036089,,,e4a22805-d5f7-eb11-94ee-0022481b485d,0aea8513-484c-ec11-8f8e-000d3a0ce490,b3ac8ba7-8e0c-4a2f-a093-4dffab4bc77f
,false,,11/26/2021 12:00:00 PM,,,Media Training,,,1,false,Open,0e2b237a-e04d-ec11-8f8e-000d3a0ce557,11/26/2021 9:30:00 AM,,Draft,Draft,,4,,3036088,,,e4a22805-d5f7-eb11-94ee-0022481b485d,0aea8513-484c-ec11-8f8e-000d3a0ce490,b3ac8ba7-8e0c-4a2f-a093-4dffab4bc77f
,false,,11/26/2021 3:30:00 PM,,,Media Training,,,1,false,Open,6c8539a8-df4d-ec11-8f8e-000d3a0ce557,11/26/2021 12:30:00 PM,,Draft,Draft,,4,,3036087,,,e4a22805-d5f7-eb11-94ee-0022481b485d,0aea8513-484c-ec11-8f8e-000d3a0ce490,b3ac8ba7-8e0c-4a2f-a093-4dffab4bc77f
Booked,false,,12/2/2021 4:00:00 PM,,,Test 10:30-16:00,,,3,false,Open,f1755d8a-b752-ec11-8f8e-000d3a0ce490,12/2/2021 10:30:00 AM,,Draft,Draft,,4,,3036086,,,e4a22805-d5f7-eb11-94ee-0022481b485d,0aea8513-484c-ec11-8f8e-000d3a0ce490,b3ac8ba7-8e0c-4a2f-a093-4dffab4bc77f
Booked,false,,12/1/2021 12:00:00 PM,,,Test 10-12,,,1,false,Open,732ce91d-f951-ec11-8f8e-000d3a0ce490,12/1/2021 10:00:00 AM,,Draft,Draft,,4,,3036085,,,e4a22805-d5f7-eb11-94ee-0022481b485d,0aea8513-484c-ec11-8f8e-000d3a0ce490,b3ac8ba7-8e0c-4a2f-a093-4dffab4bc77f
Booked,false,,12/1/2021 2:00:00 PM,,,test noon-2pm,,,1,false,Open,3b8d9a15-8852-ec11-8f8e-000d3a0ce490,12/1/2021 12:00:00 PM,,Draft,Draft,,4,,3035206,,,e4a22805-d5f7-eb11-94ee-0022481b485d,697a117e-59f4-eb11-94ee-0022484053b4,b3ac8ba7-8e0c-4a2f-a093-4dffab4bc77f
,false,,11/25/2021 3:00:00 PM,,,Test 2,,,1,false,,2b9a5fb2-cc25-ec11-b6e6-000d3a0cc8f4,11/25/2021 1:30:00 PM,,Draft,Draft,,4,,3035205,,,e4a22805-d5f7-eb11-94ee-0022481b485d,be79117e-59f4-eb11-94ee-0022484053b4,12c06424-d493-4767-a929-ee055608825c
,false,,11/25/2021 10:00:00 AM,,,Test 1,,,1,false,,15fb123a-cc25-ec11-b6e6-000d3a0cc8f4,11/25/2021 9:30:00 AM,,Draft,Draft,,4,,3035204,,,e4a22805-d5f7-eb11-94ee-0022481b485d,be79117e-59f4-eb11-94ee-0022484053b4,12c06424-d493-4767-a929-ee055608825c
,false,,12/1/2021 1:00:00 PM,,,test 2,,,1,false,,c2e4abca-7b4b-ec11-8f8e-000d3a0ce557,12/1/2021 12:30:00 PM,,Draft,Draft,,4,,3035202,,,e4a22805-d5f7-eb11-94ee-0022481b485d,b879117e-59f4-eb11-94ee-0022484053b4,b3ac8ba7-8e0c-4a2f-a093-4dffab4bc77f
,false,,12/1/2021 12:00:00 PM,,,test 1,,,1,false,,52c5d58b-7b4b-ec11-8f8e-000d3a0ce490,12/1/2021 10:00:00 AM,,Draft,Draft,,4,,3035201,,,e4a22805-d5f7-eb11-94ee-0022481b485d,b879117e-59f4-eb11-94ee-0022484053b4,b3ac8ba7-8e0c-4a2f-a093-4dffab4bc77f
,false,,11/23/2021 8:00:00 PM,,,test,,,1,false,,411af66f-784b-ec11-8f8e-000d3a0ce490,11/23/2021 10:00:00 AM,,Draft,Draft,,4,,3035200,,,e4a22805-d5f7-eb11-94ee-0022481b485d,b879117e-59f4-eb11-94ee-0022484053b4,b3ac8ba7-8e0c-4a2f-a093-4dffab4bc77f
,false,,11/18/2021 2:30:00 PM,,,BI Pilot Meeting,,,1,false,,649ee9a0-aa47-ec11-8c62-000d3a0ccfb2,11/18/2021 11:30:00 AM,,Draft,Draft,,4,,3035199,,,e4a22805-d5f7-eb11-94ee-0022481b485d,b879117e-59f4-eb11-94ee-0022484053b4,b3ac8ba7-8e0c-4a2f-a093-4dffab4bc77f
,false,,11/30/2021 3:00:00 PM,,,Test 01,,,1,false,Open,cbda3458-e44d-ec11-8f8e-000d3a0ce490,11/30/2021 10:00:00 AM,,Draft,Draft,,4,,3035198,,,e4a22805-d5f7-eb11-94ee-0022481b485d,b079117e-59f4-eb11-94ee-0022484053b4,b3ac8ba7-8e0c-4a2f-a093-4dffab4bc77f
,false,,9/21/2021 12:00:00 PM,,,Test Booking,,,5,false,,b79460f2-db1a-ec11-b6e7-0022481a80d3,9/21/2021 10:00:00 AM,,Draft,Draft,,4,,3035197,,,e4a22805-d5f7-eb11-94ee-0022481b485d,8679117e-59f4-eb11-94ee-0022484053b4,12c06424-d493-4767-a929-ee055608825c
,false,,9/21/2021 12:00:00 PM,,,No Parking,,,5,false,,47fc60bb-c71a-ec11-b6e7-0022481a8285,9/21/2021 9:00:00 AM,,Draft,Draft,,4,,3035196,,,e4a22805-d5f7-eb11-94ee-0022481b485d,8479117e-59f4-eb11-94ee-0022484053b4,12c06424-d493-4767-a929-ee055608825c
,false,Another Test,8/20/2021 3:00:00 PM,,,Phil A Test,,,2,true,,882fe6ca-b401-ec11-94ef-0022481b4cd3,8/20/2021 2:00:00 PM,,Activated,Activated,,4,,3035191,,,e4a22805-d5f7-eb11-94ee-0022481b485d,7279117e-59f4-eb11-94ee-0022484053b4,17160c5f-c4e0-4974-bf8c-54fc846f4b97
,false,,9/23/2021 4:00:00 PM,,,Test Reset on Book,,,3,false,,39d37174-7c1c-ec11-b6e7-0022481a80d3,9/23/2021 1:00:00 PM,,Draft,Draft,,4,,3035190,,,e4a22805-d5f7-eb11-94ee-0022481b485d,7079117e-59f4-eb11-94ee-0022484053b4,12c06424-d493-4767-a929-ee055608825c
,false,,9/28/2021 7:00:00 PM,,,Test - Booking by Room,,,1,false,,54ca7b85-7120-ec11-b6e6-000d3a0cd753,9/28/2021 7:00:00 AM,,Activated,Activated,,4,,3035189,,,e4a22805-d5f7-eb11-94ee-0022481b485d,6e79117e-59f4-eb11-94ee-0022484053b4,12c06424-d493-4767-a929-ee055608825c
,false,,9/23/2021 11:00:00 AM,,,Test Rest Control,,,3,false,,dc54ce9a-761c-ec11-b6e7-0022481a80d3,9/23/2021 8:00:00 AM,,Draft,Draft,,4,,3035188,,,e4a22805-d5f7-eb11-94ee-0022481b485d,6c79117e-59f4-eb11-94ee-0022484053b4,12c06424-d493-4767-a929-ee055608825c
,false,,9/21/2021 2:00:00 PM,,,Test Remove Parking,,,3,false,,6a1b3437-121a-ec11-b6e7-0022481a80d3,9/21/2021 9:00:00 AM,,Draft,Draft,,4,,3035187,,,e4a22805-d5f7-eb11-94ee-0022481b485d,6c79117e-59f4-eb11-94ee-0022484053b4,12c06424-d493-4767-a929-ee055608825c
Booked,false,,12/1/2021 3:00:00 PM,,,Test 12-15,,,1,false,Open,21854a6c-fa51-ec11-8f8e-000d3a0ce490,12/1/2021 12:00:00 PM,,Draft,Draft,,4,,3035186,,,e4a22805-d5f7-eb11-94ee-0022481b485d,6c79117e-59f4-eb11-94ee-0022484053b4,b3ac8ba7-8e0c-4a2f-a093-4dffab4bc77f
,false,,9/28/2021 5:00:00 PM,,,Test - Booking by Room,,,2,false,,147c8098-7120-ec11-b6e6-000d3a0cd753,9/28/2021 4:00:00 PM,,Activated,Activated,,4,,3035184,,,e4a22805-d5f7-eb11-94ee-0022481b485d,6c79117e-59f4-eb11-94ee-0022484053b4,12c06424-d493-4767-a929-ee055608825c
,false,,9/28/2021 2:00:00 PM,,,Test,,,1,false,,5162d91d-6820-ec11-b6e6-000d3a0cd753,9/28/2021 12:00:00 PM,,Draft,Draft,,4,,3035183,,,e4a22805-d5f7-eb11-94ee-0022481b485d,6c79117e-59f4-eb11-94ee-0022484053b4,12c06424-d493-4767-a929-ee055608825c
,false,,9/28/2021 5:00:00 PM,,,Test - Booking By Room,,,2,false,,439cd3dd-7120-ec11-b6e6-000d3a0cd29f,9/28/2021 3:30:00 PM,,Activated,Activated,,4,,3035182,,,e4a22805-d5f7-eb11-94ee-0022481b485d,6c79117e-59f4-eb11-94ee-0022484053b4,12c06424-d493-4767-a929-ee055608825c
,false,,9/28/2021 10:00:00 AM,,,Test,,,2,false,,1bbbdf0f-6820-ec11-b6e6-000d3a0cd29f,9/28/2021 7:00:00 AM,,Draft,Draft,,4,,3035181,,,e4a22805-d5f7-eb11-94ee-0022481b485d,6c79117e-59f4-eb11-94ee-0022484053b4,12c06424-d493-4767-a929-ee055608825c
,false,,10/7/2021 7:00:00 PM,,,Test 2,,,1,false,,b552666c-7e26-ec11-b6e6-000d3a0cc8f4,10/7/2021 1:30:00 PM,,Draft,Draft,,4,,3035180,,,e4a22805-d5f7-eb11-94ee-0022481b485d,6c79117e-59f4-eb11-94ee-0022484053b4,12c06424-d493-4767-a929-ee055608825c
,false,,10/6/2021 10:00:00 AM,,,Booking 1,,,1,false,,cad4768c-ca25-ec11-b6e6-000d3a0cc8f4,10/6/2021 9:30:00 AM,,Draft,Draft,,4,,3035179,,,e4a22805-d5f7-eb11-94ee-0022481b485d,6c79117e-59f4-eb11-94ee-0022484053b4,12c06424-d493-4767-a929-ee055608825c
,false,,10/4/2021 7:00:00 PM,,,Test,,,1,false,,ef9190ef-2125-ec11-b6e6-000d3a0cc8f4,10/4/2021 4:30:00 PM,,Draft,Draft,,4,,3035178,,,e4a22805-d5f7-eb11-94ee-0022481b485d,6c79117e-59f4-eb11-94ee-0022484053b4,12c06424-d493-4767-a929-ee055608825c
,false,,10/7/2021 10:30:00 AM,,,Test 1,,,1,false,,e78e3959-7e26-ec11-b6e6-000d3a0cc6af,10/7/2021 9:00:00 AM,,Draft,Draft,,4,,3035177,,,e4a22805-d5f7-eb11-94ee-0022481b485d,6c79117e-59f4-eb11-94ee-0022484053b4,12c06424-d493-4767-a929-ee055608825c
,false,,10/6/2021 3:00:00 PM,,,Booking 3,,,1,false,,2f77a1a0-ca25-ec11-b6e6-000d3a0cc6af,10/6/2021 1:30:00 PM,,Draft,Draft,,4,,3035176,,,e4a22805-d5f7-eb11-94ee-0022481b485d,6c79117e-59f4-eb11-94ee-0022484053b4,12c06424-d493-4767-a929-ee055608825c
,false,,10/4/2021 4:00:00 PM,,,Test Booking,,,1,false,,11c44698-1225-ec11-b6e6-000d3a0cc6af,10/4/2021 3:00:00 PM,,Draft,Draft,,4,,3035174,,,e4a22805-d5f7-eb11-94ee-0022481b485d,6c79117e-59f4-eb11-94ee-0022484053b4,12c06424-d493-4767-a929-ee055608825c
,false,,9/30/2021 12:00:00 PM,,,Test View My Bookings,,,1,false,,69b788ae-cd21-ec11-b6e6-0022481a70f1,9/30/2021 10:30:00 AM,,Activated,Activated,,4,,3035173,,,e4a22805-d5f7-eb11-94ee-0022481b485d,6a79117e-59f4-eb11-94ee-0022484053b4,12c06424-d493-4767-a929-ee055608825c
Booked,false,,12/1/2021 2:00:00 PM,,,Test 12-2pm,,,1,false,Open,4a9082a8-8752-ec11-8f8e-000d3a0ce490,12/1/2021 12:00:00 PM,,Draft,Draft,,4,,3035171,,,e4a22805-d5f7-eb11-94ee-0022481b485d,6a79117e-59f4-eb11-94ee-0022484053b4,b3ac8ba7-8e0c-4a2f-a093-4dffab4bc77f
Booked,false,,1/13/2022 6:00:00 PM,,,test,,,1,false,Open,c3b00f34-e372-ec11-8943-0022481aa3b5,1/13/2022 5:00:00 PM,,Draft,Draft,,4,,3035170,,,e4a22805-d5f7-eb11-94ee-0022481b485d,0f4564b4-2472-ec11-8943-0022481aa3b5,b3ac8ba7-8e0c-4a2f-a093-4dffab4bc77f
Booked,false,,12/16/2021 10:00:00 PM,,,test,,,1,false,Open,e929f969-765e-ec11-8f8f-0022481aa883,12/16/2021 7:30:00 PM,,Draft,Draft,,4,,2548147,,,e4a22805-d5f7-eb11-94ee-0022481b485d,cf7a117e-59f4-eb11-94ee-0022484053b4,b3ac8ba7-8e0c-4a2f-a093-4dffab4bc77f
,false,,11/5/2021 8:00:00 PM,,,Test,,,1,false,,bad4414b-4228-ec11-b6e6-000d3a0cc6af,11/12/2021 5:00:00 PM,,Draft,Draft,,4,,2036693,,,e4a22805-d5f7-eb11-94ee-0022481b485d,2e79117e-59f4-eb11-94ee-0022484053b4,b3ac8ba7-8e0c-4a2f-a093-4dffab4bc77f
,false,,10/13/2021 6:00:00 PM,,,test for overlaps and time zone 2,,,1,false,,1328c850-312c-ec11-b6e6-0022481acd83,10/13/2021 5:30:00 PM,,Draft,Draft,,4,,1792550,,,e4a22805-d5f7-eb11-94ee-0022481b485d,b1d953ff-f8ff-eb11-94ef-000d3ad67e62,b3ac8ba7-8e0c-4a2f-a093-4dffab4bc77f
,false,,10/13/2021 5:00:00 PM,,,Test for overlaps and time zone,,,1,false,,56a72d32-312c-ec11-b6e6-0022481ac388,10/13/2021 4:30:00 PM,,Draft,Draft,,4,,1792539,,,e4a22805-d5f7-eb11-94ee-0022481b485d,b1d953ff-f8ff-eb11-94ef-000d3ad67e62,b3ac8ba7-8e0c-4a2f-a093-4dffab4bc77f
,false,,10/13/2021 4:00:00 PM,,,test book by room,,,1,false,,c55e5d5a-162c-ec11-b6e6-0022481acd83,10/13/2021 3:00:00 PM,,Draft,Draft,,4,,1792234,,,e4a22805-d5f7-eb11-94ee-0022481b485d,b1d953ff-f8ff-eb11-94ef-000d3ad67e62,b3ac8ba7-8e0c-4a2f-a093-4dffab4bc77f
,false,,11/1/2021 7:00:00 PM,,,Test 2,,,1,false,,82726a9e-ad26-ec11-b6e6-000d3a0cc8f4,11/1/2021 1:30:00 PM,,Draft,Draft,,4,,1691786,,,e4a22805-d5f7-eb11-94ee-0022481b485d,b1d953ff-f8ff-eb11-94ef-000d3ad67e62,12c06424-d493-4767-a929-ee055608825c
,false,,11/1/2021 10:30:00 AM,,,Test 1,,,1,false,,048a888f-ad26-ec11-b6e6-000d3a0cc8f4,11/1/2021 7:00:00 AM,,Draft,Draft,,4,,1691778,,,e4a22805-d5f7-eb11-94ee-0022481b485d,b1d953ff-f8ff-eb11-94ef-000d3ad67e62,12c06424-d493-4767-a929-ee055608825c
,false,,9/30/2021 4:00:00 PM,,,Test 2,,,1,false,,3d9b5dbd-d721-ec11-b6e6-0022481a70f1,9/30/2021 2:00:00 PM,,Activated,Activated,,4,,1626581,,,e4a22805-d5f7-eb11-94ee-0022481b485d,41d56115-f9ff-eb11-94ef-000d3ad67e62,12c06424-d493-4767-a929-ee055608825c
,false,,9/30/2021 4:00:00 PM,,,Test 3,,,1,false,,23568ccb-d721-ec11-b6e6-0022481a7e65,9/30/2021 2:00:00 PM,,Draft,Draft,,4,,1626579,,,e4a22805-d5f7-eb11-94ee-0022481b485d,369266a6-44f4-eb11-94ee-0022484057f2,12c06424-d493-4767-a929-ee055608825c
,false,,9/30/2021 4:00:00 PM,,,Test 1,,,1,false,,979c38b1-d721-ec11-b6e6-0022481a70f1,9/30/2021 2:00:00 PM,,Draft,Draft,,4,,1626575,,,e4a22805-d5f7-eb11-94ee-0022481b485d,b1d953ff-f8ff-eb11-94ef-000d3ad67e62,12c06424-d493-4767-a929-ee055608825c
,false,,9/30/2021 7:00:00 PM,,,Test 3,,,1,false,,b45d0496-d721-ec11-b6e6-0022481a70f1,9/30/2021 7:00:00 AM,,Draft,Draft,,4,,1626572,,,e4a22805-d5f7-eb11-94ee-0022481b485d,349266a6-44f4-eb11-94ee-0022484057f2,12c06424-d493-4767-a929-ee055608825c
,false,,9/30/2021 7:00:00 PM,,,Test 2,,,1,false,,515d0496-d721-ec11-b6e6-0022481a70f1,9/30/2021 7:00:00 AM,,Draft,Draft,,4,,1626570,,,e4a22805-d5f7-eb11-94ee-0022481b485d,d0c50b9a-43f4-eb11-94ef-00224840528a,12c06424-d493-4767-a929-ee055608825c
,false,,9/30/2021 9:00:00 AM,,,Test,,,1,false,,eb717c8d-d721-ec11-b6e6-0022481a70f1,9/30/2021 7:00:00 AM,,Draft,Draft,,4,,1626569,,,e4a22805-d5f7-eb11-94ee-0022481b485d,b1d953ff-f8ff-eb11-94ef-000d3ad67e62,12c06424-d493-4767-a929-ee055608825c
,false,,9/23/2021 1:00:00 PM,,,Test Meeting,,,3,false,,f0625ca8-7b1c-ec11-b6e7-0022481a80d3,9/23/2021 8:00:00 AM,,Draft,Draft,,4,,1487677,,,e4a22805-d5f7-eb11-94ee-0022481b485d,b1d953ff-f8ff-eb11-94ef-000d3ad67e62,12c06424-d493-4767-a929-ee055608825c
,false,test,8/20/2021 9:00:00 AM,,,chris test,,,2,false,,b45ad194-a901-ec11-94ef-0022481b4cd3,8/20/2021 8:00:00 AM,,Activated,Activated,,4,,1412553,,,e4a22805-d5f7-eb11-94ee-0022481b485d,41d56115-f9ff-eb11-94ef-000d3ad67e62,17160c5f-c4e0-4974-bf8c-54fc846f4b97
