wg_capacity,importsequencenumber,wg_name,wg_requiredcleardowntimeminutes,wg_requiredsetuptimeminutes,wg_roomlayoutid,statuscode,statecode,timezoneruleversionnumber,utcconversiontimezonecode,versionnumber,wg_welshname,owningbusinessunit,wg_room
6,,Boardroom,30,30,110128fb-f6b0-ec11-983f-000d3a0cf761,Active,Active,,,3834660,Boardroom,e4a22805-d5f7-eb11-94ee-0022481b485d,6479117e-59f4-eb11-94ee-0022484053b4
6,,Boardroom,30,30,83d59cca-f6b0-ec11-983f-000d3a0cf761,Active,Active,,,3834657,Boardroom,e4a22805-d5f7-eb11-94ee-0022481b485d,5679117e-59f4-eb11-94ee-0022484053b4
20,,Boardroom,30,30,3b6dcfbc-f6b0-ec11-983f-000d3a0cf761,Active,Active,,,3834656,Boardroom,e4a22805-d5f7-eb11-94ee-0022481b485d,5479117e-59f4-eb11-94ee-0022484053b4
30,,Caberet,30,30,9d3043ae-f6b0-ec11-983f-000d3a0cf761,Active,Active,,,3834654,Caberet,e4a22805-d5f7-eb11-94ee-0022481b485d,5279117e-59f4-eb11-94ee-0022484053b4
40,,Theatre,30,30,d7bae69f-f6b0-ec11-983f-000d3a0cf761,Active,Active,,,3834652,Theatre,e4a22805-d5f7-eb11-94ee-0022481b485d,5279117e-59f4-eb11-94ee-0022484053b4
30,,Boardroom,30,30,8e7ff396-f6b0-ec11-983f-000d3a0cf761,Active,Active,,,3834650,Boardroom,e4a22805-d5f7-eb11-94ee-0022481b485d,5279117e-59f4-eb11-94ee-0022484053b4
10,,Boardroom,30,30,b06a0971-f5b0-ec11-983f-000d3a0cf761,Active,Active,,,3834647,Boardroom,e4a22805-d5f7-eb11-94ee-0022481b485d,ca79117e-59f4-eb11-94ee-0022484053b4
10,,Boardroom,30,30,e3d44d67-f5b0-ec11-983f-000d3a0cf761,Active,Active,,,3834645,Boardroom,e4a22805-d5f7-eb11-94ee-0022481b485d,c879117e-59f4-eb11-94ee-0022484053b4
6,,Boardroom,30,30,c926455e-f5b0-ec11-983f-000d3a0cf761,Active,Active,,,3834643,Boardroom,e4a22805-d5f7-eb11-94ee-0022481b485d,c679117e-59f4-eb11-94ee-0022484053b4
10,,Boardroom,30,30,179c2c4c-f5b0-ec11-983f-000d3a0cf761,Active,Active,,,3834641,Boardroom,e4a22805-d5f7-eb11-94ee-0022481b485d,c279117e-59f4-eb11-94ee-0022484053b4
10,,Boardroom,30,30,f8f33146-f5b0-ec11-983f-000d3a0cf761,Active,Active,,,3834639,Boardroom,e4a22805-d5f7-eb11-94ee-0022481b485d,c079117e-59f4-eb11-94ee-0022484053b4
22,,Boardroom,30,30,651d0e36-f5b0-ec11-983f-000d3a0cf761,Active,Active,,,3834637,Boardroom,e4a22805-d5f7-eb11-94ee-0022481b485d,be79117e-59f4-eb11-94ee-0022484053b4
18,,Boardroom,30,30,4982f722-f0b0-ec11-983f-000d3a0cf761,Active,Active,,,3834633,Boardroom,e4a22805-d5f7-eb11-94ee-0022481b485d,0f4564b4-2472-ec11-8943-0022481aa3b5
24,,Cabaret,30,30,78f2457c-efb0-ec11-983f-000d3a0cf761,Active,Active,,,3834629,Cabaret,e4a22805-d5f7-eb11-94ee-0022481b485d,a679117e-59f4-eb11-94ee-0022484053b4
70,,Theatre,30,30,230e3176-efb0-ec11-983f-000d3a0cf761,Active,Active,,,3834627,Theatre,e4a22805-d5f7-eb11-94ee-0022481b485d,a679117e-59f4-eb11-94ee-0022484053b4
28,,Boardroom,30,30,957bf364-efb0-ec11-983f-000d3a0cf761,Active,Active,,,3834625,Boardroom,e4a22805-d5f7-eb11-94ee-0022481b485d,a679117e-59f4-eb11-94ee-0022484053b4
8,,Boardroom,30,30,433cb856-efb0-ec11-983f-000d3a0cf761,Active,Active,,,3834621,Boardroom,e4a22805-d5f7-eb11-94ee-0022481b485d,a279117e-59f4-eb11-94ee-0022484053b4
3,,Boardroom,30,30,14879575-eeb0-ec11-983f-000d3a0cf761,Active,Active,,,3834618,Boardroom,e4a22805-d5f7-eb11-94ee-0022481b485d,9a79117e-59f4-eb11-94ee-0022484053b4
3,,Boardroom,30,30,2f50b564-eeb0-ec11-983f-000d3a0cf761,Active,Active,,,3834616,Boardroom,e4a22805-d5f7-eb11-94ee-0022481b485d,9879117e-59f4-eb11-94ee-0022484053b4
6,,Boardroom,30,30,36009e56-eeb0-ec11-983f-000d3a0cf761,Active,Active,,,3834614,Boardroom,e4a22805-d5f7-eb11-94ee-0022481b485d,9679117e-59f4-eb11-94ee-0022484053b4
8,,Boardroom,30,30,9a1aeed1-edb0-ec11-983f-000d3a0cf761,Active,Active,,,3834612,Boardroom,e4a22805-d5f7-eb11-94ee-0022481b485d,9479117e-59f4-eb11-94ee-0022484053b4
8,,Boardroom,30,30,118a52c4-edb0-ec11-983f-000d3a0cf761,Active,Active,,,3834609,Boardroom,e4a22805-d5f7-eb11-94ee-0022481b485d,9279117e-59f4-eb11-94ee-0022484053b4
16,,Boardroom,30,30,9075ce3d-e8b0-ec11-983f-000d3a0cf761,Active,Active,,,3834597,Boardroom,e4a22805-d5f7-eb11-94ee-0022481b485d,9079117e-59f4-eb11-94ee-0022484053b4
14,,Boardroom,30,30,310dc631-e8b0-ec11-983f-000d3a0cf761,Active,Active,,,3834595,Boardroom,e4a22805-d5f7-eb11-94ee-0022481b485d,8e79117e-59f4-eb11-94ee-0022484053b4
8,,Boardroom,30,30,2fe77723-e8b0-ec11-983f-000d3a0cf761,Active,Active,,,3834593,Boardroom,e4a22805-d5f7-eb11-94ee-0022481b485d,8c79117e-59f4-eb11-94ee-0022484053b4
8,,Boardroom,30,30,ed281816-e8b0-ec11-983f-000d3a0cf761,Active,Active,,,3834591,Boardroom,e4a22805-d5f7-eb11-94ee-0022481b485d,8a79117e-59f4-eb11-94ee-0022484053b4
5,,Boardroom,30,30,e44eae05-a3ae-ec11-983f-000d3a0cf3e3,Active,Active,,,3830051,Boardroom,e4a22805-d5f7-eb11-94ee-0022481b485d,5279117e-59f4-eb11-94ee-0022484053b4
5,,Conference,30,30,e72ba1cb-2849-ec11-8c62-000d3a0ccfb2,Active,Active,,,3830049,Conference,e4a22805-d5f7-eb11-94ee-0022481b485d,0aea8513-484c-ec11-8f8e-000d3a0ce490
5,,Cabaret,45,45,722cb523-8e48-ec11-8c62-000d3a0ccfb2,Active,Active,,,3830045,Cabaret,e4a22805-d5f7-eb11-94ee-0022481b485d,0aea8513-484c-ec11-8f8e-000d3a0ce490
5,,Boardroom,30,30,e9aa42cd-a2ae-ec11-983f-000d3a0cf3e3,Active,Active,,,3830042,Boardroom,e4a22805-d5f7-eb11-94ee-0022481b485d,0aea8513-484c-ec11-8f8e-000d3a0ce490
