<ImportExportXml xmlns:xsi="http://www.w3.org/2001/XMLSchema-instance">
  <Entities></Entities>
  <Roles></Roles>
  <Workflows></Workflows>
  <FieldSecurityProfiles></FieldSecurityProfiles>
  <Templates />
  <EntityMaps />
  <EntityRelationships />
  <OrganizationSettings />
  <optionsets />
  <CustomControls />
  <AppModuleSiteMaps>
    <AppModuleSiteMap>
      <SiteMapUniqueName>cr03a_RoomBookingsMDA</SiteMapUniqueName>
      <EnableCollapsibleGroups>False</EnableCollapsibleGroups>
      <ShowHome>True</ShowHome>
      <ShowPinned>True</ShowPinned>
      <ShowRecents>True</ShowRecents>
      <SiteMap IntroducedVersion="7.0.0.0">
        <Area Id="tisski_configurations" ResourceId="SitemapDesigner.NewArea" DescriptionResourceId="SitemapDesigner.NewArea" ShowGroups="true" IntroducedVersion="7.0.0.0">
          <Titles>
            <Title LCID="1033" Title="Bookings" />
          </Titles>
          <Group Id="New_Group" ResourceId="SitemapDesigner.NewGroup" DescriptionResourceId="SitemapDesigner.NewGroup" IntroducedVersion="7.0.0.0" IsProfile="false" ToolTipResourseId="SitemapDesigner.Unknown">
            <Titles>
              <Title LCID="1033" Title="Room Booking" />
            </Titles>
            <SubArea Id="New_SubArea" IntroducedVersion="7.0.0.0" Entity="wg_facility" Client="All,Outlook,OutlookLaptopClient,OutlookWorkstationClient,Web" AvailableOffline="true" PassParams="false" Sku="All,OnPremise,Live,SPLA" />
            <SubArea Id="NewSubArea_d91908f8" Entity="wg_meetingroom" Client="All,Outlook,OutlookLaptopClient,OutlookWorkstationClient,Web" AvailableOffline="true" PassParams="false" Sku="All,OnPremise,Live,SPLA" />
            <SubArea Id="NewSubArea_8ab43659" Entity="wg_roombooking" Client="All,Outlook,OutlookLaptopClient,OutlookWorkstationClient,Web" AvailableOffline="true" PassParams="false" Sku="All,OnPremise,Live,SPLA" />
            <SubArea Id="SA_RoomLayouts" Entity="wg_roomlayout" Client="All,Outlook,OutlookLaptopClient,OutlookWorkstationClient,Web" AvailableOffline="true" PassParams="false" Sku="All,OnPremise,Live,SPLA" />
          </Group>
          <Group Id="NewGroup_c4f7dc4e" ResourceId="SitemapDesigner.NewGroup" IsProfile="false" ToolTipResourseId="SitemapDesigner.Unknown">
            <Titles>
              <Title LCID="1033" Title="Parking Booking" />
            </Titles>
            <SubArea Id="NewSubArea_295a3b9" Entity="wg_carparkingspace" Client="All,Outlook,OutlookLaptopClient,OutlookWorkstationClient,Web" AvailableOffline="true" PassParams="false" Sku="All,OnPremise,Live,SPLA" />
            <SubArea Id="NewSubArea_2b2f2225" Entity="wg_parkingbooking" Client="All,Outlook,OutlookLaptopClient,OutlookWorkstationClient,Web" AvailableOffline="true" PassParams="false" Sku="All,OnPremise,Live,SPLA" />
          </Group>
        </Area>
        <Area Id="NewArea_240adf19" ResourceId="SitemapDesigner.NewArea" ShowGroups="false">
          <Titles>
            <Title LCID="1033" Title="Porters" />
          </Titles>
          <Group Id="NewGroup_a9b30c44" ResourceId="SitemapDesigner.NewGroup" IsProfile="false" ToolTipResourseId="SitemapDesigner.Unknown">
            <Titles>
              <Title LCID="1033" Title="Jobs" />
            </Titles>
            <SubArea Id="NewSubArea_a43fd218" Icon="/_imgs/imagestrips/transparent_spacer.gif" Entity="wg_porterjob" Client="All,Outlook,OutlookLaptopClient,OutlookWorkstationClient,Web" AvailableOffline="true" PassParams="false" Sku="All,OnPremise,Live,SPLA" />
          </Group>
        </Area>
        <Area Id="Area_Configurations" ResourceId="SitemapDesigner.NewArea" VectorIcon="/WebResources/AppCommon/ControlWS/HeaderIconImages/ServiceConfig.svg" Icon="/WebResources/AppCommon/ControlWS/HeaderIconImages/ServiceConfig.svg" ShowGroups="false">
          <Titles>
            <Title LCID="1033" Title="Configurations" />
          </Titles>
          <Group Id="tisski_languague_translations" ResourceId="SitemapDesigner.NewGroup" IsProfile="false" ToolTipResourseId="SitemapDesigner.Unknown">
            <Titles>
              <Title LCID="1033" Title="Language Translations" />
            </Titles>
            <SubArea Id="tisski_languague_translation_table" Entity="wg_languagetranslations" Client="All,Outlook,OutlookLaptopClient,OutlookWorkstationClient,Web" AvailableOffline="true" PassParams="false" Sku="All,OnPremise,Live,SPLA" />
          </Group>
        </Area>
      </SiteMap>
      <LocalizedNames>
        <LocalizedName description="Room Bookings MDA" languagecode="1033" />
      </LocalizedNames>
    </AppModuleSiteMap>
  </AppModuleSiteMaps>
  <AppModules>
    <AppModule>
      <UniqueName>cr03a_RoomBookingsMDA</UniqueName>
      <IntroducedVersion>1.0.0.0</IntroducedVersion>
      <WebResourceId>953b9fac-1e5e-e611-80d6-00155ded156f</WebResourceId>
      <OptimizedFor></OptimizedFor>
      <statecode>0</statecode>
      <statuscode>1</statuscode>
      <FormFactor>1</FormFactor>
      <ClientType>4</ClientType>
      <NavigationType>0</NavigationType>
      <AppModuleComponents>
        <AppModuleComponent type="62" schemaName="cr03a_RoomBookingsMDA" />
        <AppModuleComponent type="1" schemaName="wg_carparkingspace" />
        <AppModuleComponent type="1" schemaName="wg_facility" />
        <AppModuleComponent type="1" schemaName="wg_languagetranslations" />
        <AppModuleComponent type="1" schemaName="wg_meetingroom" />
        <AppModuleComponent type="1" schemaName="wg_parkingbooking" />
        <AppModuleComponent type="1" schemaName="wg_porterjob" />
        <AppModuleComponent type="1" schemaName="wg_roombooking" />
        <AppModuleComponent type="1" schemaName="wg_roomlayout" />
      </AppModuleComponents>
      <AppModuleRoleMaps>
        <Role id="{627090ff-40a3-4053-8790-584edc5be201}" />
        <Role id="{119f245c-3cc8-4b62-b31c-d1a046ced15d}" />
      </AppModuleRoleMaps>
      <LocalizedNames>
        <LocalizedName description="Room Bookings MDA" languagecode="1033" />
      </LocalizedNames>
    </AppModule>
  </AppModules>
  <EntityDataProviders />
  <Languages>
    <Language>1033</Language>
  </Languages>
</ImportExportXml>