<ImportExportXml version="9.2.22044.139" SolutionPackageVersion="9.2" languagecode="1033" generatedBy="CrmLive" xmlns:xsi="http://www.w3.org/2001/XMLSchema-instance">
  <SolutionManifest>
    <UniqueName>ModelDrivenApp</UniqueName>
    <LocalizedNames>
      <LocalizedName description="040 - Model Driven App" languagecode="1033" />
    </LocalizedNames>
    <Descriptions />
    <Version>1.0.0.20</Version>
    <Managed>0</Managed>
    <Publisher>
      <UniqueName>Tisski</UniqueName>
      <LocalizedNames>
        <LocalizedName description="Tisski" languagecode="1033" />
      </LocalizedNames>
      <Descriptions />
      <EMailAddress xsi:nil="true"></EMailAddress>
      <SupportingWebsiteUrl xsi:nil="true"></SupportingWebsiteUrl>
      <CustomizationPrefix>tisski</CustomizationPrefix>
      <CustomizationOptionValuePrefix>10000</CustomizationOptionValuePrefix>
      <Addresses>
        <Address>
          <AddressNumber>1</AddressNumber>
          <AddressTypeCode>1</AddressTypeCode>
          <City xsi:nil="true"></City>
          <County xsi:nil="true"></County>
          <Country xsi:nil="true"></Country>
          <Fax xsi:nil="true"></Fax>
          <FreightTermsCode xsi:nil="true"></FreightTermsCode>
          <ImportSequenceNumber xsi:nil="true"></ImportSequenceNumber>
          <Latitude xsi:nil="true"></Latitude>
          <Line1 xsi:nil="true"></Line1>
          <Line2 xsi:nil="true"></Line2>
          <Line3 xsi:nil="true"></Line3>
          <Longitude xsi:nil="true"></Longitude>
          <Name xsi:nil="true"></Name>
          <PostalCode xsi:nil="true"></PostalCode>
          <PostOfficeBox xsi:nil="true"></PostOfficeBox>
          <PrimaryContactName xsi:nil="true"></PrimaryContactName>
          <ShippingMethodCode>1</ShippingMethodCode>
          <StateOrProvince xsi:nil="true"></StateOrProvince>
          <Telephone1 xsi:nil="true"></Telephone1>
          <Telephone2 xsi:nil="true"></Telephone2>
          <Telephone3 xsi:nil="true"></Telephone3>
          <TimeZoneRuleVersionNumber xsi:nil="true"></TimeZoneRuleVersionNumber>
          <UPSZone xsi:nil="true"></UPSZone>
          <UTCOffset xsi:nil="true"></UTCOffset>
          <UTCConversionTimeZoneCode xsi:nil="true"></UTCConversionTimeZoneCode>
        </Address>
        <Address>
          <AddressNumber>2</AddressNumber>
          <AddressTypeCode>1</AddressTypeCode>
          <City xsi:nil="true"></City>
          <County xsi:nil="true"></County>
          <Country xsi:nil="true"></Country>
          <Fax xsi:nil="true"></Fax>
          <FreightTermsCode xsi:nil="true"></FreightTermsCode>
          <ImportSequenceNumber xsi:nil="true"></ImportSequenceNumber>
          <Latitude xsi:nil="true"></Latitude>
          <Line1 xsi:nil="true"></Line1>
          <Line2 xsi:nil="true"></Line2>
          <Line3 xsi:nil="true"></Line3>
          <Longitude xsi:nil="true"></Longitude>
          <Name xsi:nil="true"></Name>
          <PostalCode xsi:nil="true"></PostalCode>
          <PostOfficeBox xsi:nil="true"></PostOfficeBox>
          <PrimaryContactName xsi:nil="true"></PrimaryContactName>
          <ShippingMethodCode>1</ShippingMethodCode>
          <StateOrProvince xsi:nil="true"></StateOrProvince>
          <Telephone1 xsi:nil="true"></Telephone1>
          <Telephone2 xsi:nil="true"></Telephone2>
          <Telephone3 xsi:nil="true"></Telephone3>
          <TimeZoneRuleVersionNumber xsi:nil="true"></TimeZoneRuleVersionNumber>
          <UPSZone xsi:nil="true"></UPSZone>
          <UTCOffset xsi:nil="true"></UTCOffset>
          <UTCConversionTimeZoneCode xsi:nil="true"></UTCConversionTimeZoneCode>
        </Address>
      </Addresses>
    </Publisher>
    <RootComponents>
      <RootComponent type="62" schemaName="cr03a_RoomBookingsMDA" behavior="0" />
      <RootComponent type="80" schemaName="cr03a_RoomBookingsMDA" behavior="0" />
    </RootComponents>
    <MissingDependencies>
      <MissingDependency>
        <Required type="1" schemaName="wg_carparkingspace" displayName="Car Parking Space" solution="Active" />
        <Dependent type="62" schemaName="cr03a_RoomBookingsMDA" />
      </MissingDependency>
      <MissingDependency>
        <Required type="1" schemaName="wg_carparkingspace" displayName="Car Parking Space" solution="Active" />
        <Dependent type="80" schemaName="cr03a_RoomBookingsMDA" displayName="Room Bookings MDA" />
      </MissingDependency>
      <MissingDependency>
        <Required type="1" schemaName="wg_facility" displayName="Facility" solution="Active" />
        <Dependent type="62" schemaName="cr03a_RoomBookingsMDA" />
      </MissingDependency>
      <MissingDependency>
        <Required type="1" schemaName="wg_facility" displayName="Facility" solution="Active" />
        <Dependent type="80" schemaName="cr03a_RoomBookingsMDA" displayName="Room Bookings MDA" />
      </MissingDependency>
      <MissingDependency>
        <Required type="1" schemaName="wg_languagetranslations" displayName="Language Translations" solution="Active" />
        <Dependent type="62" schemaName="cr03a_RoomBookingsMDA" />
      </MissingDependency>
      <MissingDependency>
        <Required type="1" schemaName="wg_languagetranslations" displayName="Language Translations" solution="Active" />
        <Dependent type="80" schemaName="cr03a_RoomBookingsMDA" displayName="Room Bookings MDA" />
      </MissingDependency>
      <MissingDependency>
        <Required type="1" schemaName="wg_meetingroom" displayName="Meeting Room" solution="Active" />
        <Dependent type="62" schemaName="cr03a_RoomBookingsMDA" />
      </MissingDependency>
      <MissingDependency>
        <Required type="1" schemaName="wg_meetingroom" displayName="Meeting Room" solution="Active" />
        <Dependent type="80" schemaName="cr03a_RoomBookingsMDA" displayName="Room Bookings MDA" />
      </MissingDependency>
      <MissingDependency>
        <Required type="1" schemaName="wg_parkingbooking" displayName="Parking Booking" solution="Active" />
        <Dependent type="62" schemaName="cr03a_RoomBookingsMDA" />
      </MissingDependency>
      <MissingDependency>
        <Required type="1" schemaName="wg_parkingbooking" displayName="Parking Booking" solution="Active" />
        <Dependent type="80" schemaName="cr03a_RoomBookingsMDA" displayName="Room Bookings MDA" />
      </MissingDependency>
      <MissingDependency>
        <Required type="1" schemaName="wg_porterjob" displayName="Porter Job" solution="Active" />
        <Dependent type="62" schemaName="cr03a_RoomBookingsMDA" />
      </MissingDependency>
      <MissingDependency>
        <Required type="1" schemaName="wg_porterjob" displayName="Porter Job" solution="Active" />
        <Dependent type="80" schemaName="cr03a_RoomBookingsMDA" displayName="Room Bookings MDA" />
      </MissingDependency>
      <MissingDependency>
        <Required type="1" schemaName="wg_roombooking" displayName="Room Booking" solution="Active" />
        <Dependent type="62" schemaName="cr03a_RoomBookingsMDA" />
      </MissingDependency>
      <MissingDependency>
        <Required type="1" schemaName="wg_roombooking" displayName="Room Booking" solution="Active" />
        <Dependent type="80" schemaName="cr03a_RoomBookingsMDA" displayName="Room Bookings MDA" />
      </MissingDependency>
      <MissingDependency>
        <Required type="1" schemaName="wg_roomlayout" displayName="Room Layout" solution="Active" />
        <Dependent type="62" schemaName="cr03a_RoomBookingsMDA" />
      </MissingDependency>
      <MissingDependency>
        <Required type="1" schemaName="wg_roomlayout" displayName="Room Layout" solution="Active" />
        <Dependent type="80" schemaName="cr03a_RoomBookingsMDA" displayName="Room Bookings MDA" />
      </MissingDependency>
      <MissingDependency>
        <Required type="61" schemaName="msdyn_/Images/AppModule_Default_Icon.png" displayName="msdyn_/Images/AppModule_Default_Icon.png" solution="AppModuleWebResources (2.5)" />
        <Dependent type="80" schemaName="cr03a_RoomBookingsMDA" displayName="Room Bookings MDA" />
      </MissingDependency>
    </MissingDependencies>
  </SolutionManifest>
</ImportExportXml>