{
  "properties": {
    "connectionReferences": {
      "shared_commondataserviceforapps": {
        "runtimeSource": "embedded",
        "connection": {},
        "api": {
          "name": "shared_commondataserviceforapps"
        }
      },
      "shared_office365": {
        "runtimeSource": "embedded",
        "connection": {},
        "api": {
          "name": "shared_office365"
        }
      }
    },
    "definition": {
      "$schema": "https://schema.management.azure.com/providers/Microsoft.Logic/schemas/2016-06-01/workflowdefinition.json#",
      "contentVersion": "1.0.0.0",
      "parameters": {
        "$connections": {
          "defaultValue": {},
          "type": "Object"
        },
        "$authentication": {
          "defaultValue": {},
          "type": "SecureObject"
        }
      },
      "triggers": {
        "When_a_row_is_added,_modified_or_deleted": {
          "type": "OpenApiConnectionWebhook",
          "inputs": {
            "host": {
              "connectionName": "shared_commondataserviceforapps",
              "operationId": "SubscribeWebhookTrigger",
              "apiId": "/providers/Microsoft.PowerApps/apis/shared_commondataserviceforapps"
            },
            "parameters": {
              "subscriptionRequest/message": 3,
              "subscriptionRequest/entityname": "wg_parkingbooking",
              "subscriptionRequest/scope": 4
            },
            "authentication": "@parameters('$authentication')"
          }
        }
      },
      "actions": {
        "Condition": {
          "actions": {
            "Get_Parking_Space": {
              "runAfter": {},
              "type": "OpenApiConnection",
              "inputs": {
                "host": {
                  "connectionName": "shared_commondataserviceforapps",
                  "operationId": "GetItem",
                  "apiId": "/providers/Microsoft.PowerApps/apis/shared_commondataserviceforapps"
                },
                "parameters": {
                  "entityName": "wg_carparkingspaces",
                  "recordId": "@triggerOutputs()?['body/_wg_parkingspace_value']"
                },
                "authentication": "@parameters('$authentication')"
              }
            },
            "Get_Facility": {
              "runAfter": {
                "Get_Parking_Space": [
                  "Succeeded"
                ]
              },
              "type": "OpenApiConnection",
              "inputs": {
                "host": {
                  "connectionName": "shared_commondataserviceforapps",
                  "operationId": "GetItem",
                  "apiId": "/providers/Microsoft.PowerApps/apis/shared_commondataserviceforapps"
                },
                "parameters": {
                  "entityName": "wg_facilities",
                  "recordId": "@outputs('Get_Parking_Space')?['body/_wg_facility_value']"
                },
                "authentication": "@parameters('$authentication')"
              }
            },
            "Get_Creator": {
              "runAfter": {
                "Get_Facility": [
                  "Succeeded"
                ]
              },
              "type": "OpenApiConnection",
              "inputs": {
                "host": {
                  "connectionName": "shared_commondataserviceforapps",
                  "operationId": "GetItem",
                  "apiId": "/providers/Microsoft.PowerApps/apis/shared_commondataserviceforapps"
                },
                "parameters": {
                  "entityName": "systemusers",
                  "recordId": "@triggerOutputs()?['body/_createdby_value']"
                },
                "authentication": "@parameters('$authentication')"
              }
            },
            "Condition_Is_Driver_Internal": {
              "actions": {
                "Get_Internal_Driver": {
                  "runAfter": {},
                  "type": "OpenApiConnection",
                  "inputs": {
                    "host": {
                      "connectionName": "shared_commondataserviceforapps",
                      "operationId": "GetItem",
                      "apiId": "/providers/Microsoft.PowerApps/apis/shared_commondataserviceforapps"
                    },
                    "parameters": {
                      "entityName": "systemusers",
                      "recordId": "@triggerOutputs()?['body/_wg_driverwelshgov_value']"
                    },
                    "authentication": "@parameters('$authentication')"
                  }
                },
                "Condition_Is_Charging_Point_Required": {
                  "actions": {
                    "Send_an_email_Your_Electric_Vehicle_parking_booking_confirmation_(Internal)": {
                      "runAfter": {},
                      "type": "OpenApiConnection",
                      "inputs": {
                        "host": {
                          "connectionName": "shared_office365",
                          "operationId": "SendEmailV2",
                          "apiId": "/providers/Microsoft.PowerApps/apis/shared_office365"
                        },
                        "parameters": {
                          "emailMessage/To": "@{outputs('Get_Internal_Driver')?['body/internalemailaddress']}; @{outputs('Get_Creator')?['body/internalemailaddress']}",
                          "emailMessage/Subject": "Your Electric vehicle parking booking has been cancelled",
                          "emailMessage/Body": "<p><span style=\"font-family: arial\"><strong>Booking Cancellation<br>\n</strong></span><span style=\"font-family: arial\"><br>\nYour Electric Vehicle Charging Point booking has been cancelled. If you require further information, please contact your Welsh Government sponsor.<br>\n<br>\n<br>\n</span><span style=\"font-family: arial\"><strong>Building</strong></span><span style=\"font-family: arial\">: </span><span style=\"font-family: arial\">@{outputs('Get_Facility')?['body/wg_facilityname']}</span><span style=\"font-family: arial\"><br>\n<br>\n</span><span style=\"font-family: arial\"><strong>Charging Point Number</strong></span><span style=\"font-family: arial\">: &nbsp;</span><span style=\"font-family: arial\">@{outputs('Get_Parking_Space')?['body/wg_spaceid']}</span><span style=\"font-family: arial\"><br>\n<br>\n</span><span style=\"font-family: arial\"><strong>Car Registration</strong></span><span style=\"font-family: arial\">: </span><span style=\"font-family: arial\">@{triggerOutputs()?['body/wg_vehicleregistration']}</span><span style=\"font-family: arial\"><br>\n<br>\n</span><span style=\"font-family: arial\"><strong>Date</strong></span><span style=\"font-family: arial\">: </span><span style=\"font-family: arial\">@{formatDateTime(triggerOutputs()?['body/wg_starttime'],'dd/MM/yyyy')}</span><span style=\"font-family: arial\"><br>\n<br>\n</span><span style=\"font-family: arial\"><strong>From</strong></span><span style=\"font-family: arial\">: </span><span style=\"font-family: arial\">@{formatDateTime(triggerOutputs()?['body/wg_starttime'],'dd/MM/yyyy hh:mm tt')}</span><span style=\"font-family: arial\"><br>\n</span><span style=\"font-family: arial\"><strong>To</strong></span><span style=\"font-family: arial\">: </span><span style=\"font-family: arial\">@{formatDateTime(triggerOutputs()?['body/wg_endtime'],'dd/MM/yyyy hh:mm tt')}</span><span style=\"font-family: arial\"><br>\n<br>\n</span><span style=\"font-family: arial\"><strong>Booked By</strong></span><span style=\"font-family: arial\">: </span><span style=\"font-family: arial\">@{outputs('Get_Creator')?['body/fullname']}</span><span style=\"font-family: arial\"><br>\n<br>\n</span><span style=\"font-family: arial\"><strong>Visitor Name</strong></span><span style=\"font-family: arial\">: </span><span style=\"font-family: arial\">@{outputs('Get_Internal_Driver')?['body/fullname']}</span><span style=\"font-family: arial\"><br>\n<br>\n</span><span style=\"font-family: arial\"><strong>Visitor Email</strong></span><span style=\"font-family: arial\">: </span><span style=\"font-family: arial\">@{outputs('Get_Internal_Driver')?['body/internalemailaddress']}</span><span style=\"font-family: arial\"><br>\n<br>\n</span><span style=\"font-family: arial\"><strong>Visitor No</strong></span><span style=\"font-family: arial\">: </span><span style=\"font-family: arial\">@{outputs('Get_Internal_Driver')?['body/mobilephone']}</span><span style=\"font-family: arial\"><br>\n</span></p>"
                        },
                        "authentication": "@parameters('$authentication')"
                      }
                    }
                  },
                  "runAfter": {
                    "Get_Internal_Driver": [
                      "Succeeded"
                    ]
                  },
                  "else": {
                    "actions": {
                      "Send_an_email_Your_Parking_Space_confirmation_(Internal)": {
                        "runAfter": {},
                        "type": "OpenApiConnection",
                        "inputs": {
                          "host": {
                            "connectionName": "shared_office365",
                            "operationId": "SendEmailV2",
                            "apiId": "/providers/Microsoft.PowerApps/apis/shared_office365"
                          },
                          "parameters": {
                            "emailMessage/To": "@{outputs('Get_Internal_Driver')?['body/internalemailaddress']}; @{outputs('Get_Creator')?['body/internalemailaddress']}",
                            "emailMessage/Subject": "Your parking booking has been cancelled",
                            "emailMessage/Body": "<p><strong>Booking Cancellation<br>\n</strong><br>\nYour parking space booking has been cancelled. If you require further information, please contact your Welsh Government sponsor.<br>\n<br>\n<strong>Building</strong>: @{outputs('Get_Facility')?['body/wg_facilityname']}<br>\n<br>\n<strong>Parking Space ID</strong>: &nbsp;@{outputs('Get_Parking_Space')?['body/wg_spaceid']}<br>\n<br>\n<strong>Car Registration</strong>: @{triggerOutputs()?['body/wg_vehicleregistration']}<br>\n<br>\n<strong>Date</strong>: @{formatDateTime(triggerOutputs()?['body/wg_starttime'],'dd/MM/yyyy')}<br>\n<br>\n<strong>From</strong>: @{formatDateTime(triggerOutputs()?['body/wg_starttime'],'dd/MM/yyyy hh:mm tt')}<br>\n<strong>To</strong>: @{formatDateTime(triggerOutputs()?['body/wg_endtime'],'dd/MM/yyyy hh:mm tt')}<br>\n<br>\n<strong>Booked By</strong>: @{outputs('Get_Creator')?['body/fullname']}<br>\n<br>\n<strong>Visitor Name</strong>: @{outputs('Get_Internal_Driver')?['body/fullname']}<br>\n<br>\n<strong>Visitor Email</strong>: @{outputs('Get_Internal_Driver')?['body/internalemailaddress']}<br>\n<br>\n<strong>Visitor No</strong>: @{outputs('Get_Internal_Driver')?['body/mobilephone']}</p>"
                          },
                          "authentication": "@parameters('$authentication')"
                        }
                      }
                    }
                  },
                  "expression": {
                    "equals": [
                      "@triggerOutputs()?['body/wg_electricvehiclechargingrequired']",
                      "@true"
                    ]
                  },
                  "type": "If"
                }
              },
              "runAfter": {
                "Get_Creator": [
                  "Succeeded"
                ]
              },
              "else": {
                "actions": {
                  "Get_External_Driver": {
                    "runAfter": {},
                    "type": "OpenApiConnection",
                    "inputs": {
                      "host": {
                        "connectionName": "shared_commondataserviceforapps",
                        "operationId": "GetItem",
                        "apiId": "/providers/Microsoft.PowerApps/apis/shared_commondataserviceforapps"
                      },
                      "parameters": {
                        "entityName": "contacts",
                        "recordId": "@triggerOutputs()?['body/_wg_driverexternal_value']"
                      },
                      "authentication": "@parameters('$authentication')"
                    }
                  },
                  "Condition_Is_Charging_Point_Required_2": {
                    "actions": {
                      "Send_an_email_Your_Electric_Vehicle_parking_booking_confirmation_(External)": {
                        "runAfter": {},
                        "type": "OpenApiConnection",
                        "inputs": {
                          "host": {
                            "connectionName": "shared_office365",
                            "operationId": "SendEmailV2",
                            "apiId": "/providers/Microsoft.PowerApps/apis/shared_office365"
                          },
                          "parameters": {
                            "emailMessage/To": "@{outputs('Get_External_Driver')?['body/emailaddress1']};@{outputs('Get_Creator')?['body/internalemailaddress']} ",
                            "emailMessage/Subject": "Your Electric vehicle parking booking has been cancelled",
                            "emailMessage/Body": "<p><span style=\"font-family: arial\"><strong>Booking Cancellation<br>\n</strong></span><span style=\"font-family: arial\"><br>\nYour Electric Vehicle Charging Point booking has been cancelled. If you require further information, please contact your Welsh Government sponsor.<br>\n<br>\n</span><span style=\"font-family: arial\"><strong>Building</strong></span><span style=\"font-family: arial\">: </span><span style=\"font-family: arial\">@{outputs('Get_Facility')?['body/wg_facilityname']}</span><span style=\"font-family: arial\"><br>\n<br>\n</span><span style=\"font-family: arial\"><strong>Charging Point Number</strong></span><span style=\"font-family: arial\">: &nbsp;</span><span style=\"font-family: arial\">@{outputs('Get_Parking_Space')?['body/wg_spaceid']}</span><span style=\"font-family: arial\"><br>\n<br>\n</span><span style=\"font-family: arial\"><strong>Car Registration</strong></span><span style=\"font-family: arial\">: </span><span style=\"font-family: arial\">@{triggerOutputs()?['body/wg_vehicleregistration']}</span><span style=\"font-family: arial\"><br>\n<br>\n</span><span style=\"font-family: arial\"><strong>Date</strong></span><span style=\"font-family: arial\">: </span><span style=\"font-family: arial\">@{formatDateTime(triggerOutputs()?['body/wg_starttime'], 'dd/MM/yyyy')}</span><span style=\"font-family: arial\"><br>\n<br>\n</span><span style=\"font-family: arial\"><strong>From</strong></span><span style=\"font-family: arial\">: </span><span style=\"font-family: arial\">@{formatDateTime(triggerOutputs()?['body/wg_starttime'], 'dd/MM/yyyy hh:mm tt')}</span><span style=\"font-family: arial\"><br>\n</span><span style=\"font-family: arial\"><strong>To</strong></span><span style=\"font-family: arial\">: </span><span style=\"font-family: arial\">@{formatDateTime(triggerOutputs()?['body/wg_endtime'], 'dd/MM/yyyy hh:mm tt')}</span><span style=\"font-family: arial\"><br>\n<br>\n</span><span style=\"font-family: arial\"><strong>Booked By</strong></span><span style=\"font-family: arial\">: </span><span style=\"font-family: arial\">@{outputs('Get_Creator')?['body/fullname']}</span><span style=\"font-family: arial\"><br>\n<br>\n</span><span style=\"font-family: arial\"><strong>Visitor Name</strong></span><span style=\"font-family: arial\">: </span><span style=\"font-family: arial\">@{outputs('Get_External_Driver')?['body/fullname']}</span><span style=\"font-family: arial\"><br>\n<br>\n</span><span style=\"font-family: arial\"><strong>Visitor Email</strong></span><span style=\"font-family: arial\">: </span><span style=\"font-family: arial\">@{outputs('Get_External_Driver')?['body/emailaddress1']}</span><span style=\"font-family: arial\"><br>\n<br>\n</span><span style=\"font-family: arial\"><strong>Visitor No</strong></span><span style=\"font-family: arial\">: </span><span style=\"font-family: arial\">@{outputs('Get_External_Driver')?['body/mobilephone']}</span><span style=\"font-family: arial\"><br>\n</span></p>"
                          },
                          "authentication": "@parameters('$authentication')"
                        }
                      }
                    },
                    "runAfter": {
                      "Get_External_Driver": [
                        "Succeeded"
                      ]
                    },
                    "else": {
                      "actions": {
                        "Send_an_email_Your_Parking_Space_confirmation_(External)": {
                          "runAfter": {},
                          "type": "OpenApiConnection",
                          "inputs": {
                            "host": {
                              "connectionName": "shared_office365",
                              "operationId": "SendEmailV2",
                              "apiId": "/providers/Microsoft.PowerApps/apis/shared_office365"
                            },
                            "parameters": {
                              "emailMessage/To": "@{outputs('Get_Creator')?['body/internalemailaddress']}; @{outputs('Get_External_Driver')?['body/emailaddress1']}",
                              "emailMessage/Subject": "Your parking booking has been cancelled",
                              "emailMessage/Body": "<p><strong>Booking Cancellation<br>\n</strong><br>\nYour parking space booking has been cancelled. If you require further information, please contact your Welsh Government sponsor.<br>\n<br>\n<strong>Building</strong>: @{outputs('Get_Facility')?['body/wg_facilityname']}<br>\n<br>\n<strong>Parking Space ID</strong>: &nbsp;@{outputs('Get_Parking_Space')?['body/wg_spaceid']}<br>\n<br>\n<strong>Car Registration</strong>: @{triggerOutputs()?['body/wg_vehicleregistration']}<br>\n<br>\n<strong>Date</strong>: @{formatDateTime(triggerOutputs()?['body/wg_starttime'], 'dd/MM/yyyy')}<br>\n<br>\n<strong>From</strong>: @{formatDateTime(triggerOutputs()?['body/wg_starttime'], 'dd/MM/yyyy hh:mm tt')}<br>\n<strong>To</strong>: @{formatDateTime(triggerOutputs()?['body/wg_endtime'], 'dd/MM/yyyy hh:mm tt')}<br>\n<br>\n<strong>Booked By</strong>: @{outputs('Get_Creator')?['body/fullname']}<br>\n<br>\n<strong>Visitor Name</strong>: @{outputs('Get_External_Driver')?['body/fullname']}<br>\n<br>\n<strong>Visitor Email</strong>: @{outputs('Get_External_Driver')?['body/emailaddress1']}<br>\n<br>\n<strong>Visitor No</strong>: @{outputs('Get_External_Driver')?['body/mobilephone']}</p>"
                            },
                            "authentication": "@parameters('$authentication')"
                          }
                        }
                      }
                    },
                    "expression": {
                      "equals": [
                        "@triggerOutputs()?['body/wg_electricvehiclechargingrequired']",
                        "@true"
                      ]
                    },
                    "type": "If"
                  }
                }
              },
              "expression": {
                "equals": [
                  "@Empty(triggerOutputs()?['body/_wg_driverexternal_value'])",
                  "@true"
                ]
              },
              "type": "If"
            }
          },
          "runAfter": {},
          "expression": {
            "equals": [
              "@triggerOutputs()?['body/statuscode']",
              2
            ]
          },
          "type": "If"
        }
      },
      "outputs": {}
    }
  },
  "schemaVersion": "1.0.0.0"
}