{
  "properties": {
    "connectionReferences": {
      "shared_commondataserviceforapps": {
        "runtimeSource": "embedded",
        "connection": {
          "connectionReferenceLogicalName": "new_sharedcommondataserviceforapps_d7e5b"
        },
        "api": {
          "name": "shared_commondataserviceforapps"
        }
      },
      "shared_office365": {
        "runtimeSource": "embedded",
        "connection": {
          "connectionReferenceLogicalName": "tisski_sharedoffice365_98af4"
        },
        "api": {
          "name": "shared_office365"
        }
      }
    },
    "definition": {
      "$schema": "https://schema.management.azure.com/providers/Microsoft.Logic/schemas/2016-06-01/workflowdefinition.json#",
      "contentVersion": "1.0.0.0",
      "parameters": {
        "$connections": {
          "defaultValue": {},
          "type": "Object"
        },
        "$authentication": {
          "defaultValue": {},
          "type": "SecureObject"
        }
      },
      "triggers": {
        "When_a_row_is_added,_modified_or_deleted": {
          "metadata": {
            "operationMetadataId": "0b0b9eb0-90d1-4238-9499-f74b16bd4450"
          },
          "type": "OpenApiConnectionWebhook",
          "inputs": {
            "host": {
              "connectionName": "shared_commondataserviceforapps",
              "operationId": "SubscribeWebhookTrigger",
              "apiId": "/providers/Microsoft.PowerApps/apis/shared_commondataserviceforapps"
            },
            "parameters": {
              "subscriptionRequest/message": 1,
              "subscriptionRequest/entityname": "wg_parkingbooking",
              "subscriptionRequest/scope": 4,
              "subscriptionRequest/name": "00308a72-05f6-eb11-94ef-00224840528a"
            },
            "authentication": "@parameters('$authentication')"
          }
        }
      },
      "actions": {
        "Condition_Is_Driver_Internal": {
          "actions": {
            "Get_Internal_Driver": {
              "runAfter": {},
              "metadata": {
                "operationMetadataId": "9dd5dfc8-e6de-4526-a47d-e99ba486172a"
              },
              "type": "OpenApiConnection",
              "inputs": {
                "host": {
                  "connectionName": "shared_commondataserviceforapps",
                  "operationId": "GetItem",
                  "apiId": "/providers/Microsoft.PowerApps/apis/shared_commondataserviceforapps"
                },
                "parameters": {
                  "entityName": "systemusers",
                  "recordId": "@triggerOutputs()?['body/_wg_driverwelshgov_value']"
                },
                "authentication": "@parameters('$authentication')"
              }
            },
            "Condition_Is_Charging_Point_Required": {
              "actions": {
                "Send_an_email_Your_Electric_Vehicle_parking_booking_confirmation_(Internal)": {
                  "runAfter": {},
                  "metadata": {
                    "operationMetadataId": "e19977db-72a2-42ff-9d0d-5a569412c48d"
                  },
                  "type": "OpenApiConnection",
                  "inputs": {
                    "host": {
                      "connectionName": "shared_office365",
                      "operationId": "SendEmailV2",
                      "apiId": "/providers/Microsoft.PowerApps/apis/shared_office365"
                    },
                    "parameters": {
                      "emailMessage/To": "@{outputs('Get_Internal_Driver')?['body/internalemailaddress']}; @{outputs('Get_Creator')?['body/internalemailaddress']}",
                      "emailMessage/Subject": "Your Electric Vehicle parking booking confirmation",
                      "emailMessage/Body": "<p><span style=\"font-family: arial\"><strong>Booking Confirmation<br>\n</strong></span><span style=\"font-family: arial\"><br>\nAn Electric Vehicle (EV) charging point has been booked for you.<br>\n<br>\nPlease check your booking confirmation carefully. &nbsp;If any of the details are incorrect:<br>\n<br>\n• Welsh Government registered EV users, please update the Resource Booking Application as soon as possible.<br>\n<br>\n• External Visitors, please contact your Welsh Government sponsor to update the booking on your behalf as soon as possible.<br>\n<br>\n<br>\nIncorrect details may result in access to your parking space being refused. &nbsp;&nbsp;<br>\n<br>\nTo ensure that you are directed to the space with minimal delay, please print this page and present it to the security officer at the entrance gate along with your official Mobility ‘Blue Badge’ if applicable. &nbsp;Failure to do so could result in a delay in entry to the car park and / or access to the parking space being refused.<br>\n<br>\n<br>\n</span><span style=\"font-family: arial\"><strong>Building</strong></span><span style=\"font-family: arial\">: </span><span style=\"font-family: arial\">@{outputs('Get_Facility')?['body/wg_facilityname']}</span><span style=\"font-family: arial\"><br>\n<br>\n</span><span style=\"font-family: arial\"><strong>Charging Point Number</strong></span><span style=\"font-family: arial\">: &nbsp;</span><span style=\"font-family: arial\">@{outputs('Get_Parking_Space')?['body/wg_spaceid']}</span><span style=\"font-family: arial\"><br>\n<br>\n</span><span style=\"font-family: arial\"><strong>Car Registration</strong></span><span style=\"font-family: arial\">: </span><span style=\"font-family: arial\">@{triggerOutputs()?['body/wg_vehicleregistration']}</span><span style=\"font-family: arial\"><br>\n<br>\n</span><span style=\"font-family: arial\"><strong>Date</strong></span><span style=\"font-family: arial\">: </span><span style=\"font-family: arial\">@{formatDateTime(triggerOutputs()?['body/wg_starttime'],'dd/MM/yyyy')}</span><span style=\"font-family: arial\"><br>\n<br>\n</span><span style=\"font-family: arial\"><strong>From</strong></span><span style=\"font-family: arial\">: </span><span style=\"font-family: arial\">@{formatDateTime(triggerOutputs()?['body/wg_starttime'],'dd/MM/yyyy hh:mm tt')}</span><span style=\"font-family: arial\"><br>\n</span><span style=\"font-family: arial\"><strong>To</strong></span><span style=\"font-family: arial\">: </span><span style=\"font-family: arial\">@{formatDateTime(triggerOutputs()?['body/wg_endtime'],'dd/MM/yyyy hh:mm tt')}</span><span style=\"font-family: arial\"><br>\n<br>\n</span><span style=\"font-family: arial\"><strong>Booked By</strong></span><span style=\"font-family: arial\">: </span><span style=\"font-family: arial\">@{outputs('Get_Creator')?['body/fullname']}</span><span style=\"font-family: arial\"><br>\n<br>\n</span><span style=\"font-family: arial\"><strong>Visitor Name</strong></span><span style=\"font-family: arial\">: </span><span style=\"font-family: arial\">@{outputs('Get_Internal_Driver')?['body/fullname']}</span><span style=\"font-family: arial\"><br>\n<br>\n</span><span style=\"font-family: arial\"><strong>Visitor Email</strong></span><span style=\"font-family: arial\">: </span><span style=\"font-family: arial\">@{outputs('Get_Internal_Driver')?['body/internalemailaddress']}</span><span style=\"font-family: arial\"><br>\n<br>\n</span><span style=\"font-family: arial\"><strong>Visitor No</strong></span><span style=\"font-family: arial\">: </span><span style=\"font-family: arial\">@{outputs('Get_Internal_Driver')?['body/mobilephone']}</span><span style=\"font-family: arial\"><br>\n</span></p>"
                    },
                    "authentication": "@parameters('$authentication')"
                  }
                }
              },
              "runAfter": {
                "Get_Internal_Driver": [
                  "Succeeded"
                ]
              },
              "else": {
                "actions": {
                  "Send_an_email_Your_Parking_Space_confirmation_(Internal)": {
                    "runAfter": {},
                    "metadata": {
                      "operationMetadataId": "c9e414ea-f0c5-4073-a69b-34cf9f782b0f"
                    },
                    "type": "OpenApiConnection",
                    "inputs": {
                      "host": {
                        "connectionName": "shared_office365",
                        "operationId": "SendEmailV2",
                        "apiId": "/providers/Microsoft.PowerApps/apis/shared_office365"
                      },
                      "parameters": {
                        "emailMessage/To": "@{outputs('Get_Internal_Driver')?['body/internalemailaddress']}; @{outputs('Get_Creator')?['body/internalemailaddress']}",
                        "emailMessage/Subject": "Your parking booking confirmation",
                        "emailMessage/Body": "<p><strong>Booking Confirmation<br>\n</strong><br>\nYour Parking space has booked for you.<br>\n<br>\nIncorrect details may result in access to your parking space being refused. &nbsp;&nbsp;<br>\n<br>\nTo ensure that you are directed to the space with minimal delay, please print this page and present it to the security officer at the entrance gate along with your official Mobility ‘Blue Badge’ if applicable. &nbsp;Failure to do so could result in a delay in entry to the car park and / or access to the parking space being refused.<br>\n<br>\n<br>\n<strong>Building</strong>: @{outputs('Get_Facility')?['body/wg_facilityname']}<br>\n<br>\n<strong>Parking Space ID</strong>: &nbsp;@{outputs('Get_Parking_Space')?['body/wg_spaceid']}<br>\n<br>\n<strong>Car Registration</strong>: @{triggerOutputs()?['body/wg_vehicleregistration']}<br>\n<br>\n<strong>Date</strong>: @{formatDateTime(triggerOutputs()?['body/wg_starttime'],'dd/MM/yyyy')}<br>\n<br>\n<strong>From</strong>: @{formatDateTime(triggerOutputs()?['body/wg_starttime'],'dd/MM/yyyy hh:mm tt')}<br>\n<strong>To</strong>: @{formatDateTime(triggerOutputs()?['body/wg_endtime'],'dd/MM/yyyy hh:mm tt')}<br>\n<br>\n<strong>Booked By</strong>: @{outputs('Get_Creator')?['body/fullname']}<br>\n<br>\n<strong>Visitor Name</strong>: @{outputs('Get_Internal_Driver')?['body/fullname']}<br>\n<br>\n<strong>Visitor Email</strong>: @{outputs('Get_Internal_Driver')?['body/internalemailaddress']}<br>\n<br>\n<strong>Visitor No</strong>: @{outputs('Get_Internal_Driver')?['body/mobilephone']}</p>"
                      },
                      "authentication": "@parameters('$authentication')"
                    }
                  }
                }
              },
              "expression": {
                "equals": [
                  "@triggerOutputs()?['body/wg_electricvehiclechargingrequired']",
                  "@true"
                ]
              },
              "metadata": {
                "operationMetadataId": "118f1812-f530-43fa-89a1-1aa79f746f12"
              },
              "type": "If"
            }
          },
          "runAfter": {
            "Get_Creator": [
              "Succeeded"
            ]
          },
          "else": {
            "actions": {
              "Get_External_Driver": {
                "runAfter": {},
                "metadata": {
                  "operationMetadataId": "b30389f4-f5b9-4df4-b423-12dc02be6cc3"
                },
                "type": "OpenApiConnection",
                "inputs": {
                  "host": {
                    "connectionName": "shared_commondataserviceforapps",
                    "operationId": "GetItem",
                    "apiId": "/providers/Microsoft.PowerApps/apis/shared_commondataserviceforapps"
                  },
                  "parameters": {
                    "entityName": "contacts",
                    "recordId": "@triggerOutputs()?['body/_wg_driverexternal_value']"
                  },
                  "authentication": "@parameters('$authentication')"
                }
              },
              "Condition_Is_Charging_Point_Required_2": {
                "actions": {
                  "Send_an_email_Your_Electric_Vehicle_parking_booking_confirmation_(External)": {
                    "runAfter": {},
                    "metadata": {
                      "operationMetadataId": "19fdbf8c-da2f-42c0-9818-7f13fbd2306f"
                    },
                    "type": "OpenApiConnection",
                    "inputs": {
                      "host": {
                        "connectionName": "shared_office365",
                        "operationId": "SendEmailV2",
                        "apiId": "/providers/Microsoft.PowerApps/apis/shared_office365"
                      },
                      "parameters": {
                        "emailMessage/To": "@{outputs('Get_External_Driver')?['body/emailaddress1']};@{outputs('Get_Creator')?['body/internalemailaddress']} ",
                        "emailMessage/Subject": "Your Electric Vehicle parking booking confirmation",
                        "emailMessage/Body": "<p><span style=\"font-family: arial\"><strong>Booking Confirmation<br>\n</strong></span><span style=\"font-family: arial\"><br>\nAn Electric Vehicle (EV) charging point has been booked for you.<br>\n<br>\nPlease check your booking confirmation carefully. &nbsp;If any of the details are incorrect:<br>\n<br>\n• Welsh Government registered EV users, please update the Resource Booking Application as soon as possible.<br>\n<br>\n• External Visitors, please contact your Welsh Government sponsor to update the booking on your behalf as soon as possible.<br>\n<br>\n<br>\nIncorrect details may result in access to your parking space being refused. &nbsp;&nbsp;<br>\n<br>\nTo ensure that you are directed to the space with minimal delay, please print this page and present it to the security officer at the entrance gate along with your official Mobility ‘Blue Badge’ if applicable. &nbsp;Failure to do so could result in a delay in entry to the car park and / or access to the parking space being refused.<br>\n<br>\n<br>\n</span><span style=\"font-family: arial\"><strong>Building</strong></span><span style=\"font-family: arial\">: </span><span style=\"font-family: arial\">@{outputs('Get_Facility')?['body/wg_facilityname']}</span><span style=\"font-family: arial\"><br>\n<br>\n</span><span style=\"font-family: arial\"><strong>Charging Point Number</strong></span><span style=\"font-family: arial\">: &nbsp;</span><span style=\"font-family: arial\">@{outputs('Get_Parking_Space')?['body/wg_spaceid']}</span><span style=\"font-family: arial\"><br>\n<br>\n</span><span style=\"font-family: arial\"><strong>Car Registration</strong></span><span style=\"font-family: arial\">: </span><span style=\"font-family: arial\">@{triggerOutputs()?['body/wg_vehicleregistration']}</span><span style=\"font-family: arial\"><br>\n<br>\n</span><span style=\"font-family: arial\"><strong>Date</strong></span><span style=\"font-family: arial\">: </span><span style=\"font-family: arial\">@{formatDateTime(triggerOutputs()?['body/wg_starttime'], 'dd/MM/yyyy')}</span><span style=\"font-family: arial\"><br>\n<br>\n</span><span style=\"font-family: arial\"><strong>From</strong></span><span style=\"font-family: arial\">: </span><span style=\"font-family: arial\">@{formatDateTime(triggerOutputs()?['body/wg_starttime'], 'dd/MM/yyyy hh:mm tt')}</span><span style=\"font-family: arial\"><br>\n</span><span style=\"font-family: arial\"><strong>To</strong></span><span style=\"font-family: arial\">: </span><span style=\"font-family: arial\">@{formatDateTime(triggerOutputs()?['body/wg_endtime'], 'dd/MM/yyyy hh:mm tt')}</span><span style=\"font-family: arial\"><br>\n<br>\n</span><span style=\"font-family: arial\"><strong>Booked By</strong></span><span style=\"font-family: arial\">: </span><span style=\"font-family: arial\">@{outputs('Get_Creator')?['body/fullname']}</span><span style=\"font-family: arial\"><br>\n<br>\n</span><span style=\"font-family: arial\"><strong>Visitor Name</strong></span><span style=\"font-family: arial\">: </span><span style=\"font-family: arial\">@{outputs('Get_External_Driver')?['body/fullname']}</span><span style=\"font-family: arial\"><br>\n<br>\n</span><span style=\"font-family: arial\"><strong>Visitor Email</strong></span><span style=\"font-family: arial\">: </span><span style=\"font-family: arial\">@{outputs('Get_External_Driver')?['body/emailaddress1']}</span><span style=\"font-family: arial\"><br>\n<br>\n</span><span style=\"font-family: arial\"><strong>Visitor No</strong></span><span style=\"font-family: arial\">: </span><span style=\"font-family: arial\">@{outputs('Get_External_Driver')?['body/mobilephone']}</span><span style=\"font-family: arial\"><br>\n</span></p>"
                      },
                      "authentication": "@parameters('$authentication')"
                    }
                  }
                },
                "runAfter": {
                  "Get_External_Driver": [
                    "Succeeded"
                  ]
                },
                "else": {
                  "actions": {
                    "Send_an_email_Your_Parking_Space_confirmation_(External)": {
                      "runAfter": {},
                      "metadata": {
                        "operationMetadataId": "0d604d8d-bf7c-446c-a517-407a9571249a"
                      },
                      "type": "OpenApiConnection",
                      "inputs": {
                        "host": {
                          "connectionName": "shared_office365",
                          "operationId": "SendEmailV2",
                          "apiId": "/providers/Microsoft.PowerApps/apis/shared_office365"
                        },
                        "parameters": {
                          "emailMessage/To": "@{outputs('Get_Creator')?['body/internalemailaddress']}; @{outputs('Get_External_Driver')?['body/emailaddress1']}",
                          "emailMessage/Subject": "Your parking booking confirmation",
                          "emailMessage/Body": "<p><strong>Booking Confirmation<br>\n</strong><br>\nYour Parking space has booked for you.<br>\n<br>\nIncorrect details may result in access to your parking space being refused. &nbsp;&nbsp;<br>\n<br>\nTo ensure that you are directed to the space with minimal delay, please print this page and present it to the security officer at the entrance gate along with your official Mobility ‘Blue Badge’ if applicable. &nbsp;Failure to do so could result in a delay in entry to the car park and / or access to the parking space being refused.<br>\n<br>\n<br>\n<strong>Building</strong>: @{outputs('Get_Facility')?['body/wg_facilityname']}<br>\n<br>\n<strong>Parking Space ID</strong>: &nbsp;@{outputs('Get_Parking_Space')?['body/wg_spaceid']}<br>\n<br>\n<strong>Car Registration</strong>: @{triggerOutputs()?['body/wg_vehicleregistration']}<br>\n<br>\n<strong>Date</strong>: @{formatDateTime(triggerOutputs()?['body/wg_starttime'], 'dd/MM/yyyy')}<br>\n<br>\n<strong>From</strong>: @{formatDateTime(triggerOutputs()?['body/wg_starttime'], 'dd/MM/yyyy hh:mm tt')}<br>\n<strong>To</strong>: @{formatDateTime(triggerOutputs()?['body/wg_endtime'], 'dd/MM/yyyy hh:mm tt')}<br>\n<br>\n<strong>Booked By</strong>: @{outputs('Get_Creator')?['body/fullname']}<br>\n<br>\n<strong>Visitor Name</strong>: @{outputs('Get_External_Driver')?['body/fullname']}<br>\n<br>\n<strong>Visitor Email</strong>: @{outputs('Get_External_Driver')?['body/emailaddress1']}<br>\n<br>\n<strong>Visitor No</strong>: @{outputs('Get_External_Driver')?['body/mobilephone']}</p>"
                        },
                        "authentication": "@parameters('$authentication')"
                      }
                    }
                  }
                },
                "expression": {
                  "equals": [
                    "@triggerOutputs()?['body/wg_electricvehiclechargingrequired']",
                    "@true"
                  ]
                },
                "metadata": {
                  "operationMetadataId": "61fdc4fb-cd09-486d-8026-72d1d503c93b"
                },
                "type": "If"
              }
            }
          },
          "expression": {
            "equals": [
              "@Empty(triggerOutputs()?['body/_wg_driverexternal_value'])",
              "@true"
            ]
          },
          "metadata": {
            "operationMetadataId": "dcf283d4-dd11-42fe-a759-ae3e1ada792a"
          },
          "type": "If"
        },
        "Get_Parking_Space": {
          "runAfter": {},
          "metadata": {
            "operationMetadataId": "406b7358-9f41-4626-995e-e1a5f2d6e4ea"
          },
          "type": "OpenApiConnection",
          "inputs": {
            "host": {
              "connectionName": "shared_commondataserviceforapps",
              "operationId": "GetItem",
              "apiId": "/providers/Microsoft.PowerApps/apis/shared_commondataserviceforapps"
            },
            "parameters": {
              "entityName": "wg_carparkingspaces",
              "recordId": "@triggerOutputs()?['body/_wg_parkingspace_value']"
            },
            "authentication": "@parameters('$authentication')"
          }
        },
        "Get_Facility": {
          "runAfter": {
            "Get_Parking_Space": [
              "Succeeded"
            ]
          },
          "metadata": {
            "operationMetadataId": "1f8f59a7-6a86-4253-9ee6-18b92dbcef24"
          },
          "type": "OpenApiConnection",
          "inputs": {
            "host": {
              "connectionName": "shared_commondataserviceforapps",
              "operationId": "GetItem",
              "apiId": "/providers/Microsoft.PowerApps/apis/shared_commondataserviceforapps"
            },
            "parameters": {
              "entityName": "wg_facilities",
              "recordId": "@outputs('Get_Parking_Space')?['body/_wg_facility_value']"
            },
            "authentication": "@parameters('$authentication')"
          }
        },
        "Get_Creator": {
          "runAfter": {
            "Get_Facility": [
              "Succeeded"
            ]
          },
          "metadata": {
            "operationMetadataId": "4e99b60e-f25d-4909-bc1f-3e7b4e3d3c14"
          },
          "type": "OpenApiConnection",
          "inputs": {
            "host": {
              "connectionName": "shared_commondataserviceforapps",
              "operationId": "GetItem",
              "apiId": "/providers/Microsoft.PowerApps/apis/shared_commondataserviceforapps"
            },
            "parameters": {
              "entityName": "systemusers",
              "recordId": "@triggerOutputs()?['body/_createdby_value']"
            },
            "authentication": "@parameters('$authentication')"
          }
        }
      },
      "outputs": {}
    }
  },
  "schemaVersion": "1.0.0.0"
}