{
  "properties": {
    "connectionReferences": {
      "shared_commondataserviceforapps": {
        "runtimeSource": "embedded",
        "connection": {
          "connectionReferenceLogicalName": "new_sharedcommondataserviceforapps_d7e5b"
        },
        "api": {
          "name": "shared_commondataserviceforapps"
        }
      },
      "shared_office365": {
        "runtimeSource": "embedded",
        "connection": {
          "connectionReferenceLogicalName": "tisski_sharedoffice365_98af4"
        },
        "api": {
          "name": "shared_office365"
        }
      }
    },
    "definition": {
      "$schema": "https://schema.management.azure.com/providers/Microsoft.Logic/schemas/2016-06-01/workflowdefinition.json#",
      "contentVersion": "1.0.0.0",
      "parameters": {
        "$connections": {
          "defaultValue": {},
          "type": "Object"
        },
        "$authentication": {
          "defaultValue": {},
          "type": "SecureObject"
        }
      },
      "triggers": {
        "When_a_row_is_added,_modified_or_deleted": {
          "type": "OpenApiConnectionWebhook",
          "inputs": {
            "host": {
              "connectionName": "shared_commondataserviceforapps",
              "operationId": "SubscribeWebhookTrigger",
              "apiId": "/providers/Microsoft.PowerApps/apis/shared_commondataserviceforapps"
            },
            "parameters": {
              "subscriptionRequest/message": 1,
              "subscriptionRequest/entityname": "wg_roombooking",
              "subscriptionRequest/scope": 4
            },
            "authentication": "@parameters('$authentication')"
          }
        }
      },
      "actions": {
        "Get_Meeting_Owner": {
          "runAfter": {},
          "type": "OpenApiConnection",
          "inputs": {
            "host": {
              "connectionName": "shared_commondataserviceforapps",
              "operationId": "GetItem",
              "apiId": "/providers/Microsoft.PowerApps/apis/shared_commondataserviceforapps"
            },
            "parameters": {
              "entityName": "systemusers",
              "recordId": "@triggerOutputs()?['body/_wg_meetingowner_value']"
            },
            "authentication": "@parameters('$authentication')"
          }
        },
        "Get_Meeting_Creator": {
          "runAfter": {
            "Get_Meeting_Owner": [
              "Succeeded"
            ]
          },
          "type": "OpenApiConnection",
          "inputs": {
            "host": {
              "connectionName": "shared_commondataserviceforapps",
              "operationId": "GetItem",
              "apiId": "/providers/Microsoft.PowerApps/apis/shared_commondataserviceforapps"
            },
            "parameters": {
              "entityName": "systemusers",
              "recordId": "@triggerOutputs()?['body/_createdby_value']"
            },
            "authentication": "@parameters('$authentication')"
          }
        },
        "Get_Meeting_Room": {
          "runAfter": {
            "Get_Meeting_Creator": [
              "Succeeded"
            ]
          },
          "type": "OpenApiConnection",
          "inputs": {
            "host": {
              "connectionName": "shared_commondataserviceforapps",
              "operationId": "GetItem",
              "apiId": "/providers/Microsoft.PowerApps/apis/shared_commondataserviceforapps"
            },
            "parameters": {
              "entityName": "wg_meetingrooms",
              "recordId": "@triggerOutputs()?['body/_wg_room_value']"
            },
            "authentication": "@parameters('$authentication')"
          }
        },
        "Get_Facility": {
          "runAfter": {
            "Get_Meeting_Room": [
              "Succeeded"
            ]
          },
          "type": "OpenApiConnection",
          "inputs": {
            "host": {
              "connectionName": "shared_commondataserviceforapps",
              "operationId": "GetItem",
              "apiId": "/providers/Microsoft.PowerApps/apis/shared_commondataserviceforapps"
            },
            "parameters": {
              "entityName": "wg_facilities",
              "recordId": "@outputs('Get_Meeting_Room')?['body/_wg_facility_value']"
            },
            "authentication": "@parameters('$authentication')"
          }
        },
        "Send_an_email_(V2)": {
          "runAfter": {
            "Get_Facility": [
              "Succeeded"
            ]
          },
          "type": "OpenApiConnection",
          "inputs": {
            "host": {
              "connectionName": "shared_office365",
              "operationId": "SendEmailV2",
              "apiId": "/providers/Microsoft.PowerApps/apis/shared_office365"
            },
            "parameters": {
              "emailMessage/To": "@{outputs('Get_Meeting_Owner')?['body/internalemailaddress']}; @{outputs('Get_Meeting_Creator')?['body/internalemailaddress']}",
              "emailMessage/Subject": "Your Meeting Room Booking Confirmation",
              "emailMessage/Body": "<p><span style=\"font-family: arial\"><strong>Booking Confirmation</strong></span><span style=\"font-family: arial\"><br>\n<br>\nYour meeting room booking request has been approved. &nbsp;<br>\nPlease check your booking carefully. &nbsp;If any details are incorrect, please update them on the Resource Booking Application as soon as possible. &nbsp;<br>\n<br>\n</span><span style=\"font-family: arial\"><em>Reminder:<br>\n<br>\nIf you require ICT assistance for your meeting, please contact TBC.<br>\n<br>\nRefreshments can be booked through the Welsh Government hospitality catering portal, The Food Source.</em></span><span style=\"font-family: arial\"><br>\n<br>\n</span><span style=\"font-family: arial\"><strong>Building:</strong></span><span style=\"font-family: arial\"> </span><span style=\"font-family: arial\">@{outputs('Get_Facility')?['body/wg_facilityname']}</span><span style=\"font-family: arial\"></span><span style=\"font-family: arial\"><strong><br>\n<br>\nMeeting Room Name:</strong></span><span style=\"font-family: arial\"> </span><span style=\"font-family: arial\">@{outputs('Get_Meeting_Room')?['body/wg_roomname']}</span><span style=\"font-family: arial\"></span><span style=\"font-family: arial\"><strong><br>\nNumber of Attendees:</strong></span><span style=\"font-family: arial\"> </span><span style=\"font-family: arial\">@{triggerOutputs()?['body/wg_numberofattendees']}</span><span style=\"font-family: arial\"></span><span style=\"font-family: arial\"><strong><br>\nDate:</strong></span><span style=\"font-family: arial\"> </span><span style=\"font-family: arial\">@{formatDateTime(triggerOutputs()?['body/wg_starttime'],'dd/MM/yyyy')}</span><span style=\"font-family: arial\"></span><span style=\"font-family: arial\"><strong><br>\n<br>\nFrom: </strong></span><span style=\"font-family: arial\"></span><span style=\"font-family: arial\">@{formatDateTime(triggerOutputs()?['body/wg_starttime'],'dd/MM/yyyy hh:mm tt')}</span><span style=\"font-family: arial\"></span><span style=\"font-family: arial\"><strong><br>\nTo: &nbsp;</strong></span><span style=\"font-family: arial\"></span><span style=\"font-family: arial\">@{formatDateTime(triggerOutputs()?['body/wg_endtime'],'dd/MM/yyyy hh:mm tt')}</span><span style=\"font-family: arial\"></span><span style=\"font-family: arial\"><strong><br>\n<br>\nBooked By:</strong></span><span style=\"font-family: arial\"> </span><span style=\"font-family: arial\">@{outputs('Get_Meeting_Creator')?['body/fullname']}</span><span style=\"font-family: arial\"></span><span style=\"font-family: arial\"><strong><br>\n<br>\nReserved For: </strong></span><span style=\"font-family: arial\"></span><span style=\"font-family: arial\">@{outputs('Get_Meeting_Owner')?['body/fullname']}</span><span style=\"font-family: arial\"><br>\n</span></p>"
            },
            "authentication": "@parameters('$authentication')"
          }
        }
      },
      "outputs": {}
    }
  },
  "schemaVersion": "1.0.0.0"
}