<ImportExportXml version="9.2.22044.139" SolutionPackageVersion="9.2" languagecode="1033" generatedBy="CrmLive" xmlns:xsi="http://www.w3.org/2001/XMLSchema-instance">
  <SolutionManifest>
    <UniqueName>entities</UniqueName>
    <LocalizedNames>
      <LocalizedName description="010  - Entities" languagecode="1033" />
    </LocalizedNames>
    <Descriptions />
    <Version>1.0.0.25</Version>
    <Managed>0</Managed>
    <Publisher>
      <UniqueName>WelshGov</UniqueName>
      <LocalizedNames>
        <LocalizedName description="Welsh Gov" languagecode="1033" />
      </LocalizedNames>
      <Descriptions />
      <EMailAddress xsi:nil="true"></EMailAddress>
      <SupportingWebsiteUrl xsi:nil="true"></SupportingWebsiteUrl>
      <CustomizationPrefix>wg</CustomizationPrefix>
      <CustomizationOptionValuePrefix>10000</CustomizationOptionValuePrefix>
      <Addresses>
        <Address>
          <AddressNumber>1</AddressNumber>
          <AddressTypeCode>1</AddressTypeCode>
          <City xsi:nil="true"></City>
          <County xsi:nil="true"></County>
          <Country xsi:nil="true"></Country>
          <Fax xsi:nil="true"></Fax>
          <FreightTermsCode xsi:nil="true"></FreightTermsCode>
          <ImportSequenceNumber xsi:nil="true"></ImportSequenceNumber>
          <Latitude xsi:nil="true"></Latitude>
          <Line1 xsi:nil="true"></Line1>
          <Line2 xsi:nil="true"></Line2>
          <Line3 xsi:nil="true"></Line3>
          <Longitude xsi:nil="true"></Longitude>
          <Name xsi:nil="true"></Name>
          <PostalCode xsi:nil="true"></PostalCode>
          <PostOfficeBox xsi:nil="true"></PostOfficeBox>
          <PrimaryContactName xsi:nil="true"></PrimaryContactName>
          <ShippingMethodCode>1</ShippingMethodCode>
          <StateOrProvince xsi:nil="true"></StateOrProvince>
          <Telephone1 xsi:nil="true"></Telephone1>
          <Telephone2 xsi:nil="true"></Telephone2>
          <Telephone3 xsi:nil="true"></Telephone3>
          <TimeZoneRuleVersionNumber xsi:nil="true"></TimeZoneRuleVersionNumber>
          <UPSZone xsi:nil="true"></UPSZone>
          <UTCOffset xsi:nil="true"></UTCOffset>
          <UTCConversionTimeZoneCode xsi:nil="true"></UTCConversionTimeZoneCode>
        </Address>
        <Address>
          <AddressNumber>2</AddressNumber>
          <AddressTypeCode>1</AddressTypeCode>
          <City xsi:nil="true"></City>
          <County xsi:nil="true"></County>
          <Country xsi:nil="true"></Country>
          <Fax xsi:nil="true"></Fax>
          <FreightTermsCode xsi:nil="true"></FreightTermsCode>
          <ImportSequenceNumber xsi:nil="true"></ImportSequenceNumber>
          <Latitude xsi:nil="true"></Latitude>
          <Line1 xsi:nil="true"></Line1>
          <Line2 xsi:nil="true"></Line2>
          <Line3 xsi:nil="true"></Line3>
          <Longitude xsi:nil="true"></Longitude>
          <Name xsi:nil="true"></Name>
          <PostalCode xsi:nil="true"></PostalCode>
          <PostOfficeBox xsi:nil="true"></PostOfficeBox>
          <PrimaryContactName xsi:nil="true"></PrimaryContactName>
          <ShippingMethodCode>1</ShippingMethodCode>
          <StateOrProvince xsi:nil="true"></StateOrProvince>
          <Telephone1 xsi:nil="true"></Telephone1>
          <Telephone2 xsi:nil="true"></Telephone2>
          <Telephone3 xsi:nil="true"></Telephone3>
          <TimeZoneRuleVersionNumber xsi:nil="true"></TimeZoneRuleVersionNumber>
          <UPSZone xsi:nil="true"></UPSZone>
          <UTCOffset xsi:nil="true"></UTCOffset>
          <UTCConversionTimeZoneCode xsi:nil="true"></UTCConversionTimeZoneCode>
        </Address>
      </Addresses>
    </Publisher>
    <RootComponents>
      <RootComponent type="1" schemaName="contact" behavior="0" />
      <RootComponent type="1" schemaName="processsession" behavior="0" />
      <RootComponent type="1" schemaName="syncerror" behavior="0" />
      <RootComponent type="1" schemaName="systemuser" behavior="0" />
      <RootComponent type="1" schemaName="wg_carparkingspace" behavior="0" />
      <RootComponent type="1" schemaName="wg_event" behavior="0" />
      <RootComponent type="1" schemaName="wg_facility" behavior="0" />
      <RootComponent type="1" schemaName="wg_isequipped" behavior="0" />
      <RootComponent type="1" schemaName="wg_languagetranslations" behavior="0" />
      <RootComponent type="1" schemaName="wg_meetingroom" behavior="0" />
      <RootComponent type="1" schemaName="wg_notification" behavior="0" />
      <RootComponent type="1" schemaName="wg_parkingbooking" behavior="0" />
      <RootComponent type="1" schemaName="wg_porterjob" behavior="0" />
      <RootComponent type="1" schemaName="wg_roombooking" behavior="0" />
      <RootComponent type="1" schemaName="wg_roomlayout" behavior="0" />
      <RootComponent type="1" schemaName="wg_spacesize" behavior="0" />
      <RootComponent type="9" schemaName="crf1d_preferredlanguage" behavior="0" />
      <RootComponent type="9" schemaName="wg_bookingstatus" behavior="0" />
      <RootComponent type="9" schemaName="wg_porterstatus" behavior="0" />
      <RootComponent type="29" id="{09eced9f-ca46-ec11-8c62-000d3a0cc7c2}" behavior="0" />
      <RootComponent type="29" id="{1d7d2d61-8748-ec11-8c62-000d3a0ccfb2}" behavior="0" />
      <RootComponent type="29" id="{b72a0c23-8f48-ec11-8c62-000d3a0ccfb2}" behavior="0" />
      <RootComponent type="29" id="{c1a51269-8f48-ec11-8c62-000d3a0ccfb2}" behavior="0" />
      <RootComponent type="29" id="{dbcaea6b-2a49-ec11-8c62-000d3a0ccfb2}" behavior="0" />
      <RootComponent type="29" id="{fc8c0d31-bcb5-ec11-983f-00224800a5c7}" behavior="0" />
    </RootComponents>
    <MissingDependencies>
      <MissingDependency>
        <Required type="1" schemaName="appusersetting" displayName="Model-Driven App User Setting" solution="AppModule (9.1.22034.220322001)" />
        <Dependent type="1" schemaName="systemuser" displayName="User" />
      </MissingDependency>
      <MissingDependency>
        <Required type="1" schemaName="bot" displayName="Chatbot" solution="PowerVirtualAgents (2.0.0.142)">
          <package>msdynce_CustomerCareIntelligenceBots_Anchor (2.0.0.142)</package>
        </Required>
        <Dependent type="1" schemaName="systemuser" displayName="User" />
      </MissingDependency>
      <MissingDependency>
        <Required type="1" schemaName="usermobileofflineprofilemembership" displayName="UserMobileOfflineProfileMembership" solution="MobileOfflineMembership (1.0.0.2)" />
        <Dependent type="1" schemaName="systemuser" displayName="User" />
      </MissingDependency>
      <MissingDependency>
        <Required type="66" schemaName="MscrmControls.FieldControls.ToggleControl" displayName="MscrmControls.FieldControls.ToggleControl" solution="BaseCustomControlsCore (9.0.2204.4006)" />
        <Dependent type="60" displayName="Information" parentDisplayName="Parking Booking" id="{62c0acfa-13ef-44d4-938c-84a74449aa96}" />
      </MissingDependency>
      <MissingDependency>
        <Required type="66" schemaName="MscrmControls.FieldControls.ToggleControl" displayName="MscrmControls.FieldControls.ToggleControl" solution="BaseCustomControlsCore (9.0.2204.4006)" />
        <Dependent type="60" displayName="Information" parentDisplayName="Car Parking Space" id="{ebfc3cb1-729a-4dea-8b7b-f38aab3bad13}" />
      </MissingDependency>
    </MissingDependencies>
  </SolutionManifest>
</ImportExportXml>