<ImportExportXml xmlns:xsi="http://www.w3.org/2001/XMLSchema-instance">
  <Entities></Entities>
  <Roles>
    <Role id="{84a545f9-9e22-ec11-b6e6-0022481a70f1}" name="RBS_Admin" isinherited="0">
      <IsCustomizable>1</IsCustomizable>
      <RolePrivileges>
        <RolePrivilege name="prvActivateSynchronousWorkflow" level="Basic" />
        <RolePrivilege name="prvAppendNewProcess" level="Global" />
        <RolePrivilege name="prvAppendToAsyncOperation" level="Basic" />
        <RolePrivilege name="prvAppendToNewProcess" level="Global" />
        <RolePrivilege name="prvAppendToTranslationProcess" level="Global" />
        <RolePrivilege name="prvAppendTowg_CarParkingSpace" level="Global" />
        <RolePrivilege name="prvAppendTowg_Facility" level="Global" />
        <RolePrivilege name="prvAppendTowg_IsEquipped" level="Global" />
        <RolePrivilege name="prvAppendTowg_languagetranslations" level="Global" />
        <RolePrivilege name="prvAppendTowg_MeetingRoom" level="Global" />
        <RolePrivilege name="prvAppendTowg_ParkingBooking" level="Global" />
        <RolePrivilege name="prvAppendTowg_RoomBooking" level="Global" />
        <RolePrivilege name="prvAppendTowg_RoomLayout" level="Global" />
        <RolePrivilege name="prvAppendToWorkflow" level="Global" />
        <RolePrivilege name="prvAppendToWorkflowSession" level="Basic" />
        <RolePrivilege name="prvAppendTranslationProcess" level="Global" />
        <RolePrivilege name="prvAppendwg_CarParkingSpace" level="Global" />
        <RolePrivilege name="prvAppendwg_Facility" level="Global" />
        <RolePrivilege name="prvAppendwg_IsEquipped" level="Global" />
        <RolePrivilege name="prvAppendwg_languagetranslations" level="Global" />
        <RolePrivilege name="prvAppendwg_MeetingRoom" level="Global" />
        <RolePrivilege name="prvAppendwg_ParkingBooking" level="Global" />
        <RolePrivilege name="prvAppendwg_RoomBooking" level="Global" />
        <RolePrivilege name="prvAppendwg_RoomLayout" level="Global" />
        <RolePrivilege name="prvAppendWorkflow" level="Basic" />
        <RolePrivilege name="prvAppendWorkflowSession" level="Basic" />
        <RolePrivilege name="prvAssignAsyncOperation" level="Basic" />
        <RolePrivilege name="prvAssignUserQuery" level="Basic" />
        <RolePrivilege name="prvAssignwg_CarParkingSpace" level="Global" />
        <RolePrivilege name="prvAssignwg_Facility" level="Global" />
        <RolePrivilege name="prvAssignwg_IsEquipped" level="Global" />
        <RolePrivilege name="prvAssignwg_languagetranslations" level="Global" />
        <RolePrivilege name="prvAssignwg_MeetingRoom" level="Global" />
        <RolePrivilege name="prvAssignwg_ParkingBooking" level="Global" />
        <RolePrivilege name="prvAssignwg_RoomBooking" level="Global" />
        <RolePrivilege name="prvAssignwg_RoomLayout" level="Global" />
        <RolePrivilege name="prvAssignWorkflow" level="Basic" />
        <RolePrivilege name="prvAssignWorkflowSession" level="Basic" />
        <RolePrivilege name="prvBulkEdit" level="Global" />
        <RolePrivilege name="prvCreateNewProcess" level="Global" />
        <RolePrivilege name="prvCreateSharePointData" level="Global" />
        <RolePrivilege name="prvCreateTranslationProcess" level="Global" />
        <RolePrivilege name="prvCreateUserApplicationMetadata" level="Basic" />
        <RolePrivilege name="prvCreateUserEntityUISettings" level="Basic" />
        <RolePrivilege name="prvCreateUserQuery" level="Basic" />
        <RolePrivilege name="prvCreatewg_CarParkingSpace" level="Global" />
        <RolePrivilege name="prvCreatewg_Facility" level="Global" />
        <RolePrivilege name="prvCreatewg_IsEquipped" level="Global" />
        <RolePrivilege name="prvCreatewg_languagetranslations" level="Global" />
        <RolePrivilege name="prvCreatewg_MeetingRoom" level="Global" />
        <RolePrivilege name="prvCreatewg_ParkingBooking" level="Global" />
        <RolePrivilege name="prvCreatewg_RoomBooking" level="Global" />
        <RolePrivilege name="prvCreatewg_RoomLayout" level="Global" />
        <RolePrivilege name="prvCreateWorkflow" level="Basic" />
        <RolePrivilege name="prvCreateWorkflowSession" level="Basic" />
        <RolePrivilege name="prvDeleteNewProcess" level="Global" />
        <RolePrivilege name="prvDeleteTranslationProcess" level="Global" />
        <RolePrivilege name="prvDeleteUserApplicationMetadata" level="Basic" />
        <RolePrivilege name="prvDeleteUserEntityUISettings" level="Basic" />
        <RolePrivilege name="prvDeletewg_CarParkingSpace" level="Global" />
        <RolePrivilege name="prvDeletewg_Facility" level="Global" />
        <RolePrivilege name="prvDeletewg_IsEquipped" level="Global" />
        <RolePrivilege name="prvDeletewg_languagetranslations" level="Global" />
        <RolePrivilege name="prvDeletewg_MeetingRoom" level="Global" />
        <RolePrivilege name="prvDeletewg_ParkingBooking" level="Global" />
        <RolePrivilege name="prvDeletewg_RoomBooking" level="Global" />
        <RolePrivilege name="prvDeletewg_RoomLayout" level="Global" />
        <RolePrivilege name="prvDeleteWorkflow" level="Basic" />
        <RolePrivilege name="prvDeleteWorkflowSession" level="Basic" />
        <RolePrivilege name="prvExportToExcel" level="Global" />
        <RolePrivilege name="prvFlow" level="Global" />
        <RolePrivilege name="prvReadAppConfigMaster" level="Global" />
        <RolePrivilege name="prvReadAppModule" level="Global" />
        <RolePrivilege name="prvReadAsyncOperation" level="Basic" />
        <RolePrivilege name="prvReadAttribute" level="Global" />
        <RolePrivilege name="prvReadAttributeMap" level="Global" />
        <RolePrivilege name="prvReadBusinessUnit" level="Global" />
        <RolePrivilege name="prvReadComplexControl" level="Global" />
        <RolePrivilege name="prvReadCustomization" level="Global" />
        <RolePrivilege name="prvReadEntity" level="Global" />
        <RolePrivilege name="prvReadEntityKey" level="Global" />
        <RolePrivilege name="prvReadEntityMap" level="Global" />
        <RolePrivilege name="prvReadHierarchyRule" level="Global" />
        <RolePrivilege name="prvReadNewProcess" level="Global" />
        <RolePrivilege name="prvReadOptionSet" level="Global" />
        <RolePrivilege name="prvReadOrganization" level="Global" />
        <RolePrivilege name="prvReadPluginAssembly" level="Global" />
        <RolePrivilege name="prvReadPluginTraceLog" level="Global" />
        <RolePrivilege name="prvReadPluginType" level="Global" />
        <RolePrivilege name="prvReadQuery" level="Global" />
        <RolePrivilege name="prvReadRelationship" level="Global" />
        <RolePrivilege name="prvReadReport" level="Basic" />
        <RolePrivilege name="prvReadRole" level="Global" />
        <RolePrivilege name="prvReadSavedQueryVisualizations" level="Global" />
        <RolePrivilege name="prvReadSdkMessage" level="Global" />
        <RolePrivilege name="prvReadSdkMessageProcessingStep" level="Global" />
        <RolePrivilege name="prvReadSdkMessageProcessingStepImage" level="Global" />
        <RolePrivilege name="prvReadSharePointData" level="Global" />
        <RolePrivilege name="prvReadSharePointDocument" level="Global" />
        <RolePrivilege name="prvReadSystemApplicationMetadata" level="Global" />
        <RolePrivilege name="prvReadSystemForm" level="Global" />
        <RolePrivilege name="prvReadTeam" level="Global" />
        <RolePrivilege name="prvReadTraceLog" level="Global" />
        <RolePrivilege name="prvReadTransactionCurrency" level="Global" />
        <RolePrivilege name="prvReadTranslationProcess" level="Global" />
        <RolePrivilege name="prvReadUser" level="Global" />
        <RolePrivilege name="prvReadUserApplicationMetadata" level="Basic" />
        <RolePrivilege name="prvReadUserEntityUISettings" level="Basic" />
        <RolePrivilege name="prvReadUserQuery" level="Basic" />
        <RolePrivilege name="prvReadUserSettings" level="Global" />
        <RolePrivilege name="prvReadWebResource" level="Global" />
        <RolePrivilege name="prvReadwg_CarParkingSpace" level="Global" />
        <RolePrivilege name="prvReadwg_Facility" level="Global" />
        <RolePrivilege name="prvReadwg_IsEquipped" level="Global" />
        <RolePrivilege name="prvReadwg_languagetranslations" level="Global" />
        <RolePrivilege name="prvReadwg_MeetingRoom" level="Global" />
        <RolePrivilege name="prvReadwg_ParkingBooking" level="Global" />
        <RolePrivilege name="prvReadwg_RoomBooking" level="Global" />
        <RolePrivilege name="prvReadwg_RoomLayout" level="Global" />
        <RolePrivilege name="prvReadWorkflow" level="Global" />
        <RolePrivilege name="prvReadWorkflowSession" level="Global" />
        <RolePrivilege name="prvShareUserEntityUISettings" level="Basic" />
        <RolePrivilege name="prvShareUserQuery" level="Basic" />
        <RolePrivilege name="prvShareWorkflow" level="Basic" />
        <RolePrivilege name="prvShareWorkflowSession" level="Basic" />
        <RolePrivilege name="prvWorkflowExecution" level="Global" />
        <RolePrivilege name="prvWriteAsyncOperation" level="Basic" />
        <RolePrivilege name="prvWriteNewProcess" level="Global" />
        <RolePrivilege name="prvWriteSharePointData" level="Global" />
        <RolePrivilege name="prvWriteTranslationProcess" level="Global" />
        <RolePrivilege name="prvWriteUserApplicationMetadata" level="Basic" />
        <RolePrivilege name="prvWriteUserEntityUISettings" level="Basic" />
        <RolePrivilege name="prvWriteUserQuery" level="Basic" />
        <RolePrivilege name="prvWritewg_CarParkingSpace" level="Global" />
        <RolePrivilege name="prvWritewg_Facility" level="Global" />
        <RolePrivilege name="prvWritewg_IsEquipped" level="Global" />
        <RolePrivilege name="prvWritewg_languagetranslations" level="Global" />
        <RolePrivilege name="prvWritewg_MeetingRoom" level="Global" />
        <RolePrivilege name="prvWritewg_ParkingBooking" level="Global" />
        <RolePrivilege name="prvWritewg_RoomBooking" level="Global" />
        <RolePrivilege name="prvWritewg_RoomLayout" level="Global" />
        <RolePrivilege name="prvWriteWorkflow" level="Basic" />
        <RolePrivilege name="prvWriteWorkflowSession" level="Basic" />
      </RolePrivileges>
    </Role>
    <Role id="{add87bdb-9922-ec11-b6e6-0022481a70f1}" name="RBS_User" isinherited="0">
      <IsCustomizable>1</IsCustomizable>
      <RolePrivileges>
        <RolePrivilege name="prvActivateSynchronousWorkflow" level="Basic" />
        <RolePrivilege name="prvAppendNewProcess" level="Global" />
        <RolePrivilege name="prvAppendToAsyncOperation" level="Basic" />
        <RolePrivilege name="prvAppendToContact" level="Local" />
        <RolePrivilege name="prvAppendToNewProcess" level="Global" />
        <RolePrivilege name="prvAppendToTranslationProcess" level="Global" />
        <RolePrivilege name="prvAppendToUser" level="Local" />
        <RolePrivilege name="prvAppendTowg_MeetingRoom" level="Local" />
        <RolePrivilege name="prvAppendTowg_ParkingBooking" level="Local" />
        <RolePrivilege name="prvAppendTowg_RoomBooking" level="Local" />
        <RolePrivilege name="prvAppendTowg_RoomLayout" level="Local" />
        <RolePrivilege name="prvAppendToWorkflow" level="Global" />
        <RolePrivilege name="prvAppendToWorkflowSession" level="Basic" />
        <RolePrivilege name="prvAppendTranslationProcess" level="Global" />
        <RolePrivilege name="prvAppendUser" level="Local" />
        <RolePrivilege name="prvAppendwg_ParkingBooking" level="Local" />
        <RolePrivilege name="prvAppendwg_RoomBooking" level="Local" />
        <RolePrivilege name="prvAppendwg_RoomLayout" level="Local" />
        <RolePrivilege name="prvAppendWorkflow" level="Basic" />
        <RolePrivilege name="prvAppendWorkflowSession" level="Basic" />
        <RolePrivilege name="prvAssignAsyncOperation" level="Basic" />
        <RolePrivilege name="prvAssignWorkflow" level="Basic" />
        <RolePrivilege name="prvAssignWorkflowSession" level="Basic" />
        <RolePrivilege name="prvCreateContact" level="Local" />
        <RolePrivilege name="prvCreateNewProcess" level="Global" />
        <RolePrivilege name="prvCreateSharePointData" level="Global" />
        <RolePrivilege name="prvCreateTranslationProcess" level="Global" />
        <RolePrivilege name="prvCreateUser" level="Local" />
        <RolePrivilege name="prvCreateUserApplicationMetadata" level="Basic" />
        <RolePrivilege name="prvCreateUserEntityUISettings" level="Basic" />
        <RolePrivilege name="prvCreatewg_ParkingBooking" level="Local" />
        <RolePrivilege name="prvCreatewg_RoomBooking" level="Local" />
        <RolePrivilege name="prvCreatewg_RoomLayout" level="Local" />
        <RolePrivilege name="prvCreateWorkflow" level="Basic" />
        <RolePrivilege name="prvCreateWorkflowSession" level="Basic" />
        <RolePrivilege name="prvDeleteNewProcess" level="Global" />
        <RolePrivilege name="prvDeleteTranslationProcess" level="Global" />
        <RolePrivilege name="prvDeleteUserApplicationMetadata" level="Basic" />
        <RolePrivilege name="prvDeleteUserEntityUISettings" level="Basic" />
        <RolePrivilege name="prvDeleteWorkflow" level="Basic" />
        <RolePrivilege name="prvDeleteWorkflowSession" level="Basic" />
        <RolePrivilege name="prvFlow" level="Global" />
        <RolePrivilege name="prvReadAppConfigMaster" level="Global" />
        <RolePrivilege name="prvReadAppModule" level="Global" />
        <RolePrivilege name="prvReadappnotification" level="Local" />
        <RolePrivilege name="prvReadAsyncOperation" level="Basic" />
        <RolePrivilege name="prvReadAttribute" level="Global" />
        <RolePrivilege name="prvReadAttributeMap" level="Global" />
        <RolePrivilege name="prvReadBusinessUnit" level="Global" />
        <RolePrivilege name="prvReadComplexControl" level="Global" />
        <RolePrivilege name="prvReadContact" level="Local" />
        <RolePrivilege name="prvReadCustomization" level="Global" />
        <RolePrivilege name="prvReadEntity" level="Global" />
        <RolePrivilege name="prvReadEntityKey" level="Global" />
        <RolePrivilege name="prvReadEntityMap" level="Global" />
        <RolePrivilege name="prvReadHierarchyRule" level="Global" />
        <RolePrivilege name="prvReadNewProcess" level="Global" />
        <RolePrivilege name="prvReadOptionSet" level="Global" />
        <RolePrivilege name="prvReadOrganization" level="Global" />
        <RolePrivilege name="prvReadPluginAssembly" level="Global" />
        <RolePrivilege name="prvReadPluginTraceLog" level="Global" />
        <RolePrivilege name="prvReadPluginType" level="Global" />
        <RolePrivilege name="prvReadQuery" level="Global" />
        <RolePrivilege name="prvReadRelationship" level="Global" />
        <RolePrivilege name="prvReadReport" level="Basic" />
        <RolePrivilege name="prvReadRole" level="Global" />
        <RolePrivilege name="prvReadSavedQueryVisualizations" level="Global" />
        <RolePrivilege name="prvReadSdkMessage" level="Global" />
        <RolePrivilege name="prvReadSdkMessageProcessingStep" level="Global" />
        <RolePrivilege name="prvReadSdkMessageProcessingStepImage" level="Global" />
        <RolePrivilege name="prvReadSharePointData" level="Global" />
        <RolePrivilege name="prvReadSharePointDocument" level="Global" />
        <RolePrivilege name="prvReadSystemApplicationMetadata" level="Global" />
        <RolePrivilege name="prvReadSystemForm" level="Global" />
        <RolePrivilege name="prvReadTeam" level="Global" />
        <RolePrivilege name="prvReadTraceLog" level="Global" />
        <RolePrivilege name="prvReadTransactionCurrency" level="Global" />
        <RolePrivilege name="prvReadTranslationProcess" level="Global" />
        <RolePrivilege name="prvReadUser" level="Global" />
        <RolePrivilege name="prvReadUserApplicationMetadata" level="Basic" />
        <RolePrivilege name="prvReadUserEntityUISettings" level="Basic" />
        <RolePrivilege name="prvReadUserQuery" level="Basic" />
        <RolePrivilege name="prvReadUserSettings" level="Global" />
        <RolePrivilege name="prvReadWebResource" level="Global" />
        <RolePrivilege name="prvReadwg_CarParkingSpace" level="Local" />
        <RolePrivilege name="prvReadwg_Facility" level="Local" />
        <RolePrivilege name="prvReadwg_IsEquipped" level="Local" />
        <RolePrivilege name="prvReadwg_languagetranslations" level="Local" />
        <RolePrivilege name="prvReadwg_MeetingRoom" level="Local" />
        <RolePrivilege name="prvReadwg_Notification" level="Local" />
        <RolePrivilege name="prvReadwg_ParkingBooking" level="Local" />
        <RolePrivilege name="prvReadwg_RoomBooking" level="Local" />
        <RolePrivilege name="prvReadwg_RoomLayout" level="Local" />
        <RolePrivilege name="prvReadWorkflow" level="Global" />
        <RolePrivilege name="prvReadWorkflowSession" level="Global" />
        <RolePrivilege name="prvShareUserEntityUISettings" level="Basic" />
        <RolePrivilege name="prvShareWorkflow" level="Basic" />
        <RolePrivilege name="prvShareWorkflowSession" level="Basic" />
        <RolePrivilege name="prvWorkflowExecution" level="Global" />
        <RolePrivilege name="prvWriteAsyncOperation" level="Basic" />
        <RolePrivilege name="prvWriteContact" level="Local" />
        <RolePrivilege name="prvWriteNewProcess" level="Global" />
        <RolePrivilege name="prvWriteSharePointData" level="Global" />
        <RolePrivilege name="prvWriteTranslationProcess" level="Global" />
        <RolePrivilege name="prvWriteUser" level="Local" />
        <RolePrivilege name="prvWriteUserApplicationMetadata" level="Basic" />
        <RolePrivilege name="prvWriteUserEntityUISettings" level="Basic" />
        <RolePrivilege name="prvWritewg_ParkingBooking" level="Local" />
        <RolePrivilege name="prvWritewg_RoomBooking" level="Local" />
        <RolePrivilege name="prvWritewg_RoomLayout" level="Local" />
        <RolePrivilege name="prvWriteWorkflow" level="Basic" />
        <RolePrivilege name="prvWriteWorkflowSession" level="Basic" />
      </RolePrivileges>
    </Role>
  </Roles>
  <Workflows></Workflows>
  <FieldSecurityProfiles></FieldSecurityProfiles>
  <Templates />
  <EntityMaps />
  <EntityRelationships />
  <OrganizationSettings />
  <optionsets />
  <CustomControls />
  <EntityDataProviders />
  <CanvasApps>
    <CanvasApp>
      <Name>tisski_roombookingapp_19e3c</Name>
      <AppVersion>2022-04-05T10:15:41Z</AppVersion>
      <Status>Ready</Status>
      <CreatedByClientVersion>3.22022.23.0</CreatedByClientVersion>
      <MinClientVersion>3.22022.23.0</MinClientVersion>
      <Tags>{"primaryDeviceWidth":"1366","primaryDeviceHeight":"768","sienaVersion":"e2b897d5-8df8-4de6-a8c2-056e3d689f08","deviceCapabilities":"","supportsPortrait":"false","supportsLandscape":"true","primaryFormFactor":"Tablet","publisherVersion":"3.22022.23","minimumRequiredApiVersion":"2.2.0","hasComponent":"true","hasUnlockedComponent":"true","isUnifiedRootApp":"false"}</Tags>
      <IsCdsUpgraded>0</IsCdsUpgraded>
      <GalleryItemId xsi:nil="true"></GalleryItemId>
      <BackgroundColor>rgba(153, 153, 153, 1)</BackgroundColor>
      <DisplayName>ApTrefnu - MyBookings</DisplayName>
      <Description xsi:nil="true"></Description>
      <CommitMessage xsi:nil="true"></CommitMessage>
      <Publisher></Publisher>
      <AuthorizationReferences>[]</AuthorizationReferences>
      <ConnectionReferences>{"df4cced2-8875-42f6-9268-955f23e7d1a9":{"id":"/providers/microsoft.powerapps/apis/shared_office365","displayName":"Office 365 Outlook","iconUri":"https://connectoricons-prod.azureedge.net/releases/v1.0.1566/1.0.1566.2741/office365/icon.png","dataSources":["Office365Outlook"],"dependencies":[],"dependents":[],"parameterHints":{},"parameterHintsV2":{},"isOnPremiseConnection":false,"bypassConsent":false,"dataSets":{},"apiTier":"Standard","actions":["GetEventsCalendarViewV2"]},"74e2cc23-dcdb-40e8-8ec8-aa25d2256a9d":{"id":"/providers/microsoft.powerapps/apis/shared_logicflows","displayName":"Logic flows","iconUri":"https://connectoricons-prod.azureedge.net/releases/v1.0.1534/1.0.1534.2605/logicflows/icon.png","dataSources":["GetRoomBookingsByBuilding"],"dependencies":["7e513053-4379-45bb-8490-a0e6412f7d15"],"dependents":[],"parameterHints":{"workflowName":{"value":"08ac25bc-d6cd-4235-8ac8-83408870d0f7"},"workflowEntityId":{"value":"cbebd6fe-de84-ec11-8d21-002248003eae"},"7e513053-4379-45bb-8490-a0e6412f7d15":{"value":"shared_commondataserviceforapps"}},"parameterHintsV2":{"workflowName":{"value":"08ac25bc-d6cd-4235-8ac8-83408870d0f7"},"workflowEntityId":{"value":"cbebd6fe-de84-ec11-8d21-002248003eae"},"shared_commondataserviceforapps":{"value":"7e513053-4379-45bb-8490-a0e6412f7d15"}},"isOnPremiseConnection":false,"bypassConsent":false,"dataSets":{},"apiTier":"Standard"},"7e513053-4379-45bb-8490-a0e6412f7d15":{"id":"/providers/microsoft.powerapps/apis/shared_commondataserviceforapps","displayName":"Microsoft Dataverse","iconUri":"https://connectoricons-prod.azureedge.net/releases/v1.0.1566/1.0.1566.2741/commondataserviceforapps/icon.png","dataSources":[],"dependencies":[],"dependents":["74e2cc23-dcdb-40e8-8ec8-aa25d2256a9d"],"parameterHints":{},"parameterHintsV2":{},"isOnPremiseConnection":false,"bypassConsent":false,"dataSets":{},"apiTier":"Premium"}}</ConnectionReferences>
      <DatabaseReferences>{"default.cds":{"databaseDetails":{"referenceType":"Environmental","environmentName":"default.cds","overrideValues":{"status":"NotSpecified"}},"dataSources":{"Meeting Rooms":{"entitySetName":"wg_meetingrooms","logicalName":"wg_meetingroom"},"Facilities":{"entitySetName":"wg_facilities","logicalName":"wg_facility"},"Is Equipped":{"entitySetName":"wg_isequippeds","logicalName":"wg_isequipped"},"Car Parking Spaces":{"entitySetName":"wg_carparkingspaces","logicalName":"wg_carparkingspace"},"Space Sizes":{"entitySetName":"wg_spacesizes","logicalName":"wg_spacesize"},"Room Bookings":{"entitySetName":"wg_roombookings","logicalName":"wg_roombooking"},"Users":{"entitySetName":"systemusers","logicalName":"systemuser"},"Parking Bookings":{"entitySetName":"wg_parkingbookings","logicalName":"wg_parkingbooking"},"Contacts":{"entitySetName":"contacts","logicalName":"contact"},"Duplicate Records":{"entitySetName":"duplicaterecords","logicalName":"duplicaterecord"},"Language Translations":{"entitySetName":"wg_languagetranslationses","logicalName":"wg_languagetranslations"},"Bulk Delete Failures":{"entitySetName":"bulkdeletefailures","logicalName":"bulkdeletefailure"},"Notifications":{"entitySetName":"wg_notifications","logicalName":"wg_notification"},"Room Layouts":{"entitySetName":"wg_roomlayouts","logicalName":"wg_roomlayout"}}}}</DatabaseReferences>
      <AppComponents>[]</AppComponents>
      <AppComponentDependencies>[]</AppComponentDependencies>
      <CanvasAppType>0</CanvasAppType>
      <BypassConsent>0</BypassConsent>
      <AdminControlBypassConsent>0</AdminControlBypassConsent>
      <EmbeddedApp xsi:nil="true"></EmbeddedApp>
      <IntroducedVersion>1.0</IntroducedVersion>
      <CdsDependencies>{"cdsdependencies":[{"logicalname":"wg_meetingroom","componenttype":1},{"logicalname":"wg_facility","componenttype":1},{"logicalname":"wg_isequipped","componenttype":1},{"logicalname":"wg_carparkingspace","componenttype":1},{"logicalname":"wg_spacesize","componenttype":1},{"logicalname":"wg_roombooking","componenttype":1},{"logicalname":"systemuser","componenttype":1},{"logicalname":"wg_parkingbooking","componenttype":1},{"logicalname":"contact","componenttype":1},{"logicalname":"duplicaterecord","componenttype":1},{"logicalname":"wg_languagetranslations","componenttype":1},{"logicalname":"bulkdeletefailure","componenttype":1},{"logicalname":"wg_notification","componenttype":1},{"logicalname":"wg_roomlayout","componenttype":1}]}</CdsDependencies>
      <IsCustomizable>1</IsCustomizable>
      <BackgroundImageUri>/CanvasApps/tisski_roombookingapp_19e3c_BackgroundImageUri</BackgroundImageUri>
      <DocumentUri>/CanvasApps/tisski_roombookingapp_19e3c_DocumentUri.msapp</DocumentUri>
    </CanvasApp>
  </CanvasApps>
  <Languages>
    <Language>1033</Language>
  </Languages>
</ImportExportXml>