{
  "properties": {
    "connectionReferences": {
      "shared_commondataserviceforapps": {
        "runtimeSource": "embedded",
        "connection": {
          "connectionReferenceLogicalName": "wg_sharedcommondataserviceforapps_0624c"
        },
        "api": {
          "name": "shared_commondataserviceforapps"
        }
      }
    },
    "definition": {
      "$schema": "https://schema.management.azure.com/providers/Microsoft.Logic/schemas/2016-06-01/workflowdefinition.json#",
      "contentVersion": "1.0.0.0",
      "parameters": {
        "$connections": {
          "defaultValue": {},
          "type": "Object"
        },
        "$authentication": {
          "defaultValue": {},
          "type": "SecureObject"
        }
      },
      "triggers": {
        "When_a_row_is_added,_modified_or_deleted": {
          "metadata": {
            "operationMetadataId": "4ebf5c12-32c0-49cf-9bdb-2275c1dc31fd"
          },
          "type": "OpenApiConnectionWebhook",
          "inputs": {
            "host": {
              "connectionName": "shared_commondataserviceforapps",
              "operationId": "SubscribeWebhookTrigger",
              "apiId": "/providers/Microsoft.PowerApps/apis/shared_commondataserviceforapps"
            },
            "parameters": {
              "subscriptionRequest/message": 7,
              "subscriptionRequest/entityname": "wg_roombooking",
              "subscriptionRequest/scope": 4,
              "subscriptionRequest/runas": 1
            },
            "authentication": "@parameters('$authentication')"
          }
        }
      },
      "actions": {
        "List_rows_-_Get_all_future_Porter_Job_rows": {
          "runAfter": {
            "Initialize_variable_-_PreviousRoomBooking": [
              "Succeeded"
            ]
          },
          "metadata": {
            "operationMetadataId": "6bd171e4-b7a4-4d08-8fef-3502413e3b18"
          },
          "type": "OpenApiConnection",
          "inputs": {
            "host": {
              "connectionName": "shared_commondataserviceforapps",
              "operationId": "ListRecords",
              "apiId": "/providers/Microsoft.PowerApps/apis/shared_commondataserviceforapps"
            },
            "parameters": {
              "entityName": "wg_porterjobs",
              "$filter": "wg_datetobecompleted gt @{addDays(triggerOutputs()?['body/wg_starttime'], -1)} and wg_datetobecompleted lt @{addDays(triggerOutputs()?['body/wg_starttime'], 1)}"
            },
            "authentication": "@parameters('$authentication')"
          }
        },
        "Apply_to_each_-_Delete_every_row": {
          "foreach": "@outputs('List_rows_-_Get_all_future_Porter_Job_rows')?['body/value']",
          "actions": {
            "Delete_a_row": {
              "runAfter": {},
              "metadata": {
                "operationMetadataId": "15946bf1-fe84-4bca-ab82-11bfc53ce45b"
              },
              "type": "OpenApiConnection",
              "inputs": {
                "host": {
                  "connectionName": "shared_commondataserviceforapps",
                  "operationId": "DeleteRecord",
                  "apiId": "/providers/Microsoft.PowerApps/apis/shared_commondataserviceforapps"
                },
                "parameters": {
                  "entityName": "wg_porterjobs",
                  "recordId": "@items('Apply_to_each_-_Delete_every_row')?['wg_porterjobid']"
                },
                "authentication": "@parameters('$authentication')"
              }
            }
          },
          "runAfter": {
            "List_rows_-_Get_all_future_Porter_Job_rows": [
              "Succeeded"
            ]
          },
          "metadata": {
            "operationMetadataId": "6ea73594-ac39-4cf4-a6ff-22b16134697f"
          },
          "type": "Foreach"
        },
        "Scope_-_Come_back_to_single_scope": {
          "actions": {
            "List_rows_-_Get_all_Room_Bookings": {
              "runAfter": {},
              "metadata": {
                "operationMetadataId": "97f37cc0-c638-4775-b536-10fc7adb2bd8"
              },
              "type": "OpenApiConnection",
              "inputs": {
                "host": {
                  "connectionName": "shared_commondataserviceforapps",
                  "operationId": "ListRecords",
                  "apiId": "/providers/Microsoft.PowerApps/apis/shared_commondataserviceforapps"
                },
                "parameters": {
                  "entityName": "wg_roombookings",
                  "$filter": "wg_Layout ne null and wg_starttime gt @{addDays(triggerOutputs()?['body/wg_starttime'], -1)} and wg_starttime lt @{addDays(triggerOutputs()?['body/wg_starttime'], 1)}",
                  "fetchXml": "<fetch top=\"999\">\n  <entity name=\"wg_roombooking\">\n    <all-attributes />\n    <link-entity name=\"wg_meetingroom\" from=\"wg_meetingroomid\" to=\"wg_room\" link-type=\"inner\" alias=\"meetingroom\">\n      <all-attributes />\n      <link-entity name=\"wg_facility\" from=\"wg_facilityid\" to=\"wg_facility\" alias=\"facility\">\n        <all-attributes />\n      </link-entity>\n    </link-entity>\n    <link-entity name=\"systemuser\" from=\"systemuserid\" to=\"createdby\" alias=\"bookedby\">\n      <attribute name=\"internalemailaddress\" />\n      <attribute name=\"lastname\" />\n      <attribute name=\"nickname\" />\n      <attribute name=\"firstname\" />\n      <attribute name=\"address1_telephone1\" />\n      <attribute name=\"personalemailaddress\" />\n      <attribute name=\"fullname\" />\n    </link-entity>\n  </entity>\n</fetch>"
                },
                "authentication": "@parameters('$authentication')"
              }
            },
            "Apply_to_each_-_Loop_through_Room_Bookings_and_Create_Porter_Jobs": {
              "foreach": "@outputs('List_rows_-_Get_all_Room_Bookings')?['body/value']",
              "actions": {
                "Set_variable": {
                  "runAfter": {
                    "Condition": [
                      "Succeeded"
                    ]
                  },
                  "metadata": {
                    "operationMetadataId": "ceb33ab6-5721-440d-828f-9e8322d82d36"
                  },
                  "type": "SetVariable",
                  "inputs": {
                    "name": "PreviousRoomBooking",
                    "value": "@items('Apply_to_each_-_Loop_through_Room_Bookings_and_Create_Porter_Jobs')"
                  }
                },
                "Condition": {
                  "actions": {
                    "Add_a_new_row_2": {
                      "runAfter": {},
                      "metadata": {
                        "operationMetadataId": "b21d1a20-d0f9-49de-8f48-dbd259eab9f2"
                      },
                      "type": "OpenApiConnection",
                      "inputs": {
                        "host": {
                          "connectionName": "shared_commondataserviceforapps",
                          "operationId": "CreateRecord",
                          "apiId": "/providers/Microsoft.PowerApps/apis/shared_commondataserviceforapps"
                        },
                        "parameters": {
                          "entityName": "wg_porterjobs",
                          "item/wg_bookerdetails": "@{item()?['bookedby.fullname']} - Email(@{item()?['bookedby.internalemailaddress']}) - Tel:(@{item()?['bookedby.address1_telephone1']})",
                          "item/wg_bookingnotes": "@items('Apply_to_each_-_Loop_through_Room_Bookings_and_Create_Porter_Jobs')?['wg_comments']",
                          "item/wg_ChangeRoomLayoutTo@odata.bind": "/wg_roomlayouts(@{items('Apply_to_each_-_Loop_through_Room_Bookings_and_Create_Porter_Jobs')?['_wg_layout_value']})",
                          "item/wg_datetobecompleted": "@addMinutes(item()?['wg_starttime'], -30)",
                          "item/wg_job": "Set up @{items('Apply_to_each_-_Loop_through_Room_Bookings_and_Create_Porter_Jobs')?['meetingroom.wg_roomname']}",
                          "item/overriddencreatedon": "@utcNow()",
                          "item/wg_Room@odata.bind": "/wg_meetingrooms(@{items('Apply_to_each_-_Loop_through_Room_Bookings_and_Create_Porter_Jobs')?['_wg_room_value']})",
                          "item/wg_Site@odata.bind": "/wg_meetingrooms(@{items('Apply_to_each_-_Loop_through_Room_Bookings_and_Create_Porter_Jobs')?['facility.wg_facilityid']})",
                          "item/statuscode": 1
                        },
                        "authentication": "@parameters('$authentication')"
                      }
                    }
                  },
                  "runAfter": {},
                  "expression": {
                    "or": [
                      {
                        "equals": [
                          "@variables('PreviousRoomBooking')",
                          "@null"
                        ]
                      },
                      {
                        "and": [
                          {
                            "equals": [
                              "@variables('PreviousRoomBooking')?['wg_room']",
                              "@item()?['wg_room']"
                            ]
                          },
                          {
                            "not": {
                              "equals": [
                                "@variables('PreviousRoomBooking')?['_wg_layout_value']",
                                "@item()?['_wg_layout_value']"
                              ]
                            }
                          },
                          {
                            "greaterOrEquals": [
                              "@item()?['wg_starttime']",
                              "@triggerOutputs()?['body/wg_starttime']"
                            ]
                          }
                        ]
                      }
                    ]
                  },
                  "metadata": {
                    "operationMetadataId": "93849988-bd8a-4697-beec-2d72dc0fcbda"
                  },
                  "type": "If"
                }
              },
              "runAfter": {
                "List_rows_-_Get_all_Room_Bookings": [
                  "Succeeded"
                ]
              },
              "metadata": {
                "operationMetadataId": "e9523433-6cbe-4967-aa28-d663861ff9bc"
              },
              "type": "Foreach",
              "runtimeConfiguration": {
                "concurrency": {
                  "repetitions": 1
                }
              }
            }
          },
          "runAfter": {
            "Apply_to_each_-_Delete_every_row": [
              "Succeeded"
            ]
          },
          "metadata": {
            "operationMetadataId": "daabbe36-f4c0-4c23-b6f0-4a1a4f3b9d51"
          },
          "type": "Scope"
        },
        "Initialize_variable_-_PreviousRoomBooking": {
          "runAfter": {},
          "metadata": {
            "operationMetadataId": "c9fde87e-2141-4bd8-92ba-a78cc574567f"
          },
          "type": "InitializeVariable",
          "inputs": {
            "variables": [
              {
                "name": "PreviousRoomBooking",
                "type": "object"
              }
            ]
          }
        }
      }
    }
  },
  "schemaVersion": "1.0.0.0"
}